"pais";"destino";"actividad";"url_actividad";"operador";"email";"telefono";"direccion";"descripcion";"precio_real";"opiniones";"viajeros";"rating";"moneda";"fecha_scan"
"Australia";"Sídney";"Montañas Azules y Scenic World + Sydney Zoo";"https://www.civitatis.com/es/sidney/excursion-montanas-azules-scenic-world/";"Wine Hop And Coastal Tours Pty Ltd";"matt@winehoptours.com.au";"0417076885";"Wine Hop And Coastal Tours PTY LTD | Dinckinson Grove, Mount Martha, Mount Martha, Australia";"";"141613.59";"97";"925";"8.3";"CLP";"2026-02-24"
"Australia";"Sídney";"Free tour por Sídney";"https://www.civitatis.com/es/sidney/free-tour-sidney/";"Exploreando";"alexxguillemet@gmail.com";"0402471845";"ALEJANDRO GUILLEMET RODRIGUEZ | U 26 7 Greenknowe Avenue, Sídney, Australia";"";"0.0";"511";"9851";"9.6";"CLP";"2026-02-24"
"Australia";"Sídney";"Free tour por Sídney";"https://www.civitatis.com/es/sidney/free-tour-sidney/";"Bestfreetourssydney";"bestfreetourssydney@gmail.com";"0431878792";"VALIENTE DIES, FERNANDO | 4/31 Gladstone St, Kogarah, 2217, Sydney, NSW, Sídney, Australia";"";"0.0";"511";"9851";"9.6";"CLP";"2026-02-24"
"Australia";"Sídney";"Avistamiento de canguros y wombats en las Southern Highlands + Fitzroy Falls";"https://www.civitatis.com/es/sidney/avistamiento-canguros-wombats-fitzroy-falls/";"Perfect Day Sydney";"davefraser000@gmail.com";"0450703654";"Dampier Group pty ltd | 15/11 Harriette St, Neutral Bay, Australia";"";"161012.71";"35";"185";"9.7";"CLP";"2026-02-24"
"Australia";"Sídney";"Paseo en barco por la bahía de Sídney";"https://www.civitatis.com/es/sidney/paseo-barco-sidney/";"Sydney Princess Cruises";"info@sydneyprincesscruises.com.au";"0295187813";"Sydney Princess Cruises Pty Ltd | 37 Bank St Pyrmont, Sídney, Australia";"";"35565.05";"43";"528";"8.6";"CLP";"2026-02-24"
"Australia";"Sídney";"Traslados en Sídney";"https://www.civitatis.com/es/sidney/traslados/";"No especificado / Único";"N/A";"N/A";"N/A";"";"69508.2";"66";"1468";"7.6";"CLP";"2026-02-24"
"Australia";"Sídney";"Visita guiada por la Ópera de Sídney";"https://www.civitatis.com/es/sidney/visita-guiada-opera-sidney/";"Be My Guest";"natalie.ng@bemyguest.com.sg";"+65 3158 0490";"Bemyguest Pte Ltd | 80 Changi Road, #03-01, The Centropod , Singapur, Singapur";"";"32249.0";"16";"268";"7.5";"CLP";"2026-02-24"
"Australia";"Sídney";"Autobús turístico de Sídney";"https://www.civitatis.com/es/sidney/autobus-turistico-sidney/";"Big Bus Tours - Aud";"DanieleZ@bigbustours.com";"+61 2 9567 8400";"Big Bus Tours Ltd | 5th Floor, 110 Buckingham Palace Road, Londres, Reino Unido";"";"36211.69";"49";"846";"8.7";"CLP";"2026-02-24"
"Australia";"Sídney";"Entrada a la Torre de Sídney";"https://www.civitatis.com/es/sidney/entrada-torre-sidney/";"Ingresso Group Limited-Australia";"finance@ingresso.co.uk";"";"Ingresso Group Limited | 1 Butterwick, Hammersmith, Londres, Reino Unido";"";"25218.85";"19";"348";"8.4";"CLP";"2026-02-24"
"Australia";"Sídney";"Tour privado por Sídney";"https://www.civitatis.com/es/sidney/tour-privado-sidney/";"Real Sydney Tours";"bookings@realsydneytours.com.au";"61 402049426";"Real Sydney Tours group PTY LTD | P O BOX 2203 Roe Bay North NSW 2030, Sídney, Australia";"";"772085.06";"11";"484";"8.9";"CLP";"2026-02-24"
"Australia";"Sídney";"Tour por Sídney";"https://www.civitatis.com/es/sidney/visita-guiada-sidney/";"Aea Luxury Tours";"info@aealuxury.com.au";"+61299712402";"Australian Eco Adventures PTY LIMITED | 3 Paton Place , BALGOWLAH NSW 2093, Sídney, Australia";"";"98935.52";"23";"250";"8.1";"CLP";"2026-02-24"
"Australia";"Sídney";"Tour en bicicleta por Sídney";"https://www.civitatis.com/es/sidney/tour-bicicleta-sidney/";"Bonza Bike Tours";"service@bonzabiketours.com";"0292478800";"Bonza Bike Tours Pty Ltd | 30 Harrington Street, The Rocks, Sídney, Australia";"";"96348.97";"6";"58";"9.3";"CLP";"2026-02-24"
"Australia";"Sídney";"Tour nocturno en autobús descapotable por Sídney";"https://www.civitatis.com/es/sidney/tour-nocturno-autobus-descapotable/";"Big Bus Tours - Aud";"DanieleZ@bigbustours.com";"+61 2 9567 8400";"Big Bus Tours Ltd | 5th Floor, 110 Buckingham Palace Road, Londres, Reino Unido";"";"31685.23";"7";"27";"6.6";"CLP";"2026-02-24"
"Australia";"Sídney";"Paseo en barco con cena";"https://www.civitatis.com/es/sidney/paseo-barco-cena/";"Be My Guest";"natalie.ng@bemyguest.com.sg";"+65 3158 0490";"Bemyguest Pte Ltd | 80 Changi Road, #03-01, The Centropod , Singapur, Singapur";"";"81593.52";"15";"181";"8.4";"CLP";"2026-02-24"
"Australia";"Sídney";"Entrada al WILD LIFE Sídney";"https://www.civitatis.com/es/sidney/entrada-wild-life-sidney/";"Ingresso Group Limited-Australia";"finance@ingresso.co.uk";"";"Ingresso Group Limited | 1 Butterwick, Hammersmith, Londres, Reino Unido";"";"24830.87";"5";"93";"8.8";"CLP";"2026-02-24"
"Australia";"Sídney";"Excursión privada a las Montañas Azules";"https://www.civitatis.com/es/sidney/excursion-privada-montanas-azules/";"Ready Steady Tour";"fabrizio@readysteadytour.com";"0434136329";"FABRIZIO IAPPELLI | 14/131-135 Alfred Street, Sans Souci, Australia";"";"707033.34";"3";"87";"8.7";"CLP";"2026-02-24"
"Australia";"Sídney";"Entrada al Zoo Taronga";"https://www.civitatis.com/es/sidney/entrada-zoo-taronga/";"Be My Guest";"natalie.ng@bemyguest.com.sg";"+65 3158 0490";"Bemyguest Pte Ltd | 80 Changi Road, #03-01, The Centropod , Singapur, Singapur";"";"32487.24";"4";"214";"5.5";"CLP";"2026-02-24"
"Australia";"Sídney";"Excursión a las Montañas Azules";"https://www.civitatis.com/es/sidney/excursion-montanas-azules/";"Coast Warriors Pty Ltd";"trent@coastwarriors.com.au";"0425285563";"Coast Warriors Pty Ltd | 49A Emu Rd, Glenbrook, Australia";"";"77596.48";"1";"42";"8.0";"CLP";"2026-02-24"
"Australia";"Sídney";"Tour en kayak por Sídney";"https://www.civitatis.com/es/sidney/tour-kayak-bahia-sidney/";"Sydney Kayak Experience";"info@sydneykayakexperience.com.au";"0452633477";"MR PETER TURZA TA SYDNEY KAYAK EXPERIENC E | 82/143 kurraba rd, Sídney, Australia";"";"89882.59";"0";"15";"0.0";"CLP";"2026-02-24"
"Australia";"Sídney";"Excursión a Canberra";"https://www.civitatis.com/es/sidney/excursion-canberra/";"Vio Travel";"michael@vio.travel";"+66922472382";"Experience Asia Travel Ltd | 610 Nathan Road, Mongkok, Kowloon, Hong Kong, Kowloon, Hong Kong";"";"142821.06";"0";"45";"0.0";"CLP";"2026-02-24"
"Australia";"Sídney";"Sydney Unlimited Attractions Pass";"https://www.civitatis.com/es/sidney/sydney-unlimited-attractions-pass/";"Iventure Card Travel Limited Aud";"dkalavrytinos@iventurecard.com";"";"Smartvisit International Pty Ltd | Suite 1106-8, 11/F., Tai Yau Building, No. 181 Johnston Road, Wanchai, Hong Kong, Hong Kong, China";"";"128680.84";"1";"34";"8.0";"CLP";"2026-02-24"
"Australia";"Sídney";"Salto en paracaídas en Sídney";"https://www.civitatis.com/es/sidney/salto-paracaidas-sidney/";"Experience Co";"ar@skydive.com.au";"+61 2 9093 6570";"SKYDIVE AUSTRALIA COLLECTIONS PTY LTD | 1/17 Castlereagh St, Sydney, Sídney, Australia";"";"258008.32";"0";"9";"0.0";"CLP";"2026-02-24"
"Australia";"Sídney";"Tarjeta eSIM con Internet en Australia";"https://www.civitatis.com/es/sidney/tarjeta-sim-sidney/";"Xplori";"go@xplori.world";"+84852186217";"WM&B Limited | 93-97 Des Voeux Road West, Hong Kong Island, China";"";"22407.24";"0";"41";"0.0";"CLP";"2026-02-24"
"Australia";"Sídney";"Go City: Sydney Explorer Pass";"https://www.civitatis.com/es/sidney/sydney-explorer-pass/";"Go City Inc Aud";"cstradesales@gocity.com";"1 617 671 1000";"Go City Limited | 100 High Street Suite 1300, Boston, Estados Unidos";"";"73716.66";"7";"160";"6.9";"CLP";"2026-02-24"
"Australia";"Sídney";"Avistamiento de ballenas en Sídney";"https://www.civitatis.com/es/sidney/avistamiento-ballenas-sidney/";"Sydney Princess Cruises";"info@sydneyprincesscruises.com.au";"0295187813";"Sydney Princess Cruises Pty Ltd | 37 Bank St Pyrmont, Sídney, Australia";"";"67250.29";"14";"152";"6.3";"CLP";"2026-02-24"
"Australia";"Sídney";"Entrada al SEA LIFE® Sídney";"https://www.civitatis.com/es/sidney/entrada-sea-life-sidney/";"Ingresso Group Limited-Australia";"finance@ingresso.co.uk";"";"Ingresso Group Limited | 1 Butterwick, Hammersmith, Londres, Reino Unido";"";"27417.42";"7";"109";"9.7";"CLP";"2026-02-24"
"Australia";"Sídney";"Buceo con tiburones en Bushrangers Bay";"https://www.civitatis.com/es/sidney/buceo-tiburones-bushrangers-bay/";"Dive Centre Bondi";"info@divebondi.com.au";"0414702028";"INNIS BHEAG PTY LTD | 198 Bondi Road, Bondi, Australia";"";"190758.03";"1";"5";"10.0";"CLP";"2026-02-24"
"Australia";"Melbourne";"Gran Carretera del Océano + Atardecer en los Doce Apóstoles";"https://www.civitatis.com/es/melbourne/gran-carretera-oceano-atardecer/";"Go West Tours";"info@gowest.com.au";"+61 3 9485 5290";"Go West Tours Pty Ltd | 10/167 Beavers Road, Northcote, Australia";"";"102815.34";"92";"941";"8.7";"CLP";"2026-02-24"
"Australia";"Melbourne";"Free tour por Melbourne";"https://www.civitatis.com/es/melbourne/free-tour-melbourne/";"Heya Tours!";"polepoletrips59@gmail.com";"601031441";"Ramiro Daniel Brachmann | 19 Adeline St, Preston , Melbourne, Australia";"";"0.0";"100";"2014";"9.3";"CLP";"2026-02-24"
"Australia";"Melbourne";"Excursión a la Isla Phillip al completo";"https://www.civitatis.com/es/melbourne/excursion-isla-phillip/";"Wine Hop And Coastal Tours Pty Ltd";"matt@winehoptours.com.au";"0417076885";"Wine Hop And Coastal Tours PTY LTD | Dinckinson Grove, Mount Martha, Mount Martha, Australia";"";"102815.34";"56";"752";"8.5";"CLP";"2026-02-24"
"Australia";"Melbourne";"Free tour de los misterios y leyendas de Melbourne";"https://www.civitatis.com/es/melbourne/free-tour-misterios-leyendas-melbourne/";"Heya Tours!";"polepoletrips59@gmail.com";"601031441";"Ramiro Daniel Brachmann | 19 Adeline St, Preston , Melbourne, Australia";"";"0.0";"9";"38";"8.0";"CLP";"2026-02-24"
"Australia";"Melbourne";"Traslados en Melbourne";"https://www.civitatis.com/es/melbourne/traslados/";"No especificado / Único";"N/A";"N/A";"N/A";"";"89882.59";"26";"764";"8.8";"CLP";"2026-02-24"
"Australia";"Melbourne";"Ruta por la Gran Carretera del Océano";"https://www.civitatis.com/es/melbourne/ruta-gran-carretera-oceano/";"Go West Tours";"info@gowest.com.au";"+61 3 9485 5290";"Go West Tours Pty Ltd | 10/167 Beavers Road, Northcote, Australia";"";"102815.34";"121";"901";"9.2";"CLP";"2026-02-24"
"Australia";"Melbourne";"Visita guiada por Melbourne";"https://www.civitatis.com/es/melbourne/visita-guiada-melbourne/";"Oceania Tours & Safaris";"stopet@oceaniatours.com.au";"613 94995139";"Condor Projects Pty Ltd | 231 Waterdale Road, Ivanhoe, Australia";"";"84062.86";"37";"314";"9.2";"CLP";"2026-02-24"
"Australia";"Melbourne";"Tour privado por Melbourne";"https://www.civitatis.com/es/melbourne/tour-privado-melbourne/";"Culture Quest Tours";"ben.abedi.tourguide@gmail.com";"0411656800";"BAHMAN SODEIRABEDI | Unit 2 7 Main St PASCOE VALE VIC 3044, Unit 2 7 Main St, Melbourne, Australia";"";"258654.96";"18";"296";"9.1";"CLP";"2026-02-24"
"Australia";"Melbourne";"Excursión al Parque Nacional Grampians";"https://www.civitatis.com/es/melbourne/excursion-parque-nacional-grampians/";"Go West Tours";"info@gowest.com.au";"+61 3 9485 5290";"Go West Tours Pty Ltd | 10/167 Beavers Road, Northcote, Australia";"";"106695.17";"10";"151";"9.2";"CLP";"2026-02-24"
"Australia";"Melbourne";"Excursión al Santuario de Healesville + Tren Puffing Billy";"https://www.civitatis.com/es/melbourne/excursion-santuario-healesville-puffing-billy/";"Wine Hop And Coastal Tours Pty Ltd";"matt@winehoptours.com.au";"0417076885";"Wine Hop And Coastal Tours PTY LTD | Dinckinson Grove, Mount Martha, Mount Martha, Australia";"";"148726.6";"14";"177";"8.1";"CLP";"2026-02-24"
"Australia";"Melbourne";"Tren Puffing Billy hasta el Emerald Lake Park";"https://www.civitatis.com/es/melbourne/tren-puffing-billy-emerald-lake-park/";"Go West Tours";"info@gowest.com.au";"+61 3 9485 5290";"Go West Tours Pty Ltd | 10/167 Beavers Road, Northcote, Australia";"";"115748.09";"0";"13";"0.0";"CLP";"2026-02-24"
"Australia";"Melbourne";"Entrada al Melbourne Skydeck";"https://www.civitatis.com/es/melbourne/entrada-eureka-skydeck/";"Melbourne Skydeck";"caitlin@eurekaskydeck.com.au";"";"Melbourne Eureka Tower Observation Deck Pty Ltd | Level 88, 7 Riverside Quay, Southbank Victoria, Melbourne, Australia";"";"25218.85";"11";"207";"9.6";"CLP";"2026-02-24"
"Australia";"Melbourne";"Paseo en barco por Melbourne";"https://www.civitatis.com/es/melbourne/paseo-barco-melbourne/";"Melbourne River Cruises";"info@melbcruises.com.au";"+61 3 8610 2600";"MELBOURNE CRUISERS PTY LTD | Vault 11, Banana Alley, 367 Flinders Street, Melbourne 3000, Melbourne, Australia";"";"26512.13";"7";"160";"7.1";"CLP";"2026-02-24"
"Australia";"Melbourne";"Tour de bodegas por el Valle del Yarra";"https://www.civitatis.com/es/melbourne/tour-bodegas-valle-yarra/";"Go West Tours";"info@gowest.com.au";"+61 3 9485 5290";"Go West Tours Pty Ltd | 10/167 Beavers Road, Northcote, Australia";"";"122214.46";"9";"91";"9.8";"CLP";"2026-02-24"
"Australia";"Melbourne";"Excursión privada a la Gran Carretera del Océano";"https://www.civitatis.com/es/melbourne/excursion-privada-melbourne/";"Culture Quest Tours";"ben.abedi.tourguide@gmail.com";"0411656800";"BAHMAN SODEIRABEDI | Unit 2 7 Main St PASCOE VALE VIC 3044, Unit 2 7 Main St, Melbourne, Australia";"";"711301.14";"2";"57";"10.0";"CLP";"2026-02-24"
"Australia";"Melbourne";"Paseo en globo por Melbourne al amanecer";"https://www.civitatis.com/es/melbourne/paseo-globo-melbourne/";"Liberty Balloon Flights Pty Ltd";"info@libertyballoonflights.com.au";"+61400694299";"Liberty Balloon Flights Pty Ltd | 164 Amess Street  Carlton North  Victoria, Carlton North, Australia";"";"329785.07";"4";"26";"8.0";"CLP";"2026-02-24"
"Australia";"Melbourne";"Excursión privada a la Isla Phillip";"https://www.civitatis.com/es/melbourne/excursion-privada-isla-phillip/";"Culture Quest Tours";"ben.abedi.tourguide@gmail.com";"0411656800";"BAHMAN SODEIRABEDI | Unit 2 7 Main St PASCOE VALE VIC 3044, Unit 2 7 Main St, Melbourne, Australia";"";"1066951.72";"3";"39";"8.7";"CLP";"2026-02-24"
"Australia";"Melbourne";"Tarjeta eSIM con Internet en Australia";"https://www.civitatis.com/es/melbourne/tarjeta-sim-melbourne/";"Xplori";"go@xplori.world";"+84852186217";"WM&B Limited | 93-97 Des Voeux Road West, Hong Kong Island, China";"";"22407.24";"3";"19";"8.7";"CLP";"2026-02-24"
"Australia";"Melbourne";"Melbourne Flexi Attractions Pass";"https://www.civitatis.com/es/melbourne/melbourne-flexi-attractions-pass/";"Iventure Card Travel Limited Aud";"dkalavrytinos@iventurecard.com";"";"Smartvisit International Pty Ltd | Suite 1106-8, 11/F., Tai Yau Building, No. 181 Johnston Road, Wanchai, Hong Kong, Hong Kong, China";"";"64017.1";"2";"32";"9.0";"CLP";"2026-02-24"
"Australia";"Melbourne";"Melbourne Unlimited Attractions Pass";"https://www.civitatis.com/es/melbourne/melbourne-unlimited-attractions-pass/";"Iventure Card Travel Limited Aud";"dkalavrytinos@iventurecard.com";"";"Smartvisit International Pty Ltd | Suite 1106-8, 11/F., Tai Yau Building, No. 181 Johnston Road, Wanchai, Hong Kong, Hong Kong, China";"";"113161.54";"0";"6";"0.0";"CLP";"2026-02-24"
"Australia";"Melbourne";"Tour por Melbourne + Degustación de dónuts";"https://www.civitatis.com/es/melbourne/tour-melbourne-degustacion-donuts/";"Fit City Tours";"matt@fitcitytours.com.au";"0430472975";"Fit City Tours | PO Box 4119, Knox City Centre, Australia";"";"62723.82";"0";"3";"0.0";"CLP";"2026-02-24"
"Australia";"Melbourne";"Pub Crawl ¡Tour de fiesta por Melbourne!";"https://www.civitatis.com/es/melbourne/pub-crawl-melbourne/";"Free Tour Melbourne";"freetourmelbourne@gmail.com";"+61436399434";"BATMANIA TOURS PTY LTD | 35 Marnie RD Kennington, Kennington, Australia";"";"19892.15";"0";"1";"0.0";"CLP";"2026-02-24"
"Australia";"Melbourne";"Paseo privado en helicóptero por Melbourne";"https://www.civitatis.com/es/melbourne/paseo-helicoptero-melbourne/";"Edtau Pty Ltd";"ed@rotor.one";"+61370651888";"EDTAU PTY LTD | Hangar 7 Wirraway Rd Essendon Fields VIC 3041, Melbourne, Australia";"";"792942.27";"0";"0";"0.0";"CLP";"2026-02-24"
"Australia";"Melbourne";"Melbourne Skydeck, Sovereign Hill y Jardín Botánico de Ballarat";"https://www.civitatis.com/es/melbourne/melbourne-skydeck-sovereign-hill-jardin-ballarat/";"Wine Hop And Coastal Tours Pty Ltd";"matt@winehoptours.com.au";"0417076885";"Wine Hop And Coastal Tours PTY LTD | Dinckinson Grove, Mount Martha, Mount Martha, Australia";"";"122214.46";"0";"0";"0.0";"CLP";"2026-02-24"
"Australia";"Melbourne";"Salto en paracaídas en Melbourne";"https://www.civitatis.com/es/melbourne/salto-paracaidas-melbourne/";"Experience Co";"ar@skydive.com.au";"+61 2 9093 6570";"SKYDIVE AUSTRALIA COLLECTIONS PTY LTD | 1/17 Castlereagh St, Sydney, Sídney, Australia";"";"258008.32";"0";"0";"0.0";"CLP";"2026-02-24"
"Australia";"Melbourne";"Tren Puffing Billy + Desfile de pingüinos en la Isla Phillip";"https://www.civitatis.com/es/melbourne/puffing-billy-desfile-pinguinos/";"Wine Hop And Coastal Tours Pty Ltd";"matt@winehoptours.com.au";"0417076885";"Wine Hop And Coastal Tours PTY LTD | Dinckinson Grove, Mount Martha, Mount Martha, Australia";"";"151313.15";"0";"0";"0.0";"CLP";"2026-02-24"
"Australia";"Melbourne";"Senderismo por el Parque Nacional Promontorio Wilsons";"https://www.civitatis.com/es/melbourne/senderismo-parque-promontorio-wilsons/";"Go West Tours";"info@gowest.com.au";"+61 3 9485 5290";"Go West Tours Pty Ltd | 10/167 Beavers Road, Northcote, Australia";"";"109281.72";"0";"12";"0.0";"CLP";"2026-02-24"
"Australia";"Melbourne";"Entrada a SEA LIFE® Melbourne";"https://www.civitatis.com/es/melbourne/entrada-sea-life-melbourne/";"Be My Guest";"natalie.ng@bemyguest.com.sg";"+65 3158 0490";"Bemyguest Pte Ltd | 80 Changi Road, #03-01, The Centropod , Singapur, Singapur";"";"23311.4";"6";"178";"9.3";"CLP";"2026-02-24"
"Australia";"Gold Coast";"Excursión al Parque Nacional Tamborine";"https://www.civitatis.com/es/gold-coast/excursion-paque-nacional-tamborine/";"Southern Cross Tours";"bookings@southerncrosstours.com.au";"+61 7 5655 0716";"Southern Cross Tours | 47 Harper Street, Molendinar QLD 4214, Gold Coast, Australia";"";"76949.85";"1";"13";"10.0";"CLP";"2026-02-24"
"Australia";"Gold Coast";"Entrada al SkyPoint Observation Deck";"https://www.civitatis.com/es/gold-coast/entrada-skypoint-observation-deck/";"Be My Guest";"natalie.ng@bemyguest.com.sg";"+65 3158 0490";"Bemyguest Pte Ltd | 80 Changi Road, #03-01, The Centropod , Singapur, Singapur";"";"17326.53";"3";"91";"10.0";"CLP";"2026-02-24"
"Australia";"Gold Coast";"Excursión a Moreton Island";"https://www.civitatis.com/es/gold-coast/excursion-moreton-island/";"Australian Sunset Safaris";"rolly@sunsetsafaris.com.au";"+61732871644";"Australian Sunset Safaris | 12 Quindus Street Beenleigh, BEENLEIGH - QLD, Australia";"";"154546.34";"2";"32";"10.0";"CLP";"2026-02-24"
"Australia";"Gold Coast";"Sea World Gold Coast + Warner Bros. Movie World + Wet'n'Wild";"https://www.civitatis.com/es/gold-coast/entrada-sea-world-warner-bros/";"Be My Guest";"natalie.ng@bemyguest.com.sg";"+65 3158 0490";"Bemyguest Pte Ltd | 80 Changi Road, #03-01, The Centropod , Singapur, Singapur";"";"115510.21";"0";"23";"0.0";"CLP";"2026-02-24"
"Australia";"Gold Coast";"Entrada a Currumbin Wildlife Sanctuary";"https://www.civitatis.com/es/gold-coast/entrada-currumbin-wildlife-sanctuary/";"Be My Guest";"natalie.ng@bemyguest.com.sg";"+65 3158 0490";"Bemyguest Pte Ltd | 80 Changi Road, #03-01, The Centropod , Singapur, Singapur";"";"42955.35";"0";"23";"0.0";"CLP";"2026-02-24"
"Australia";"Gold Coast";"Tour en autobús anfibio por Gold Coast";"https://www.civitatis.com/es/gold-coast/tour-bus-anfibio-gold-coast/";"Aquaduck";"zoe@aquaduck.com.au";"+61755390222";"Aquaduck | 36 Cavill Avenue, Surfers Paradise, Australia";"";"37504.96";"0";"19";"0.0";"CLP";"2026-02-24"
"Australia";"Gold Coast";"Tour en kayak + Snorkel en Gold Coast";"https://www.civitatis.com/es/gold-coast/tour-kayak-snorkel-gold-coast/";"Seaway Enterprises Pty Ltd";"accounts@seawaykayakingtours.com.au";"0449529251";"SEAWAY ENTERPRISES PTY LTD | Unit 55 590 Pine Ridge Rd, Coombabah, Australia";"";"64017.1";"1";"18";"8.0";"CLP";"2026-02-24"
"Australia";"Gold Coast";"Tour del vino por la montaña Tamborine";"https://www.civitatis.com/es/gold-coast/tour-vino-montana-tamborine/";"Pineapple Tours";"info@pineappletours.com.au";"0466331232";"Pineapple Tours PTY LTD | 22 Nerang Murwillumbah Rd, Gold Coast, Australia";"";"193344.58";"1";"4";"10.0";"CLP";"2026-02-24"
"Australia";"Gold Coast";"Surf en Gold Coast + Faro de Fingal Head";"https://www.civitatis.com/es/gold-coast/surf-gold-coast-faro-fingal-head/";"Australian Surfing Adventures";"info@australiansurfingadventures.com";"+61410450467";"AUSTRALIAN SURFING ADVENTURES PTY LTD | 74 Chainey Av Miami, Gold Coast, Australia";"";"83416.22";"1";"3";"10.0";"CLP";"2026-02-24"
"Australia";"Gold Coast";"Curso de surf en Gold Coast";"https://www.civitatis.com/es/gold-coast/curso-surf-gold-coast/";"Get Wet Surf School";"surf@getwetsurf.com";"0402012194";"Get Wet Co Pty Ltd | Shop 22 Mariners Cove, Gold Coast, Australia";"";"48497.8";"2";"7";"8.0";"CLP";"2026-02-24"
"Australia";"Gold Coast";"Excursión a Lamington y el valle de Canungra";"https://www.civitatis.com/es/gold-coast/excursion-lamington-valle-canungra/";"Southern Cross Tours";"bookings@southerncrosstours.com.au";"+61 7 5655 0716";"Southern Cross Tours | 47 Harper Street, Molendinar QLD 4214, Gold Coast, Australia";"";"83416.22";"0";"0";"0.0";"CLP";"2026-02-24"
"Australia";"Gold Coast";"Crucero con comida o cena por Gold Coast";"https://www.civitatis.com/es/gold-coast/crucero-comida-cena-gold-coast/";"The Tour Collective";"sarah@thetourcollective.com.au";"+61 7 5539 9299";"SW CRUISECO PTY LTD | MAIN BEACH QLD, Gold Coast, Australia";"";"64017.1";"0";"0";"0.0";"CLP";"2026-02-24"
"Australia";"Gold Coast";"Tour en kayak al atardecer por Gold Coast";"https://www.civitatis.com/es/gold-coast/tour-kayak-atardecer-gold-coast/";"Australian Kayaking Adventures";"info@australiankayakingadventures.com.au";"0412940135";"AKA Adventures PTY LTD | 15 River Drive, Gold Coast, Australia";"";"51084.35";"0";"12";"0.0";"CLP";"2026-02-24"
"Australia";"Gold Coast";"Barco turístico de Gold Coast";"https://www.civitatis.com/es/gold-coast/barco-turistico-gold-coast/";"Hopo";"info@hopo.com.au";"+6175655 3528";"HOPO Pty Ltd | Sea World Cruises Terminal, Main Beach, Australia";"";"29098.68";"0";"0";"0.0";"CLP";"2026-02-24"
"Australia";"Gold Coast";"Paseo en globo por Gold Coast";"https://www.civitatis.com/es/gold-coast/paseo-globo-gold-coast/";"Hot Air Balloon Cairns And Gold Coast";"res@hotair.com.au";"0740399900";"Hot Air Balloon Pty Ltd | 11 West Street Manunda, Cairns, Australia";"";"320085.51";"0";"0";"0.0";"CLP";"2026-02-24"
"Australia";"Gold Coast";"Tour en moto de agua por Gold Coast";"https://www.civitatis.com/es/gold-coast/tour-moto-agua-gold-coast/";"Jet Ski Safaris";"bookings@jetskisafaris.com.au";"0409754538";"JETSKI SAFARIS PTY LTD | 60-70 Seaworld Drive, Main Beach, Australia";"";"84062.86";"0";"1";"0.0";"CLP";"2026-02-24"
"Australia";"Launceston";"Excursión al Parque Nacional Cradle Mountain";"https://www.civitatis.com/es/launceston/excursion-cradle-mountain/";"Experience Tasmania Gray Line";"admin@experiencetas.com.au";"+61 3 62343336";"Experience Tasmania Tours & Charters Pty Ltd | 129 Liverpool St, Hobart, Australia";"";"126094.29";"0";"1";"0.0";"CLP";"2026-02-24"
"Australia";"Airlie Beach";"Excursión a la isla Whitsunday con snorkel";"https://www.civitatis.com/es/airlie-beach/excursion-isla-whitsunday-snorkel/";"Ocean Rafting";"marketing@oceanrafting.com.au";"0401075693";"Ducks In A Row Pty Ltd | PO Box 106, Cannonvale, QLD 4802, Airlie Beach, Australia";"";"135147.21";"2";"32";"10.0";"CLP";"2026-02-24"
"Australia";"Airlie Beach";"Paseo en avioneta por las Islas Whitsundays";"https://www.civitatis.com/es/airlie-beach/paseo-avioneta-islas-whitsundays/";"Ocean Rafting";"marketing@oceanrafting.com.au";"0401075693";"Ducks In A Row Pty Ltd | PO Box 106, Cannonvale, QLD 4802, Airlie Beach, Australia";"";"216623.53";"6";"81";"8.3";"CLP";"2026-02-24"
"Australia";"Airlie Beach";"Excursión a las islas Whitsundays en barco";"https://www.civitatis.com/es/airlie-beach/excursion-whitsundays-barco/";"Zigzag Whitsundays";"bookings@zigzagwhitsundays.com.au";"07 48139007";"B & N Operations PTY LTD | Abell Point Marina, Airlie Beach, Australia";"";"167479.08";"11";"180";"9.3";"CLP";"2026-02-24"
"Australia";"Airlie Beach";"Paseo en avioneta por las Islas Whitsundays + Snorkel";"https://www.civitatis.com/es/airlie-beach/paseo-avioneta-islas-whitsundays-snorkel/";"Ocean Rafting";"marketing@oceanrafting.com.au";"0401075693";"Ducks In A Row Pty Ltd | PO Box 106, Cannonvale, QLD 4802, Airlie Beach, Australia";"";"345951.01";"11";"105";"9.5";"CLP";"2026-02-24"
"Australia";"Airlie Beach";"Excursión a la isla Whitsunday y Hook Island con snorkel";"https://www.civitatis.com/es/airlie-beach/excursion-whitsunday-hook-island-snorkel/";"Ocean Rafting";"marketing@oceanrafting.com.au";"0401075693";"Ducks In A Row Pty Ltd | PO Box 106, Cannonvale, QLD 4802, Airlie Beach, Australia";"";"135147.21";"5";"73";"10.0";"CLP";"2026-02-24"
"Australia";"Airlie Beach";"Tour por Airlie Beach";"https://www.civitatis.com/es/airlie-beach/tour-airlie-beach/";"Airlie Adventure Tours";"dartagnan@airlieadventuretours.com.au";"+61748461568";"Mackay Whitsunday Buses Pty Ltd | North Mackay Qld Australia 4740, Whitsundays, Australia";"";"102815.34";"1";"6";"10.0";"CLP";"2026-02-24"
"Australia";"Airlie Beach";"Salto en paracaídas en Airlie Beach";"https://www.civitatis.com/es/airlie-beach/salto-paracaidas-airlie-beach/";"Experience Co";"ar@skydive.com.au";"+61 2 9093 6570";"SKYDIVE AUSTRALIA COLLECTIONS PTY LTD | 1/17 Castlereagh St, Sydney, Sídney, Australia";"";"199810.95";"1";"10";"10.0";"CLP";"2026-02-24"
"Australia";"Airlie Beach";"Alquiler de barco con patrón";"https://www.civitatis.com/es/airlie-beach/alquiler-barco-privado-patron/";"Freedom Exclusive Charters";"info@freedomboatcharters.com.au";"0413195351";"Freedom Boat Charters Pty Ltd | Shingley Drive, Airlie Beach, Australia";"";"3071527.68";"0";"0";"0.0";"CLP";"2026-02-24"
"Australia";"Brisbane";"Free tour por Brisbane";"https://www.civitatis.com/es/brisbane/free-tour-brisbane/";"Rafael Martin Romero";"rmartinromero73@gmail.com";"+610411957807";"Rafael Martin Romero | 1602 348 Water Street, Fortitude Valley, Brisbane., Brisbane, Australia";"";"0.0";"40";"579";"8.8";"CLP";"2026-02-24"
"Australia";"Brisbane";"Paseo en barco + Santuario de koalas";"https://www.civitatis.com/es/brisbane/paseo-barco-santuario-koalas/";"Koala And River Cruises Pty Ltd";"info@mirimarcruises.com.au";"0412749426";"KOALA AND RIVER CRUISES PTY LTD | UNDERWOOD QLD 4119, Brisbane, Australia";"";"74363.3";"13";"123";"9.4";"CLP";"2026-02-24"
"Australia";"Brisbane";"Excursión al Australia Zoo";"https://www.civitatis.com/es/brisbane/excursion-australia-zoo/";"Croc Tours";"richie@4utransfersandtours.com.au";"0476298728";"R.M BARNETT & L ROGERS 4U Transfers & Tours | 17/19 Brisbane Road, Mooloolaba, Brisbane, Australia";"";"115748.09";"9";"41";"8.7";"CLP";"2026-02-24"
"Australia";"Brisbane";"Excursión a las cuevas Glow Worm de la montaña Tamborine";"https://www.civitatis.com/es/brisbane/excursion-glow-worm-montana-tamborine/";"Pineapple Tours";"info@pineappletours.com.au";"0466331232";"Pineapple Tours PTY LTD | 22 Nerang Murwillumbah Rd, Gold Coast, Australia";"";"87296.04";"0";"30";"0.0";"CLP";"2026-02-24"
"Australia";"Brisbane";"Excursión a Moreton Island";"https://www.civitatis.com/es/brisbane/excursion-moreton-island/";"Australian Sunset Safaris";"rolly@sunsetsafaris.com.au";"+61732871644";"Australian Sunset Safaris | 12 Quindus Street Beenleigh, BEENLEIGH - QLD, Australia";"";"128680.84";"4";"60";"8.0";"CLP";"2026-02-24"
"Australia";"Brisbane";"Traslados en Brisbane";"https://www.civitatis.com/es/brisbane/traslados/";"No especificado / Único";"N/A";"N/A";"N/A";"";"109281.72";"3";"53";"10.0";"CLP";"2026-02-24"
"Australia";"Brisbane";"Tour privado por Brisbane";"https://www.civitatis.com/es/brisbane/tour-privado-brisbane/";"Guydeez";"lauderic@guydeez.com";"+34 670 78 37 54";"GUYDEEZ TOUR - FZCO | IFZA Business Park, DDP, Dubái, Emiratos Árabes Unidos";"";"129326.96";"1";"22";"10.0";"CLP";"2026-02-24"
"Australia";"Brisbane";"Visita guiada por Brisbane";"https://www.civitatis.com/es/brisbane/visita-guiada-brisbane/";"Guydeez";"lauderic@guydeez.com";"+34 670 78 37 54";"GUYDEEZ TOUR - FZCO | IFZA Business Park, DDP, Dubái, Emiratos Árabes Unidos";"";"51730.78";"2";"21";"9.0";"CLP";"2026-02-24"
"Australia";"Brisbane";"Paseo en barco por el río Brisbane";"https://www.civitatis.com/es/brisbane/paseo-barco-rio-brisbane/";"River City Cruises";"info@rivercitycruises.com.au";"0428278473";"River Cruises Pty Ltd | 27 Dudley Street Highgate Hill QLD, Brisbane, Australia";"";"31685.23";"1";"25";"10.0";"CLP";"2026-02-24"
"Australia";"Brisbane";"Tour del vino por la montaña Tamborine";"https://www.civitatis.com/es/brisbane/tour-vino-montana-tamborine/";"Pineapple Tours";"info@pineappletours.com.au";"0466331232";"Pineapple Tours PTY LTD | 22 Nerang Murwillumbah Rd, Gold Coast, Australia";"";"193344.58";"0";"7";"0.0";"CLP";"2026-02-24"
"Australia";"Brisbane";"Excursión a North Stradbroke Island";"https://www.civitatis.com/es/brisbane/excursion-north-stradbroke-island/";"My Little France";"gizelle@mylittlefrance.com.au";"0448822796";"HERNANDEZ CORPORATION PTY LTD | 20 Hartland Street, Brisbae, Australia";"";"113161.54";"3";"12";"10.0";"CLP";"2026-02-24"
"Australia";"Brisbane";"Escalada por el Puente Story";"https://www.civitatis.com/es/brisbane/escalada-puente-story/";"Story Bridge Adventure Climb";"admin@sbac.net.au";"0452591059";"XBRISBANE PTY LTD | GPO BOX 888, Brisbane, Australia";"";"96995.61";"0";"2";"0.0";"CLP";"2026-02-24"
"Australia";"Brisbane";"Paseo en globo por Brisbane al amanecer";"https://www.civitatis.com/es/brisbane/paseo-globo-brisbane/";"Hot Air Balloon Cairns And Gold Coast";"res@hotair.com.au";"0740399900";"Hot Air Balloon Pty Ltd | 11 West Street Manunda, Cairns, Australia";"";"320085.51";"0";"1";"0.0";"CLP";"2026-02-24"
"Australia";"Brisbane";"Avistamiento de ballenas en la bahía Moreton";"https://www.civitatis.com/es/brisbane/avistamiento-ballenas-bahia-moreton/";"Moreton Bay Whale Watching Tours Pty Ltd Trading As Brisbane Whale Watching";"admin@brisbanewhalewatching.com.au";"+61738800477";"MORETON BAY WHALE WATCHING TOURS PTY LTD | Shop 11, 133 Redcliffe Parade, Redcliffe, Australia";"";"109928.35";"1";"20";"8.0";"CLP";"2026-02-24"
"Australia";"Brisbane";"Excursión a Sunshine Coast Hinterland";"https://www.civitatis.com/es/brisbane/excursion-sunshine-coast-hinterland/";"Queensland Day Tours";"shane@qdtours.com.au";"0488332058";"Queensland Day Tours | 32 Esma St Rochedale South, Brisbane, Australia";"";"102815.34";"0";"4";"0.0";"CLP";"2026-02-24"
"Australia";"Perth";"Excursión al desierto de los Pináculos";"https://www.civitatis.com/es/perth/excursion-desierto-pinaculos/";"Wa Nt Tours Pty Ltd";"info@want-tours.com.au";"+61 0 8 9331 3933";"WA NT TOURS | 32 Paitt Street, Willagee, Australia";"";"193991.22";"8";"67";"8.3";"CLP";"2026-02-24"
"Australia";"Perth";"Excursión a Wave Rock y York";"https://www.civitatis.com/es/perth/excursion-wave-rock-york/";"Australian Pinnacle Tours";"graeme.skeggs@pinnacletravelgroup.com.au";"+61 8 62706060";"Passenger Transport Services Pty Ltd | GPO BOX A29,, Perth Wa, Australia";"";"161659.35";"1";"11";"10.0";"CLP";"2026-02-24"
"Australia";"Perth";"Autobús turístico de Perth";"https://www.civitatis.com/es/perth/autobus-turistico-perth/";"Perth Explorer";"jon@citytours.net.au";"0893701000";"TREND NOMINEES PTY LTD TA PERTH EXPLORER, FREMANTLE TRAM TOURS | 3 Muriel St, Bayswater, Australia";"";"35565.05";"0";"20";"0.0";"CLP";"2026-02-24"
"Australia";"Perth";"Tour por Perth y Fremantle + Barco a la isla de Rottnest";"https://www.civitatis.com/es/perth/perth-fremantle-barco-isla-rottnest/";"Wa Nt Tours Pty Ltd";"info@want-tours.com.au";"+61 0 8 9331 3933";"WA NT TOURS | 32 Paitt Street, Willagee, Australia";"";"181705.11";"0";"6";"0.0";"CLP";"2026-02-24"
"Australia";"Perth";"Traslados en Perth";"https://www.civitatis.com/es/perth/traslados/";"No especificado / Único";"N/A";"N/A";"N/A";"";"99582.16";"1";"50";"10.0";"CLP";"2026-02-24"
"Australia";"Perth";"Entrada a la Torre Bell";"https://www.civitatis.com/es/perth/entrada-torre-bell/";"The Bell Tower";"admin@thebelltower.com.au";"62100444";"The Swan Bells Foundation Incorporated | PO BOX Y3056 EAST ST GEORGES TERRACE PERTH WA 6832, Perth WA, Australia";"";"9699.56";"0";"7";"0.0";"CLP";"2026-02-24"
"Australia";"Perth";"Tour privado por Perth";"https://www.civitatis.com/es/perth/tour-privado-perth/";"Libertino Travel Services";"info@libertinotravel.com";"0433251884";"Sergio Erivan Libertino | 33 Elvira street, Palmyra, Perth, Australia";"";"465578.93";"0";"5";"0.0";"CLP";"2026-02-24"
"Australia";"Perth";"Excursión privada desde Perth";"https://www.civitatis.com/es/perth/excursion-privada-perth/";"Libertino Travel Services";"info@libertinotravel.com";"0433251884";"Sergio Erivan Libertino | 33 Elvira street, Palmyra, Perth, Australia";"";"640171.03";"0";"6";"0.0";"CLP";"2026-02-24"
"Australia";"Perth";"Tarjeta eSIM con Internet en Australia";"https://www.civitatis.com/es/perth/tarjeta-sim-perth/";"Xplori";"go@xplori.world";"+84852186217";"WM&B Limited | 93-97 Des Voeux Road West, Hong Kong Island, China";"";"22407.24";"0";"1";"0.0";"CLP";"2026-02-24"
"Australia";"Perth";"Free tour por Perth";"https://www.civitatis.com/es/perth/free-tour-perth/";"Heya Tours!";"polepoletrips59@gmail.com";"601031441";"Ramiro Daniel Brachmann | 19 Adeline St, Preston , Melbourne, Australia";"";"0.0";"0";"0";"0.0";"CLP";"2026-02-24"
"Australia";"Perth";"Paseo en hidroavión por Perth";"https://www.civitatis.com/es/perth/paseo-hidroavion-perth/";"Swan River Seaplanes";"kristy@swanriverseaplanes.com.au";"0894178005";"Swan River Seaplanes Pty Ltd | 5 Mustang Road, Jandakot, Australia";"";"126094.29";"0";"3";"0.0";"CLP";"2026-02-24"
"Australia";"Perth";"Paseo en barco pirata por Mandurah";"https://www.civitatis.com/es/perth/paseo-barco-pirata-mandurah/";"Pirate Ship Mandurah";"ben@pirateshipmandurah.com.au";"0408 372 276";"Mandurah Boat Tours Pty Ltd | 18 Cingalee Drive, Mandurah, Australia";"";"15519.29";"0";"0";"0.0";"CLP";"2026-02-24"
"Australia";"Perth";"Tour por Perth y Fremantle";"https://www.civitatis.com/es/perth/tour-perth-fremantle/";"Wa Nt Tours Pty Ltd";"info@want-tours.com.au";"+61 0 8 9331 3933";"WA NT TOURS | 32 Paitt Street, Willagee, Australia";"";"98935.52";"0";"10";"0.0";"CLP";"2026-02-24"
"Australia";"Perth";"Ferry a la isla de Rottnest";"https://www.civitatis.com/es/perth/ferry-isla-rottnest/";"Australian Pinnacle Tours";"graeme.skeggs@pinnacletravelgroup.com.au";"+61 8 62706060";"Passenger Transport Services Pty Ltd | GPO BOX A29,, Perth Wa, Australia";"";"61430.55";"3";"47";"8.7";"CLP";"2026-02-24"
"Australia";"Perth";"Avistamiento de ballenas en Perth";"https://www.civitatis.com/es/perth/avistamiento-ballenas-perth/";"Australian Pinnacle Tours";"graeme.skeggs@pinnacletravelgroup.com.au";"+61 8 62706060";"Passenger Transport Services Pty Ltd | GPO BOX A29,, Perth Wa, Australia";"";"50437.71";"0";"9";"0.0";"CLP";"2026-02-24"
"Australia";"Perth";"Excursión a la isla de Rottnest en hidroavión";"https://www.civitatis.com/es/perth/excursion-isla-rottnest-hidroavion/";"Swan River Seaplanes";"kristy@swanriverseaplanes.com.au";"0894178005";"Swan River Seaplanes Pty Ltd | 5 Mustang Road, Jandakot, Australia";"";"168125.72";"0";"9";"0.0";"CLP";"2026-02-24"
"Australia";"Perth";"Hidroavión a la isla de Rottnest";"https://www.civitatis.com/es/perth/hidroavion-isla-rottnest/";"Swan River Seaplanes";"kristy@swanriverseaplanes.com.au";"0894178005";"Swan River Seaplanes Pty Ltd | 5 Mustang Road, Jandakot, Australia";"";"126094.29";"0";"7";"0.0";"CLP";"2026-02-24"
"Australia";"Perth";"Paseo en globo por Avon Valley";"https://www.civitatis.com/es/perth/paseo-globo-avon-valley/";"Liberty Balloon Flights Pty Ltd";"info@libertyballoonflights.com.au";"+61400694299";"Liberty Balloon Flights Pty Ltd | 164 Amess Street  Carlton North  Victoria, Carlton North, Australia";"";"252188.58";"0";"7";"0.0";"CLP";"2026-02-24"
"Australia";"Noosa Heads";"Excursión a Double Island Point";"https://www.civitatis.com/es/noosa-heads/excursion-double-island-point/";"Epic Ocean Adventures";"info@epicoceanadventures.com.au";"0419568614";"VAN SANTEN PTY LTD | 34 Elanda Street, Sunshine Beach, Australia";"";"76949.85";"0";"0";"0.0";"CLP";"2026-02-24"
"Australia";"Noosa Heads";"Excursión al Australia Zoo";"https://www.civitatis.com/es/noosa-heads/excursion-australia-zoo/";"Croc Tours";"richie@4utransfersandtours.com.au";"0476298728";"R.M BARNETT & L ROGERS 4U Transfers & Tours | 17/19 Brisbane Road, Mooloolaba, Brisbane, Australia";"";"109281.72";"0";"4";"0.0";"CLP";"2026-02-24"
"Australia";"Noosa Heads";"Salto en paracaídas en Noosa Heads";"https://www.civitatis.com/es/noosa-heads/salto-paracaidas-noosa-heads/";"Experience Co";"ar@skydive.com.au";"+61 2 9093 6570";"SKYDIVE AUSTRALIA COLLECTIONS PTY LTD | 1/17 Castlereagh St, Sydney, Sídney, Australia";"";"193344.58";"0";"0";"0.0";"CLP";"2026-02-24"
"Australia";"Noosa Heads";"Curso de surf en Noosa Heads";"https://www.civitatis.com/es/noosa-heads/curso-surf-noosa-heads/";"Go Ride A Wave";"info@gorideawave.com.au";"+61 400182010";"Go Ride a Wave PTY LTD | 7 Barclay Drive , CASUARINA, Australia";"";"54317.54";"1";"1";"10.0";"CLP";"2026-02-24"
"Australia";"Noosa Heads";"Tour gastronómico por Sunshine Coast";"https://www.civitatis.com/es/noosa-heads/tour-gastronomico-sunshine-coast/";"Coast To Hinterland Tours";"mark@coasttohinterlandtours.com.au";"1300004903";"Aussieboyz Productions Pty Ltd | 31 Albatross Ave, Nambour, Australia";"";"177825.28";"0";"0";"0.0";"CLP";"2026-02-24"
"Australia";"Noosa Heads";"Tour en paddle surf por Double Island Point";"https://www.civitatis.com/es/noosa-heads/paddle-surf-double-island-point/";"Epic Ocean Adventures";"info@epicoceanadventures.com.au";"0419568614";"VAN SANTEN PTY LTD | 34 Elanda Street, Sunshine Beach, Australia";"";"104755.25";"0";"0";"0.0";"CLP";"2026-02-24"
"Australia";"Noosa Heads";"Curso de surf en Double Island Point";"https://www.civitatis.com/es/noosa-heads/curso-surf-double-island-point/";"Epic Ocean Adventures";"info@epicoceanadventures.com.au";"0419568614";"VAN SANTEN PTY LTD | 34 Elanda Street, Sunshine Beach, Australia";"";"98288.88";"0";"0";"0.0";"CLP";"2026-02-24"
"Australia";"Noosa Heads";"Tour en kayak por el Parque Nacional Gran Arenosa";"https://www.civitatis.com/es/noosa-heads/tour-kayak-parque-gran-arenosa/";"Epic Ocean Adventures";"info@epicoceanadventures.com.au";"0419568614";"VAN SANTEN PTY LTD | 34 Elanda Street, Sunshine Beach, Australia";"";"104755.25";"1";"1";"8.0";"CLP";"2026-02-24"
"Australia";"Rainbow Beach";"Tour en kayak por el Parque Nacional Gran Arenosa";"https://www.civitatis.com/es/rainbow-beach/tour-kayak-parque-gran-arenosa/";"Epic Ocean Adventures";"info@epicoceanadventures.com.au";"0419568614";"VAN SANTEN PTY LTD | 34 Elanda Street, Sunshine Beach, Australia";"";"57550.72";"0";"6";"0.0";"CLP";"2026-02-24"
"Australia";"Rainbow Beach";"Tour en paddle surf por Double Island Point";"https://www.civitatis.com/es/rainbow-beach/paddle-surf-double-island-point/";"Epic Ocean Adventures";"info@epicoceanadventures.com.au";"0419568614";"VAN SANTEN PTY LTD | 34 Elanda Street, Sunshine Beach, Australia";"";"57550.72";"0";"0";"0.0";"CLP";"2026-02-24"
"Australia";"Rainbow Beach";"Curso de surf en Double Island Point";"https://www.civitatis.com/es/rainbow-beach/curso-surf-double-island-point/";"Epic Ocean Adventures";"info@epicoceanadventures.com.au";"0419568614";"VAN SANTEN PTY LTD | 34 Elanda Street, Sunshine Beach, Australia";"";"44617.98";"0";"0";"0.0";"CLP";"2026-02-24"
"Australia";"Adelaida";"Excursión a Isla Canguro";"https://www.civitatis.com/es/adelaida/excursion-isla-canguro/";"Vio Travel";"michael@vio.travel";"+66922472382";"Experience Asia Travel Ltd | 610 Nathan Road, Mongkok, Kowloon, Hong Kong, Kowloon, Hong Kong";"";"293946.53";"4";"44";"8.5";"CLP";"2026-02-24"
"Australia";"Adelaida";"Paseo en barco por el río Torrens";"https://www.civitatis.com/es/adelaida/paseo-barco-rio-torrens/";"Popeye River Cruises";"info@thepopeye.com.au";"882327994";"AT & LB Shuman Pty Ltd | Lounders Boatshed, Victoria Drive, Adelaide SA 5000, Adelaida, Australia";"";"17459.2";"0";"13";"0.0";"CLP";"2026-02-24"
"Australia";"Adelaida";"Visita guiada por Adelaida";"https://www.civitatis.com/es/adelaida/visita-guiada-adelaida/";"Down To Earth Tours";"contact@down-to-earth-tours.com";"61 8 416082478";"Graeme Bruce Fanning T/AS Down to Earth Tours | 44 Airlie Avenue Prospect South Australia 5082, Adelaida, Australia";"";"32331.87";"5";"20";"10.0";"CLP";"2026-02-24"
"Australia";"Adelaida";"Autobús turístico de los viñedos de Adelaida";"https://www.civitatis.com/es/adelaida/autobus-turistico-vinedos-adelaida/";"Trailhopper";"info@trailhopper.com.au";"0410414681";"TrailHopper | 22 LeHunt Street, Wayville, Australia";"";"71130.11";"3";"19";"9.3";"CLP";"2026-02-24"
"Australia";"Adelaida";"Traslados en Adelaida";"https://www.civitatis.com/es/adelaida/traslados/";"No especificado / Único";"N/A";"N/A";"N/A";"";"89882.59";"0";"56";"0.0";"CLP";"2026-02-24"
"Australia";"Adelaida";"Subida al RoofClimb Adelaide Oval";"https://www.civitatis.com/es/adelaida/subida-roofclimb-adelaide-oval/";"Adelaide Oval Sma Ltd";"tours@adelaideoval.com.au";"+61 8 8205 4700";"Adelaide Oval SMA LTD | South Gate, War Memorial Drive, North Adelaide, Adelaida, Australia";"";"76949.85";"0";"3";"0.0";"CLP";"2026-02-24"
"Australia";"Adelaida";"Tour gastronómico por Adelaida";"https://www.civitatis.com/es/adelaida/tour-gastronomico-adelaida/";"Flamboyance Tours";"katina@flamboyancetours.com.au";"+61491453222";"Flamboyance Tours Pty Ltd | 25 Grange Road Lower Mitcham, Adelaida, Australia";"";"64017.1";"0";"0";"0.0";"CLP";"2026-02-24"
"Australia";"Adelaida";"Tour en kayak por el río Torrens";"https://www.civitatis.com/es/adelaida/tour-kayak-rio-torrens/";"Earth Adventure";"info@earthadventure.com.au";"0881652024";"EARTH ADVENTURE PTY LTD | P.O. Box 2269, Kent Town, South Australia, Adelaida, Australia";"";"50437.71";"0";"1";"0.0";"CLP";"2026-02-24"
"Australia";"Adelaida";"Tour del vino en bicicleta eléctrica";"https://www.civitatis.com/es/adelaida/tour-vino-bicicleta/";"Bike About Mountain Bike Tours & Hire Pty Ltd";"daniel@bikeabout.com.au";"0413525733";"BIKE ABOUT MOUNTAIN BIKE TOURS & HIRE PTY LTD | 26A Kumnick Street, Adelaida, Australia";"";"164892.53";"0";"0";"0.0";"CLP";"2026-02-24"
"Australia";"Adelaida";"Tour en bicicleta eléctrica por Adelaida";"https://www.civitatis.com/es/adelaida/tour-bicicleta-electrica-adelaida/";"Bike About Mountain Bike Tours & Hire Pty Ltd";"daniel@bikeabout.com.au";"0413525733";"BIKE ABOUT MOUNTAIN BIKE TOURS & HIRE PTY LTD | 26A Kumnick Street, Adelaida, Australia";"";"122214.46";"0";"0";"0.0";"CLP";"2026-02-24"
"Australia";"Adelaida";"Alquiler de dónut barco";"https://www.civitatis.com/es/adelaida/alquiler-donut-barco/";"Bbq Buoys";"info@bbqbuoys.com.au";"0422 145 496";"BBQ Buoys Pty Ltd | Suite 5, Level 1/ 102 Greenhill Road, Unley, Australia";"";"122861.1";"0";"0";"0.0";"CLP";"2026-02-24"
"Australia";"Adelaida";"Paseo en barco por el río Port Adelaide";"https://www.civitatis.com/es/adelaida/paseo-barco-rio-port-adelaide/";"Port River Cruises";"info@portrivercruises.com.au";"08 7082 9608";"Supplypac Pty Ltd | 43 Howard Dr Penneshaw SA, Penneshaw, Australia";"";"56904.09";"0";"0";"0.0";"CLP";"2026-02-24"
"Australia";"Adelaida";"Ferry a Isla Canguro";"https://www.civitatis.com/es/adelaida/ferry-isla-canguro/";"Vio Travel";"michael@vio.travel";"+66922472382";"Experience Asia Travel Ltd | 610 Nathan Road, Mongkok, Kowloon, Hong Kong, Kowloon, Hong Kong";"";"47603.97";"0";"2";"0.0";"CLP";"2026-02-24"
"Australia";"Adelaida";"Tour del Estadio Adelaide Oval";"https://www.civitatis.com/es/adelaida/tour-estadio-adelaide-oval/";"Adelaide Oval Sma Ltd";"tours@adelaideoval.com.au";"+61 8 8205 4700";"Adelaide Oval SMA LTD | South Gate, War Memorial Drive, North Adelaide, Adelaida, Australia";"";"18105.84";"3";"6";"8.7";"CLP";"2026-02-24"
"Australia";"Cairns";"Snorkel en la Gran Barrera de Coral";"https://www.civitatis.com/es/cairns/snorkel-gran-barrera-coral/";"Down Under Cruise And Dive";"steph@ducd.com.au";"+61740528300";"The Trustee for Down Under Dive PTY LTD | 287 Draper Street Paramatta Park, Cairns, Australia";"";"171358.91";"33";"543";"9.3";"CLP";"2026-02-24"
"Australia";"Cairns";"Snorkel en la Gran Barrera de Coral + Paseo en helicóptero";"https://www.civitatis.com/es/cairns/snorkel-gran-barrera-coral-helicoptero/";"Down Under Cruise And Dive";"steph@ducd.com.au";"+61740528300";"The Trustee for Down Under Dive PTY LTD | 287 Draper Street Paramatta Park, Cairns, Australia";"";"255421.77";"39";"1005";"8.9";"CLP";"2026-02-24"
"Australia";"Cairns";"Excursión a la Gran Barrera de Coral y plataforma Reef Magic";"https://www.civitatis.com/es/cairns/excursion-gran-barrera-coral/";"Experience Co (Reef Magic Cruises)";"res@reefmagiccruises.com";"";"Reef Magic Cruises PTY LTD | 1/17 Castlereagh St, Sydney, Sídney, Australia";"";"203690.78";"21";"285";"8.1";"CLP";"2026-02-24"
"Australia";"Cairns";"Excursión a Kuranda en tren panorámico + Teleférico";"https://www.civitatis.com/es/cairns/excursion-kuranda-tren-panoramico-teleferico/";"Down Under Tours";"res@downundertours.com";"+61740479066";"Down Under Tours (Australia) Pty Ltd | 26 Redden Street, Cairns, Australia";"";"135147.21";"25";"365";"7.8";"CLP";"2026-02-24"
"Australia";"Cairns";"Excursión a Daintree, Mossman Gorge y Cape Tribulation";"https://www.civitatis.com/es/cairns/daintree-mossman-gorge-cape-tribulation/";"Down Under Tours";"res@downundertours.com";"+61740479066";"Down Under Tours (Australia) Pty Ltd | 26 Redden Street, Cairns, Australia";"";"189464.76";"34";"446";"7.6";"CLP";"2026-02-24"
"Australia";"Cairns";"Entrada al Acuario de Cairns";"https://www.civitatis.com/es/cairns/entrada-acuario-cairns/";"Cairns Aquarium";"accountsrec@cairnsaquarium.com.au";"0740447300";"Cairns Aquarium and Reef Research Centre | 5 Florence Street, Cairns, Australia";"";"37504.96";"1";"39";"8.0";"CLP";"2026-02-24"
"Australia";"Cairns";"Bautismo de buceo en la Gran Barrera de Coral";"https://www.civitatis.com/es/cairns/bautismo-buceo-gran-barrera-coral/";"Down Under Cruise And Dive";"steph@ducd.com.au";"+61740528300";"The Trustee for Down Under Dive PTY LTD | 287 Draper Street Paramatta Park, Cairns, Australia";"";"223089.9";"5";"106";"8.4";"CLP";"2026-02-24"
"Australia";"Cairns";"Excursión a Green Island";"https://www.civitatis.com/es/cairns/excursion-green-island/";"Experience Co (Big Cat)";"info@greenisland.com.au";"+61 7 4051 0444";"J & J WALLACE (PROJECTS) PTY LTD | PO Box Q1491, Queensland, Australia";"";"71130.11";"11";"126";"6.5";"CLP";"2026-02-24"
"Australia";"Cairns";"Excursión a Hartley's Crocodile Adventures";"https://www.civitatis.com/es/cairns/excursion-hartleys-crocodile-adventures/";"Down Under Tours";"res@downundertours.com";"+61740479066";"Down Under Tours (Australia) Pty Ltd | 26 Redden Street, Cairns, Australia";"";"80829.67";"3";"36";"9.3";"CLP";"2026-02-24"
"Australia";"Cairns";"Rafting en el Parque Nacional Barron Gorge";"https://www.civitatis.com/es/cairns/rafting-parque-barron-gorge/";"Cairns Adventure Group";"kristie@cairnsadventuregroup.com.au";"+617 4031 3460";"Sunmanor Pty Ltd | PO Box 460, Cairns, Australia";"";"93762.42";"0";"13";"0.0";"CLP";"2026-02-24"
"Australia";"Cairns";"Ferry a la isla Fitzroy";"https://www.civitatis.com/es/cairns/ferry-isla-fitzroy/";"Experience Co (Fitzroy Island Adventure)";"res@fitzroyislandadventures.com";"+61 7 4030 7907";"Fitrzoy Island Adventure | 1/17 Castlereagh St, Sídney, Australia";"";"62723.82";"6";"77";"6.7";"CLP";"2026-02-24"
"Australia";"Cairns";"Excursión a Atherton Tablelands";"https://www.civitatis.com/es/cairns/excursion-atherton-tablelands/";"Cairns Adventure Group";"kristie@cairnsadventuregroup.com.au";"+617 4031 3460";"Sunmanor Pty Ltd | PO Box 460, Cairns, Australia";"";"83416.22";"4";"35";"8.5";"CLP";"2026-02-24"
"Australia";"Cairns";"Excursión al Outback y Chillagoe";"https://www.civitatis.com/es/cairns/excursion-outback-chillagoe/";"Billy Tea Safaris";"steph@ducd.com.au";"+61740528300";"Cains Safaris PTY LTD | PO BOX 2377, Cairns, Australia";"";"154546.34";"0";"8";"0.0";"CLP";"2026-02-24"
"Australia";"Cairns";"Salto en paracaídas en Cairns";"https://www.civitatis.com/es/cairns/salto-paracaidas-cairns/";"Experience Co";"ar@skydive.com.au";"+61 2 9093 6570";"SKYDIVE AUSTRALIA COLLECTIONS PTY LTD | 1/17 Castlereagh St, Sydney, Sídney, Australia";"";"225676.45";"0";"2";"0.0";"CLP";"2026-02-24"
"Australia";"Cairns";"Tubing en la selva de Cairns";"https://www.civitatis.com/es/cairns/tubing-selva-cairns/";"Cairns Adventure Group";"kristie@cairnsadventuregroup.com.au";"+617 4031 3460";"Sunmanor Pty Ltd | PO Box 460, Cairns, Australia";"";"61430.55";"0";"0";"0.0";"CLP";"2026-02-24"
"Australia";"Cairns";"Paseo en barco por Trinity Inlet";"https://www.civitatis.com/es/cairns/paseo-barco-trinity-inlet/";"Cairns Adventure Group";"kristie@cairnsadventuregroup.com.au";"+617 4031 3460";"Sunmanor Pty Ltd | PO Box 460, Cairns, Australia";"";"42031.43";"0";"0";"0.0";"CLP";"2026-02-24"
"Australia";"Cairns";"Paseo en globo por Cairns";"https://www.civitatis.com/es/cairns/paseo-globo-cairns/";"Hot Air Balloon Cairns And Gold Coast";"res@hotair.com.au";"0740399900";"Hot Air Balloon Pty Ltd | 11 West Street Manunda, Cairns, Australia";"";"320085.51";"0";"7";"0.0";"CLP";"2026-02-24"
"Australia";"Cairns";"Excursión a Cattana y las cataratas del Barron + Skyrail Rainforest";"https://www.civitatis.com/es/cairns/cattana-cataratas-barron-skyrail-rainforest/";"Down Under Tours";"res@downundertours.com";"+61740479066";"Down Under Tours (Australia) Pty Ltd | 26 Redden Street, Cairns, Australia";"";"193344.58";"0";"40";"0.0";"CLP";"2026-02-24"
"Australia";"Darwin";"Excursión al Parque Nacional Nitmiluk + Paseo en barco";"https://www.civitatis.com/es/darwin/excursion-parque-nitmiluk-paseo-barco/";"Aat Kings";"sales@aatkings.com.au";"+61 1300 556 100";"AAT Kings Tours PTY LTD | 82-86 Bourke Rd, Alejandría, Australia";"";"212743.7";"1";"9";"10.0";"CLP";"2026-02-24"
"Australia";"Darwin";"Autobús turístico de Darwin";"https://www.civitatis.com/es/darwin/autobus-turistico-darwin/";"Big Bus Tours - Aud";"DanieleZ@bigbustours.com";"+61 2 9567 8400";"Big Bus Tours Ltd | 5th Floor, 110 Buckingham Palace Road, Londres, Reino Unido";"";"22632.3";"0";"7";"0.0";"CLP";"2026-02-24"
"Australia";"Darwin";"Entrada a la Crocosaurus Cove";"https://www.civitatis.com/es/darwin/entrada-crocosaurus-cove/";"Crocosaurus Cove";"sales@croccove.com";"08 8981 7522";"CROCOSAURUS COVE | 58 Mitchell Street, Darwin City, Darwin, Australia";"";"25865.49";"0";"2";"0.0";"CLP";"2026-02-24"
"Australia";"Darwin";"Crucero por Darwin al atardecer";"https://www.civitatis.com/es/darwin/crucero-darwin-atardecer/";"Darwin Harbour Cruises";"sales@darwinharbourcruises.com.au";"0889423131";"Journey Beyond Cruises Darwin PTY | Stokes Hill Wharf, Darwin, Darwin, Australia";"";"83416.22";"1";"1";"10.0";"CLP";"2026-02-24"
"Australia";"Darwin";"Tour en moto de agua por Darwin";"https://www.civitatis.com/es/darwin/tour-moto-agua-darwin/";"00Seven Adventures";"sales@00seven.com.au";"0498328346";"00Seven Adventures PTY LTD | F3/ 19 Kitchener Drive, Darwin, Australia";"";"122214.46";"0";"0";"0.0";"CLP";"2026-02-24"
"Australia";"Darwin";"Tour por Darwin";"https://www.civitatis.com/es/darwin/tour-darwin/";"Aat Kings";"sales@aatkings.com.au";"+61 1300 556 100";"AAT Kings Tours PTY LTD | 82-86 Bourke Rd, Alejandría, Australia";"";"70483.47";"0";"0";"0.0";"CLP";"2026-02-24"
"Australia";"Darwin";"Tour privado por Darwin con guía en español";"https://www.civitatis.com/es/darwin/tour-privado-darwin/";"Nt Top Adventures";"mattiamorelli@hotmail.com";"+61413483901";"Mattia Morelli | 56 Rothdale Rd, Moil, Australia";"";"775964.88";"0";"1";"0.0";"CLP";"2026-02-24"
"Australia";"Darwin";"Excursión al Parque Nacional Kakadu";"https://www.civitatis.com/es/darwin/excursion-parque-kakadu/";"Aat Kings";"sales@aatkings.com.au";"+61 1300 556 100";"AAT Kings Tours PTY LTD | 82-86 Bourke Rd, Alejandría, Australia";"";"242489.02";"0";"28";"0.0";"CLP";"2026-02-24"
"Australia";"Darwin";"Excursión a la isla Bathurst";"https://www.civitatis.com/es/darwin/excursion-isla-bathurst/";"Aat Kings";"sales@aatkings.com.au";"+61 1300 556 100";"AAT Kings Tours PTY LTD | 82-86 Bourke Rd, Alejandría, Australia";"";"300686.39";"0";"3";"0.0";"CLP";"2026-02-24"
"Australia";"Yulara";"Excursión al Parque Nacional Uluru-Kata Tjuta al atardecer";"https://www.civitatis.com/es/yulara/excursion-uluru-kata-tjuta-atardecer/";"Aat Kings";"sales@aatkings.com.au";"+61 1300 556 100";"AAT Kings Tours PTY LTD | 82-86 Bourke Rd, Alejandría, Australia";"";"128680.84";"7";"155";"7.1";"CLP";"2026-02-24"
"Australia";"Yulara";"Excursión al Parque Nacional Uluru-Kata Tjuta al amanecer";"https://www.civitatis.com/es/yulara/excursion-uluru-kata-tjuta-amanecer/";"Aat Kings";"sales@aatkings.com.au";"+61 1300 556 100";"AAT Kings Tours PTY LTD | 82-86 Bourke Rd, Alejandría, Australia";"";"128680.84";"6";"196";"5.7";"CLP";"2026-02-24"
"Australia";"Yulara";"Tour en segway por el Uluru al amanecer";"https://www.civitatis.com/es/yulara/tour-segway-uluru-kata-tjuta/";"Uluru Segway Tours";"marketing@ulurusegwaytours.com.au";"+61 8 8956 3043";"Uluru Segway Tours | 11 Giles St, East Side, NT 0870, Yulara, Australia";"";"154546.34";"1";"16";"10.0";"CLP";"2026-02-24"
"Australia";"Yulara";"Senderismo por el Uluru";"https://www.civitatis.com/es/yulara/senderismo-uluru/";"Aat Kings";"sales@aatkings.com.au";"+61 1300 556 100";"AAT Kings Tours PTY LTD | 82-86 Bourke Rd, Alejandría, Australia";"";"128680.84";"2";"4";"9.0";"CLP";"2026-02-24"
"Australia";"Yulara";"Alquiler de bicicleta en Uluru-Kata Tjuta";"https://www.civitatis.com/es/yulara/alquiler-bicicleta-uluru-kata-tjuta/";"Outback Group Nt";"central@outbackgroupnt.com.au";"08 8952 1541";"Outback Cycling | 6/63 Todd Street Mall, Alice Springs, Australia";"";"51730.99";"0";"7";"0.0";"CLP";"2026-02-24"
"Australia";"Yulara";"Excursión a Kata Tjuta y Valle de los Vientos";"https://www.civitatis.com/es/yulara/excursion-kata-tjuta-valle-vientos/";"Aat Kings";"sales@aatkings.com.au";"+61 1300 556 100";"AAT Kings Tours PTY LTD | 82-86 Bourke Rd, Alejandría, Australia";"";"141613.59";"1";"16";"8.0";"CLP";"2026-02-24"
"Australia";"Port Douglas";"Excursión a Daintree, Mossman Gorge y Cape Tribulation";"https://www.civitatis.com/es/port-douglas/daintree-mossman-gorge-cape-tribulation/";"Down Under Tours";"res@downundertours.com";"+61740479066";"Down Under Tours (Australia) Pty Ltd | 26 Redden Street, Cairns, Australia";"";"189464.76";"2";"25";"10.0";"CLP";"2026-02-24"
"Australia";"Port Douglas";"Snorkel en la Gran Barrera de Coral";"https://www.civitatis.com/es/port-douglas/snorkel-gran-barrera-coral/";"Experience Co (Calypso)";"info@calypsoreefcruises.com";"+61 7 4099 6999";"CALYPSO REEF CHARTERS PTY. LTD. | Queen Victoria building NSW 1230, Sídney, Australia";"";"206277.33";"0";"52";"0.0";"CLP";"2026-02-24"
"Australia";"Port Douglas";"Excursión a Hartley's Crocodile Adventures";"https://www.civitatis.com/es/port-douglas/excursion-hartleys-crocodile-adventures/";"Down Under Tours";"res@downundertours.com";"+61740479066";"Down Under Tours (Australia) Pty Ltd | 26 Redden Street, Cairns, Australia";"";"80829.67";"0";"5";"0.0";"CLP";"2026-02-24"
"Australia";"Port Douglas";"Buceo en la Gran Barrera de Coral";"https://www.civitatis.com/es/port-douglas/buceo-gran-barrera-coral/";"Scuba Iq";"info@scubaiq.com.au";"+614040964878";"M CONNOLLY & L GILL | PO Box 588, Port Douglas, Australia";"";"404148.37";"0";"2";"0.0";"CLP";"2026-02-24"
"Australia";"Port Douglas";"Excursión a Kuranda en tren panorámico + Teleférico";"https://www.civitatis.com/es/port-douglas/excursion-kuranda-tren-panoramico-teleferico/";"Down Under Tours";"res@downundertours.com";"+61740479066";"Down Under Tours (Australia) Pty Ltd | 26 Redden Street, Cairns, Australia";"";"172005.55";"0";"2";"0.0";"CLP";"2026-02-24"
"Australia";"Port Douglas";"Rafting en el Parque Nacional Barron Gorge";"https://www.civitatis.com/es/port-douglas/rafting-parque-barron-gorge/";"Cairns Adventure Group";"kristie@cairnsadventuregroup.com.au";"+617 4031 3460";"Sunmanor Pty Ltd | PO Box 460, Cairns, Australia";"";"102815.34";"0";"7";"0.0";"CLP";"2026-02-24"
"Australia";"Port Douglas";"Paseo en globo por Port Douglas";"https://www.civitatis.com/es/port-douglas/paseo-globo-port-douglas/";"Hot Air Balloon Cairns And Gold Coast";"res@hotair.com.au";"0740399900";"Hot Air Balloon Pty Ltd | 11 West Street Manunda, Cairns, Australia";"";"320085.51";"0";"2";"0.0";"CLP";"2026-02-24"
"Australia";"Port Douglas";"Excursión a Daintree y Cooya Beach";"https://www.civitatis.com/es/port-douglas/excursion-daintree-cooya-beach/";"Down Under Tours";"res@downundertours.com";"+61740479066";"Down Under Tours (Australia) Pty Ltd | 26 Redden Street, Cairns, Australia";"";"258008.32";"0";"0";"0.0";"CLP";"2026-02-24"
"Australia";"Port Douglas";"Excursión a Cattana y las cascadas del Barron + Skyrail Rainforest";"https://www.civitatis.com/es/port-douglas/cattana-cataratas-barron-skyrail-rainforest/";"Down Under Tours";"res@downundertours.com";"+61740479066";"Down Under Tours (Australia) Pty Ltd | 26 Redden Street, Cairns, Australia";"";"225676.45";"0";"0";"0.0";"CLP";"2026-02-24"
"Australia";"Sunshine Coast";"Excursión al Australia Zoo";"https://www.civitatis.com/es/sunshine-coast/excursion-australia-zoo/";"Croc Tours";"richie@4utransfersandtours.com.au";"0476298728";"R.M BARNETT & L ROGERS 4U Transfers & Tours | 17/19 Brisbane Road, Mooloolaba, Brisbane, Australia";"";"109281.72";"0";"0";"0.0";"CLP";"2026-02-24"
"Australia";"Sunshine Coast";"Tour en autobús anfibio por Sunshine Coast";"https://www.civitatis.com/es/sunshine-coast/tour-autobus-anfibio-sunshine-coast/";"Aquaduck";"zoe@aquaduck.com.au";"+61755390222";"Aquaduck | 36 Cavill Avenue, Surfers Paradise, Australia";"";"32331.87";"0";"10";"0.0";"CLP";"2026-02-24"
"Australia";"Isla Phillip";"Desfile de pingüinos en la Isla Phillip";"https://www.civitatis.com/es/isla-phillip/desfile-pinguinos-isla-phillip/";"Be My Guest";"natalie.ng@bemyguest.com.sg";"+65 3158 0490";"Bemyguest Pte Ltd | 80 Changi Road, #03-01, The Centropod , Singapur, Singapur";"";"20214.28";"0";"15";"0.0";"CLP";"2026-02-24"
"Australia";"Isla Phillip";"Avistamiento de leones marinos en la Isla Phillip";"https://www.civitatis.com/es/isla-phillip/avistamiento-leones-marinos/";"Wildlife Coast Cruises";"info@wildlifecoastcruises.com.au";"0359523501";"Wildlife Coast Cruises Pty Ltd | 11/13 The Esplanade, Cowes, Australia";"";"74363.3";"0";"8";"0.0";"CLP";"2026-02-24"
"Australia";"Isla Phillip";"Paseo en barco por la Isla Phillip";"https://www.civitatis.com/es/isla-phillip/paseo-barco-isla-phillip/";"Wildlife Coast Cruises";"info@wildlifecoastcruises.com.au";"0359523501";"Wildlife Coast Cruises Pty Ltd | 11/13 The Esplanade, Cowes, Australia";"";"31685.23";"0";"2";"0.0";"CLP";"2026-02-24"
"Australia";"Isla Phillip";"Entrada a los Parques Naturales de la Isla Phillip";"https://www.civitatis.com/es/isla-phillip/entrada-parques-isla-phillip/";"Be My Guest";"natalie.ng@bemyguest.com.sg";"+65 3158 0490";"Bemyguest Pte Ltd | 80 Changi Road, #03-01, The Centropod , Singapur, Singapur";"";"10829.08";"0";"25";"0.0";"CLP";"2026-02-24"
"Australia";"Isla Phillip";"Avistamiento de ballenas en la Isla Phillip";"https://www.civitatis.com/es/isla-phillip/avistamiento-delfines-ballenas/";"Wildlife Coast Cruises";"info@wildlifecoastcruises.com.au";"0359523501";"Wildlife Coast Cruises Pty Ltd | 11/13 The Esplanade, Cowes, Australia";"";"115748.09";"0";"2";"0.0";"CLP";"2026-02-24"
"Australia";"Alice Springs";"Excursión al Parque Nacional MacDonnell Oeste";"https://www.civitatis.com/es/alice-springs/excursion-parque-nacional-macdonnell-oeste/";"Aat Kings";"sales@aatkings.com.au";"+61 1300 556 100";"AAT Kings Tours PTY LTD | 82-86 Bourke Rd, Alejandría, Australia";"";"83416.22";"0";"2";"0.0";"CLP";"2026-02-24"
"Australia";"Alice Springs";"Tour por Alice Springs";"https://www.civitatis.com/es/alice-springs/tour-alice-springs/";"Aat Kings";"sales@aatkings.com.au";"+61 1300 556 100";"AAT Kings Tours PTY LTD | 82-86 Bourke Rd, Alejandría, Australia";"";"115748.09";"0";"2";"0.0";"CLP";"2026-02-24"
"Australia";"Alice Springs";"Paseo en globo por Alice Springs";"https://www.civitatis.com/es/alice-springs/paseo-globo-alice-springs/";"Outback Ballooning Australia Pty Ltd";"sales@outbackballooning.com.au";"0889528723";"Outback Ballooning Australia Pty Ltd | 35 Kennett Court, Alice Springs, Australia";"";"236022.65";"1";"3";"10.0";"CLP";"2026-02-24"
"Australia";"Alice Springs";"Excursión en 4x4 al Valle de Palm";"https://www.civitatis.com/es/alice-springs/excursion-4x4-valle-palm/";"Aat Kings";"sales@aatkings.com.au";"+61 1300 556 100";"AAT Kings Tours PTY LTD | 82-86 Bourke Rd, Alejandría, Australia";"";"173945.46";"0";"0";"0.0";"CLP";"2026-02-24"
"Australia";"Byron Bay";"Tour en kayak por Byron Bay";"https://www.civitatis.com/es/byron-bay/tour-kayak-byron-bay/";"Go Sea Kayak Byron Bay";"kurt.t@goseakayak.com.au";"0416222344";"Go Sea Kayak | 2 Oakland court, Byron Bay, Australia";"";"57550.72";"0";"15";"0.0";"CLP";"2026-02-24"
"Australia";"Byron Bay";"Experiencia Hinterland Magic y Glow-worm";"https://www.civitatis.com/es/byron-bay/experiencia-hinterland-magic-glow-worm/";"Silveira Pty Ltd";"info@riseupbyrontours.com";"+61450913145";"SILVEIRA & SERRAT PTY LTD | 711 Whian Whian Rd, Byron Bay, Australia";"";"83416.22";"0";"2";"0.0";"CLP";"2026-02-24"
"Australia";"Byron Bay";"Salto en paracaídas en Byron Bay";"https://www.civitatis.com/es/byron-bay/salto-paracaidas-byron-bay/";"Experience Co";"ar@skydive.com.au";"+61 2 9093 6570";"SKYDIVE AUSTRALIA COLLECTIONS PTY LTD | 1/17 Castlereagh St, Sydney, Sídney, Australia";"";"245075.57";"0";"1";"0.0";"CLP";"2026-02-24"
"Australia";"Byron Bay";"Avistamiento de ballenas en el Parque Marino de Cape Byron";"https://www.civitatis.com/es/byron-bay/avistamiento-ballenas-cape-byron/";"Out Of The Blue Adventures";"info@outoftheblueadventures.com";"0407522422";"LIVE QUERETEANDO TOURS | UNIT 2 19 BERYL PL, LENNOX HEAD, Australia";"";"83416.22";"0";"1";"0.0";"CLP";"2026-02-24"
"Australia";"Byron Bay";"Avistamiento de delfines en el Parque Marino de Cape Byron";"https://www.civitatis.com/es/byron-bay/avistamiento-delfines-cape-byron/";"Out Of The Blue Adventures";"info@outoftheblueadventures.com";"0407522422";"LIVE QUERETEANDO TOURS | UNIT 2 19 BERYL PL, LENNOX HEAD, Australia";"";"61430.55";"0";"0";"0.0";"CLP";"2026-02-24"
"Australia";"Hobart";"Excursión a Port Arthur y Richmond";"https://www.civitatis.com/es/hobart/excursion-port-arthur-richmond/";"Experience Tasmania Gray Line";"admin@experiencetas.com.au";"+61 3 62343336";"Experience Tasmania Tours & Charters Pty Ltd | 129 Liverpool St, Hobart, Australia";"";"109928.35";"3";"16";"8.7";"CLP";"2026-02-24"
"Australia";"Hobart";"Excursión a la isla Bruny";"https://www.civitatis.com/es/hobart/excursion-isla-bruny/";"Pennicott Wilderness Journeys";"melinda@pennicottjourneys.com.au";"0362344270";"Pennicott Wilderness Journeys Pty Ltd | 1 Franklin Wharf, Hobart, Australia";"";"177825.28";"1";"22";"10.0";"CLP";"2026-02-24"
"Australia";"Hobart";"Paseo en barco por la isla Tasman";"https://www.civitatis.com/es/hobart/paseo-barco-isla-tasman/";"Pennicott Wilderness Journeys";"melinda@pennicottjourneys.com.au";"0362344270";"Pennicott Wilderness Journeys Pty Ltd | 1 Franklin Wharf, Hobart, Australia";"";"177825.28";"1";"8";"10.0";"CLP";"2026-02-24"
"Australia";"Hobart";"Excursión a Wineglass Bay y Freycinet";"https://www.civitatis.com/es/hobart/excursion-wineglass-bay-freycinet/";"Wineglass Bay Discovery Tours";"alex@wineglassbaydiscovery.tours";"+61412636463";"ALESSANDRO CASTI | 2/5 Aberdeen Street, Hobart, Australia";"";"109281.72";"0";"6";"0.0";"CLP";"2026-02-24"
"Australia";"Hobart";"Excursión al valle de Huon y cuevas Hastings";"https://www.civitatis.com/es/hobart/excursion-valle-huon-cuevas-hastings/";"Tassie Tours Tasmania";"Info@tassietours.com";"+61 409 404 337";"Tassie Tours Pty Ltd | 101 Albert Rd, Hobart, Australia";"";"129327.48";"0";"29";"0.0";"CLP";"2026-02-24"
"Australia";"Hobart";"Excursión a Richmond y Bonorong Wildlife Sanctuary";"https://www.civitatis.com/es/hobart/excursion-richmond-bonorong-wildlife-sanctuary/";"Experience Tasmania Gray Line";"admin@experiencetas.com.au";"+61 3 62343336";"Experience Tasmania Tours & Charters Pty Ltd | 129 Liverpool St, Hobart, Australia";"";"119627.92";"4";"13";"8.0";"CLP";"2026-02-24"
"Australia";"Hobart";"Excursión al Parque Nacional del Monte Field";"https://www.civitatis.com/es/hobart/excursion-parque-monte-field-richmond/";"Experience Tasmania Gray Line";"admin@experiencetas.com.au";"+61 3 62343336";"Experience Tasmania Tours & Charters Pty Ltd | 129 Liverpool St, Hobart, Australia";"";"116394.73";"0";"7";"0.0";"CLP";"2026-02-24"
"Australia";"Hobart";"Paseo en barco por la costa de Tasmania";"https://www.civitatis.com/es/hobart/paseo-barco-costa-tasmania/";"Pennicott Wilderness Journeys";"melinda@pennicottjourneys.com.au";"0362344270";"Pennicott Wilderness Journeys Pty Ltd | 1 Franklin Wharf, Hobart, Australia";"";"93762.42";"0";"2";"0.0";"CLP";"2026-02-24"
"Australia";"Hobart";"Excursión a Port Arthur por libre con entrada";"https://www.civitatis.com/es/hobart/traslado-port-arthur/";"Pennicott Wilderness Journeys";"melinda@pennicottjourneys.com.au";"0362344270";"Pennicott Wilderness Journeys Pty Ltd | 1 Franklin Wharf, Hobart, Australia";"";"25865.49";"0";"2";"0.0";"CLP";"2026-02-24"
"Australia";"Hobart";"Tour panorámico por Hobart";"https://www.civitatis.com/es/hobart/tour-panoramico-hobart/";"Experience Tasmania Gray Line";"admin@experiencetas.com.au";"+61 3 62343336";"Experience Tasmania Tours & Charters Pty Ltd | 129 Liverpool St, Hobart, Australia";"";"42031.43";"2";"5";"8.0";"CLP";"2026-02-24"
"Australia";"Hobart";"Excursión a la isla Bruny con paseo en barco";"https://www.civitatis.com/es/hobart/excursion-isla-bruny-paseo-barco/";"Pennicott Wilderness Journeys";"melinda@pennicottjourneys.com.au";"0362344270";"Pennicott Wilderness Journeys Pty Ltd | 1 Franklin Wharf, Hobart, Australia";"";"177825.28";"0";"5";"0.0";"CLP";"2026-02-24"
"Australia";"Port Arthur";"Paseo en barco por la isla Tasman";"https://www.civitatis.com/es/port-arthur/paseo-barco-isla-tasman/";"Pennicott Wilderness Journeys";"melinda@pennicottjourneys.com.au";"0362344270";"Pennicott Wilderness Journeys Pty Ltd | 1 Franklin Wharf, Hobart, Australia";"";"116394.73";"0";"6";"0.0";"CLP";"2026-02-24"
"Australia";"Port Arthur";"Paseo en barco por Cape Raoul";"https://www.civitatis.com/es/port-arthur/paseo-barco-cape-raoul/";"Pennicott Wilderness Journeys";"melinda@pennicottjourneys.com.au";"0362344270";"Pennicott Wilderness Journeys Pty Ltd | 1 Franklin Wharf, Hobart, Australia";"";"113161.54";"0";"2";"0.0";"CLP";"2026-02-24"
"Australia";"Geelong";"Paseo en globo por Geelong";"https://www.civitatis.com/es/geelong/paseo-globo-geelong/";"Liberty Balloon Flights Pty Ltd";"info@libertyballoonflights.com.au";"+61400694299";"Liberty Balloon Flights Pty Ltd | 164 Amess Street  Carlton North  Victoria, Carlton North, Australia";"";"265121.33";"0";"0";"0.0";"CLP";"2026-02-24"
"Australia";"Geelong";"Curso de surf en Torquay";"https://www.civitatis.com/es/geelong/curso-surf-geelong/";"Go Ride A Wave";"info@gorideawave.com.au";"+61 400182010";"Go Ride a Wave PTY LTD | 7 Barclay Drive , CASUARINA, Australia";"";"54317.54";"0";"0";"0.0";"CLP";"2026-02-24"
"Australia";"Geelong";"Visita guiada por Geelong";"https://www.civitatis.com/es/geelong/visita-guiada-geelong/";"Geelong Tours";"geelongtours@gmail.com";"0412066000";"Geelong Tours Pty Ltd | 36 Pollard Drive, Leopold, Australia";"";"22632.3";"0";"0";"0.0";"CLP";"2026-02-24"
"Australia";"Isla de Lord Howe";"Bautismo de buceo en la isla de Lord Howe";"https://www.civitatis.com/es/isla-lord-howe/bautismo-buceo-isla-lord-howe/";"Pro Dive Lord Howe Island";"lisa@divelordhowe.com";"02 6563 2253";"Pro Dive Lord Howe Pty Ltd | 2 lagoon road, Isla de Lord Howe, Australia";"";"168125.72";"0";"0";"0.0";"CLP";"2026-02-24"
"Australia";"Isla de Lord Howe";"Buceo en la isla de Lord Howe";"https://www.civitatis.com/es/isla-lord-howe/buceo-isla-lord-howe/";"Pro Dive Lord Howe Island";"lisa@divelordhowe.com";"02 6563 2253";"Pro Dive Lord Howe Pty Ltd | 2 lagoon road, Isla de Lord Howe, Australia";"";"135793.85";"0";"0";"0.0";"CLP";"2026-02-24"
"Australia";"Isla de Lord Howe";"Snorkel con tiburones de Galápagos en la isla de Lord Howe";"https://www.civitatis.com/es/isla-lord-howe/snorkel-tiburones-galapagos/";"Pro Dive Lord Howe Island";"lisa@divelordhowe.com";"02 6563 2253";"Pro Dive Lord Howe Pty Ltd | 2 lagoon road, Isla de Lord Howe, Australia";"";"142260.22";"0";"0";"0.0";"CLP";"2026-02-24"
"Australia";"Newcastle";"Tour panorámico por Newcastle";"https://www.civitatis.com/es/newcastle/tour-panoramico-newcastle/";"Newy Tour Co";"keira@newytourco.com.au";"0432044160";"K Bourke & N Corrigan | U 2  16 WATT ST, Newcastle upon Tyne, Australia";"";"63370.46";"0";"0";"0.0";"CLP";"2026-02-24"
"Australia";"Newcastle";"Salto en paracaídas en Newcastle";"https://www.civitatis.com/es/newcastle/salto-paracaidas-newcastle/";"Experience Co";"ar@skydive.com.au";"+61 2 9093 6570";"SKYDIVE AUSTRALIA COLLECTIONS PTY LTD | 1/17 Castlereagh St, Sydney, Sídney, Australia";"";"225676.45";"0";"0";"0.0";"CLP";"2026-02-24"
"Australia";"Newcastle";"Tour de viñedos y bodegas por el valle de Hunter";"https://www.civitatis.com/es/newcastle/tour-vinedos-bodegas-valle-hunter/";"Newy Tour Co";"keira@newytourco.com.au";"0432044160";"K Bourke & N Corrigan | U 2  16 WATT ST, Newcastle upon Tyne, Australia";"";"148079.96";"0";"0";"0.0";"CLP";"2026-02-24"
"Australia";"Newcastle";"Excursión a Port Stephens + Avistamiento de delfines";"https://www.civitatis.com/es/newcastle/excursion-port-stephens/";"Newy Tour Co";"keira@newytourco.com.au";"0432044160";"K Bourke & N Corrigan | U 2  16 WATT ST, Newcastle upon Tyne, Australia";"";"155192.97";"0";"0";"0.0";"CLP";"2026-02-24"
"Australia";"Tweed Heads";"Paseo en barco al atardecer por el río Tweed";"https://www.civitatis.com/es/tweed-heads/paseo-barco-atardecer-rio-tweed/";"Tweed Eco Cruises";"info@tweedecocruises.com";"0755368800";"TWEED ECO CRUISES PTY. LTD. | 2 river terrace tweed heads, Tweed Heads, Australia";"";"43971.34";"0";"2";"0.0";"CLP";"2026-02-24"
"Australia";"Tweed Heads";"Paseo en barco con avistamiento de aves";"https://www.civitatis.com/es/tweed-heads/paseo-barco-avistamiento-aves/";"Vio Travel";"michael@vio.travel";"+66922472382";"Experience Asia Travel Ltd | 610 Nathan Road, Mongkok, Kowloon, Hong Kong, Kowloon, Hong Kong";"";"34708.37";"0";"0";"0.0";"CLP";"2026-02-24"
"Australia";"Coles Bay";"Paseo en barco por la península de Freycinet y Wineglass Bay";"https://www.civitatis.com/es/coles-bay/paseo-barco-freycinet-wineglass-bay/";"Pennicott Wilderness Journeys";"melinda@pennicottjourneys.com.au";"0362344270";"Pennicott Wilderness Journeys Pty Ltd | 1 Franklin Wharf, Hobart, Australia";"";"116394.73";"0";"0";"0.0";"CLP";"2026-02-24"
"Australia";"Coles Bay";"Crucero con comida por la península de Freycinet y Wineglass Bay";"https://www.civitatis.com/es/coles-bay/crucero-comida-freycinet-wineglass-bay/";"Pennicott Wilderness Journeys";"melinda@pennicottjourneys.com.au";"0362344270";"Pennicott Wilderness Journeys Pty Ltd | 1 Franklin Wharf, Hobart, Australia";"";"129327.48";"0";"0";"0.0";"CLP";"2026-02-24"
"Australia";"Mission Beach";"Salto en paracaídas en Mission Beach";"https://www.civitatis.com/es/mission-beach/salto-paracaidas-mission-beach/";"Experience Co";"ar@skydive.com.au";"+61 2 9093 6570";"SKYDIVE AUSTRALIA COLLECTIONS PTY LTD | 1/17 Castlereagh St, Sydney, Sídney, Australia";"";"245075.57";"1";"2";"10.0";"CLP";"2026-02-24"
"Australia";"Mission Beach";"Snorkel en la Gran Barrera de Coral";"https://www.civitatis.com/es/mission-beach/snorkel-gran-barrera-coral/";"Mission Beach Dive";"info@missionbeachdive.com";"0407961154";"Mission Beach Dive | Clump Point Road, Mission Beach, QLD, Mission Beach, Australia";"";"122214.46";"0";"2";"0.0";"CLP";"2026-02-24"
"Australia";"Broome";"Tour por la península Dampier";"https://www.civitatis.com/es/broome/tour-peninsula-dampier/";"Australian Pinnacle Tours";"graeme.skeggs@pinnacletravelgroup.com.au";"+61 8 62706060";"Passenger Transport Services Pty Ltd | GPO BOX A29,, Perth Wa, Australia";"";"225676.45";"0";"0";"0.0";"CLP";"2026-02-24"
"Australia";"Broome";"Tour por Broome y Willie Creek + Atardecer en Gantheaume Point";"https://www.civitatis.com/es/broome/tour-broome-willie-creek-gantheaume/";"Australian Pinnacle Tours";"graeme.skeggs@pinnacletravelgroup.com.au";"+61 8 62706060";"Passenger Transport Services Pty Ltd | GPO BOX A29,, Perth Wa, Australia";"";"70483.47";"0";"0";"0.0";"CLP";"2026-02-24"
"Australia";"Isla de Rottnest";"Tour por la isla de Rottnest";"https://www.civitatis.com/es/isla-de-rottnest/tour-isla-rottnest/";"Australian Pinnacle Tours";"graeme.skeggs@pinnacletravelgroup.com.au";"+61 8 62706060";"Passenger Transport Services Pty Ltd | GPO BOX A29,, Perth Wa, Australia";"";"34918.41";"0";"24";"0.0";"CLP";"2026-02-24"
"Australia";"Huskisson";"Paseo en barco por Jervis Bay";"https://www.civitatis.com/es/huskisson/paseo-barco-jervis-bay/";"Jervis Bay Wild Pty Ltd";"cruise@jervisbaywild.com.au";"0244417002";"Jervis Bay Wild Pty Ltd | 15 Field Street Huskisson, Jervis Bay, Australia";"";"70483.47";"0";"0";"0.0";"CLP";"2026-02-24"
"Australia";"Huskisson";"Avistamiento de delfines en Jervis Bay";"https://www.civitatis.com/es/huskisson/avistamiento-delfines-jervis-bay/";"Jervis Bay Wild Pty Ltd";"cruise@jervisbaywild.com.au";"0244417002";"Jervis Bay Wild Pty Ltd | 15 Field Street Huskisson, Jervis Bay, Australia";"";"38151.6";"0";"0";"0.0";"CLP";"2026-02-24"
"Australia";"Huskisson";"Avistamiento de ballenas en Jervis Bay";"https://www.civitatis.com/es/huskisson/avistamiento-ballenas-jervis-bay/";"Jervis Bay Wild Pty Ltd";"cruise@jervisbaywild.com.au";"0244417002";"Jervis Bay Wild Pty Ltd | 15 Field Street Huskisson, Jervis Bay, Australia";"";"48497.8";"0";"0";"0.0";"CLP";"2026-02-24"
"Australia";"Katoomba";"Tour en camión militar por las Montañas Azules";"https://www.civitatis.com/es/katoomba/tour-camion-militar-montanas-azules/";"Beyond The Blacktop Adventure Tours";"bookings@beyondtheblacktop.com.au";"0430348616";"Beyond The Blacktop Adventure Tours | 132 White Cross Road, Winmalee, Australia";"";"96348.97";"0";"4";"0.0";"CLP";"2026-02-24"
"Australia";"Katoomba";"Tour en 4x4 por las Montañas Azules";"https://www.civitatis.com/es/katoomba/tour-4x4-montanas-azules/";"Beyond The Blacktop Adventure Tours";"bookings@beyondtheblacktop.com.au";"0430348616";"Beyond The Blacktop Adventure Tours | 132 White Cross Road, Winmalee, Australia";"";"213390.34";"0";"2";"0.0";"CLP";"2026-02-24"
"Australia";"Exmouth";"Tour en kayak por Exmouth";"https://www.civitatis.com/es/exmouth/tour-kayak-exmouth/";"Exmouth Adventure Co.";"info@exmouthadventureco.com.au";"0477685123";"Exmouth Adventure Co | 24 Pelias Street, Exmouth, Australia";"";"96995.61";"0";"0";"0.0";"CLP";"2026-02-24"
"Australia";"Exmouth";"Excursión a Ningaloo";"https://www.civitatis.com/es/exmouth/excursion-ningaloo/";"Exmouth Adventure Co.";"info@exmouthadventureco.com.au";"0477685123";"Exmouth Adventure Co | 24 Pelias Street, Exmouth, Australia";"";"158426.16";"0";"0";"0.0";"CLP";"2026-02-24"
"Australia";"Exmouth";"Nado con ballenas jorobadas o tiburones ballena en la Costa de Ningaloo";"https://www.civitatis.com/es/exmouth/nado-tiburones-ballena-costa-ningaloo/";"Kings Ningaloo Reef Tours";"info@kingsningalooreeftours.com.au";"+61 899491764";"Ningaloo Echo Tours Pty Ltd | PO Box 856, Exmouth WA 6707, Exmouth, Australia";"";"290986.83";"1";"2";"10.0";"CLP";"2026-02-24"
"Australia";"Dunsborough";"Tour privado por Margaret River";"https://www.civitatis.com/es/dunsborough/tour-privado-margaret-river/";"All About Margaret River";"ezequiel@allaboutmargaretriver.com.au";"0455608008";"All About Margaret River Pty Ltd | 12 Mann St, Margaret River, Australia";"";"420314.31";"0";"0";"0.0";"CLP";"2026-02-24"
"Australia";"Dunsborough";"Avistamiento de ballenas en la bahía Geographe";"https://www.civitatis.com/es/dunsborough/avistamiento-ballenas-bahia-geographe/";"Indi Blue Pty Ltd";"info@whales-australia.com.au";"0897505500";"Indi Blue Pty Ltd | Shop 1, 25 Dunn Bay Road, Dunsborough, Australia";"";"61430.55";"0";"0";"0.0";"CLP";"2026-02-24"
"Australia";"Margaret River";"Tour gastronómico por Augusta Margaret River";"https://www.civitatis.com/es/margaret-river/tour-gastronomico-augusta-margaret-river/";"All About Margaret River";"ezequiel@allaboutmargaretriver.com.au";"0455608008";"All About Margaret River Pty Ltd | 12 Mann St, Margaret River, Australia";"";"109928.35";"0";"0";"0.0";"CLP";"2026-02-24"
"Australia";"Margaret River";"Tour privado por Margaret River";"https://www.civitatis.com/es/margaret-river/tour-privado-margaret-river/";"All About Margaret River";"ezequiel@allaboutmargaretriver.com.au";"0455608008";"All About Margaret River Pty Ltd | 12 Mann St, Margaret River, Australia";"";"420314.31";"0";"0";"0.0";"CLP";"2026-02-24"
"Australia";"Margaret River";"Curso de surf en Margaret River";"https://www.civitatis.com/es/margaret-river/curso-surf-margaret-river/";"Margaret River Surfing Academy";"info@mrsurf.com.au";"0418958264";"Margaret River Surfing Academy Pty Ltd | 2 Percy Street, Gracetown, Australia";"";"38798.24";"0";"2";"0.0";"CLP";"2026-02-24"
"Australia";"Canberra";"Tour por Canberra";"https://www.civitatis.com/es/canberra/tour-canberra/";"Canberra Guided Tours";"hermes.neil@gmail.com";"0413828045";"Capital Country Holdings | PO Box 5222 Garran ACT 2605, Canberra, Australia";"";"172855.92";"2";"10";"9.0";"CLP";"2026-02-24"
"Australia";"Canberra";"Excursión a las bodegas de Murrumbateman";"https://www.civitatis.com/es/canberra/excursion-bodegas-murrumbatemann/";"Merry Heart Cbr";"reception@merryheartcbr.com.au";"0432785654";"Merry Heart Pty Ltd | 23 Vahland St., Taylor Act, Canberra, Australia";"";"128680.84";"0";"0";"0.0";"CLP";"2026-02-24"
"Australia";"Canberra";"Tour por la Reserva Natural de Tidbinbilla";"https://www.civitatis.com/es/canberra/tour-reserva-natural-tidbinbilla/";"Canberra Guided Tours";"hermes.neil@gmail.com";"0413828045";"Capital Country Holdings | PO Box 5222 Garran ACT 2605, Canberra, Australia";"";"136272.66";"0";"5";"0.0";"CLP";"2026-02-24"
"Australia";"Canberra";"Tour del Floriade, el festival floral de Canberra";"https://www.civitatis.com/es/canberra/tour-floridade/";"Canberra Guided Tours";"hermes.neil@gmail.com";"0413828045";"Capital Country Holdings | PO Box 5222 Garran ACT 2605, Canberra, Australia";"";"163710.11";"0";"0";"0.0";"CLP";"2026-02-24"
"Australia";"Isla Canguro";"Tour por Isla Canguro";"https://www.civitatis.com/es/isla-canguro/tour-isla-canguro/";"Kangaroo Island Trails";"enquiries@kangarooislandtrails.com.au";"0458471419";"Kangaroo Island Trails | PO BOX 477, Atherton , Australia";"";"269801.58";"1";"10";"10.0";"CLP";"2026-02-24"
"Australia";"Isla Canguro";"Tour de vinos y licores por Isla Canguro";"https://www.civitatis.com/es/isla-canguro/tour-vinos-licores-isla-canguro/";"Kangaroo Island Trails";"enquiries@kangarooislandtrails.com.au";"0458471419";"Kangaroo Island Trails | PO BOX 477, Atherton , Australia";"";"129870.59";"0";"0";"0.0";"CLP";"2026-02-24"
"Australia";"Isla Canguro";"Paseo en barco por Isla Canguro";"https://www.civitatis.com/es/isla-canguro/paseo-barco-isla-canguro/";"The Trustee For Coppins Family Trust";"bookings@kioceansafari.com.au";"+61 8 7042 9607";"Kangaroo Island Ocean Safari | 43 Howard Drive, Penneshaw, Kangaroo Island, Australia";"";"56904.09";"1";"2";"10.0";"CLP";"2026-02-24"
"Australia";"Isla Canguro";"Snorkel con delfines o focas en Isla Canguro";"https://www.civitatis.com/es/isla-canguro/snorkel-focas-delfines-isla-canguro/";"The Trustee For Coppins Family Trust";"bookings@kioceansafari.com.au";"+61 8 7042 9607";"Kangaroo Island Ocean Safari | 43 Howard Drive, Penneshaw, Kangaroo Island, Australia";"";"126094.29";"0";"2";"0.0";"CLP";"2026-02-24"
"Australia";"Hervey Bay";"Avistamiento de ballenas en Hervey Bay";"https://www.civitatis.com/es/hervey-bay/avistamiento-ballenas-hervey-bay/";"Freedom Ecotours Pty Ltd";"andrea@freedomecotours.com.au";"0414141232";"Freedom Ecotours | 5 Meadow Drive, Hervey Bay, Australia";"";"119627.92";"0";"0";"0.0";"CLP";"2026-02-24"
