"pais";"destino";"actividad";"url_actividad";"operador";"email";"telefono";"direccion";"descripcion";"precio_real";"opiniones";"viajeros";"rating";"moneda";"fecha_scan"
"Japón";"Tokio";"Excursión a Nikko";"https://www.civitatis.com/es/tokio/excursion-nikko/";"Amigo Tours Japan Gk";"japan@amigotours.com";"+81120587697";"AMIGO TOURS JAPAN GK | Daiwa Shibuya Square 6/F, 16-28 Nampeidai,, Shibuya-ku,, Tokyo, 150-0036, Japan OfficeS-02, Tokio, Japón";"";"90543.58";"384";"7612";"9.1";"CLP";"2026-02-24"
"Japón";"Tokio";"Tour privado por Tokio";"https://www.civitatis.com/es/tokio/tour-privado-tokio/";"Jtn Commerce";"jordichaparro@gmail.com";"+81-70-8439-6102";"JTN COMMERCE | Midori, 1-22-8-2F, Sumida-ku, Tokio, Japón";"";"228645.4";"1475";"95736";"9.6";"CLP";"2026-02-24"
"Japón";"Tokio";"Tour privado por Tokio";"https://www.civitatis.com/es/tokio/tour-privado-tokio/";"Laura Santos";"japonconguia@gmail.com";"8190-9381-3226";"Kotorita S.L. | 4-229 Nishimiyashita , Ageo, Saitama, Japón";"";"228645.4";"1475";"95736";"9.6";"CLP";"2026-02-24"
"Japón";"Tokio";"Tour privado por Tokio";"https://www.civitatis.com/es/tokio/tour-privado-tokio/";"Dracodono";"info.dracodono@gmail.com";"09081319661";"Elliot Costa Perea | 八王子市元八王子町, 八王子市, Japón";"";"228645.4";"1475";"95736";"9.6";"CLP";"2026-02-24"
"Japón";"Tokio";"Tour privado por Tokio";"https://www.civitatis.com/es/tokio/tour-privado-tokio/";"Mundigogo";"franjabube@gmail.com";"8107091965805";"Francisco Javier Bustamante Benegas | ALICIA MOREAU DE JUSTO 620 Dpto:6 CHUBUT, Puerto Madryn, Argentina";"";"228645.4";"1475";"95736";"9.6";"CLP";"2026-02-24"
"Japón";"Tokio";"Excursión al monte Fuji, lago Ashi y Kamakura";"https://www.civitatis.com/es/tokio/excursion-monte-fuji-kamakura/";"Amigo Tours Japan Gk";"japan@amigotours.com";"+81120587697";"AMIGO TOURS JAPAN GK | Daiwa Shibuya Square 6/F, 16-28 Nampeidai,, Shibuya-ku,, Tokyo, 150-0036, Japan OfficeS-02, Tokio, Japón";"";"90543.58";"343";"4827";"8.7";"CLP";"2026-02-24"
"Japón";"Tokio";"Visita guiada por Tokio";"https://www.civitatis.com/es/tokio/visita-guiada-tokio/";"Izanagitours";"info@izanagitours.com";"080 4353 6969";"IZANAGI PTE LTD | 30 CECIL STREET #19-08  PRUDENTIAL TOWER , Singapur, Singapur";"";"86217.97";"410";"8683";"9.4";"CLP";"2026-02-24"
"Japón";"Tokio";"Visita guiada por Tokio";"https://www.civitatis.com/es/tokio/visita-guiada-tokio/";"Jtn Commerce";"jordichaparro@gmail.com";"+81-70-8439-6102";"JTN COMMERCE | Midori, 1-22-8-2F, Sumida-ku, Tokio, Japón";"";"86217.97";"410";"8683";"9.4";"CLP";"2026-02-24"
"Japón";"Tokio";"Traslados en Tokio";"https://www.civitatis.com/es/tokio/traslados/";"No especificado / Único";"N/A";"N/A";"N/A";"";"68593.62";"1142";"32497";"9.5";"CLP";"2026-02-24"
"Japón";"Tokio";"Free tour por Asakusa";"https://www.civitatis.com/es/tokio/free-tour-asakusa/";"Namie Gonsho";"namie.gonsho@gmail.com";"+819043672392";"Namie Gonsho | 3-18-7 Futaba, Shinagawa, Tokio, Japón";"";"0.0";"2571";"88448";"9.2";"CLP";"2026-02-24"
"Japón";"Tokio";"Free tour por Asakusa";"https://www.civitatis.com/es/tokio/free-tour-asakusa/";"Japandas";"japandasceo@gmail.com";"+8108075816440";"Japandas LLC | 18-2-101 higashiotoshicho, Osaka, Japón";"";"0.0";"2571";"88448";"9.2";"CLP";"2026-02-24"
"Japón";"Tokio";"Free tour por Asakusa";"https://www.civitatis.com/es/tokio/free-tour-asakusa/";"Cokishin";"sofiamu43@gmail.com";"+81 090 9256 6457";"Juliana García zapata | Sanmuchi Inouchi 907-41, Sanmu-chi, Japón";"";"0.0";"2571";"88448";"9.2";"CLP";"2026-02-24"
"Japón";"Tokio";"Free tour por Asakusa";"https://www.civitatis.com/es/tokio/free-tour-asakusa/";"Localized";"info@japanlocalized.com";"03-6897-9322";"Localized Co LTD | Ueno 3-15-7-510 Taito, Taito Tokyo, Japón";"";"0.0";"2571";"88448";"9.2";"CLP";"2026-02-24"
"Japón";"Tokio";"Excursión privada en coche a Nikko";"https://www.civitatis.com/es/tokio/excursion-privada-coche-nikko/";"Jtn Commerce";"jordichaparro@gmail.com";"+81-70-8439-6102";"JTN COMMERCE | Midori, 1-22-8-2F, Sumida-ku, Tokio, Japón";"";"466436.63";"4";"400";"10.0";"CLP";"2026-02-24"
"Japón";"Tokio";"Excursión a Kamakura";"https://www.civitatis.com/es/tokio/excursion-kamakura-odawara-ceremonia-te/";"Izanagitours";"info@izanagitours.com";"080 4353 6969";"IZANAGI PTE LTD | 30 CECIL STREET #19-08  PRUDENTIAL TOWER , Singapur, Singapur";"";"96995.22";"146";"2424";"9.5";"CLP";"2026-02-24"
"Japón";"Tokio";"Excursión a Kamakura";"https://www.civitatis.com/es/tokio/excursion-kamakura-odawara-ceremonia-te/";"Jtn Commerce";"jordichaparro@gmail.com";"+81-70-8439-6102";"JTN COMMERCE | Midori, 1-22-8-2F, Sumida-ku, Tokio, Japón";"";"96995.22";"146";"2424";"9.5";"CLP";"2026-02-24"
"Japón";"Tokio";"Excursión al monte Fuji, lago Kawaguchi y la pagoda Chureito";"https://www.civitatis.com/es/tokio/monte-fuji-lago-kawaguchi/";"Jtn Commerce";"jordichaparro@gmail.com";"+81-70-8439-6102";"JTN COMMERCE | Midori, 1-22-8-2F, Sumida-ku, Tokio, Japón";"";"90543.58";"290";"4673";"8.9";"CLP";"2026-02-24"
"Japón";"Tokio";"Free tour por Shinjuku";"https://www.civitatis.com/es/tokio/free-tour-shinjuku/";"Japandas";"japandasceo@gmail.com";"+8108075816440";"Japandas LLC | 18-2-101 higashiotoshicho, Osaka, Japón";"";"0.0";"1249";"71772";"8.7";"CLP";"2026-02-24"
"Japón";"Tokio";"Free tour por Shinjuku";"https://www.civitatis.com/es/tokio/free-tour-shinjuku/";"Jtn Commerce";"jordichaparro@gmail.com";"+81-70-8439-6102";"JTN COMMERCE | Midori, 1-22-8-2F, Sumida-ku, Tokio, Japón";"";"0.0";"1249";"71772";"8.7";"CLP";"2026-02-24"
"Japón";"Tokio";"Tour en kart por Tokio";"https://www.civitatis.com/es/tokio/tour-kart-tokio/";"Japankart";"info@japankart.com";"+81363813410";"FYT Co., Ltd | 3er piso, 1-10-4 Azumabashi, Tokio, Japón";"";"59038.85";"73";"1335";"9.3";"CLP";"2026-02-24"
"Japón";"Tokio";"Tour privado en coche por Tokio";"https://www.civitatis.com/es/tokio/tour-privado-coche-tokio/";"Jtn Commerce";"jordichaparro@gmail.com";"+81-70-8439-6102";"JTN COMMERCE | Midori, 1-22-8-2F, Sumida-ku, Tokio, Japón";"";"457290.81";"7";"329";"10.0";"CLP";"2026-02-24"
"Japón";"Tokio";"Excursión privada al monte Fuji";"https://www.civitatis.com/es/tokio/excursion-privada-monte-fuji/";"Namie Gonsho";"namie.gonsho@gmail.com";"+819043672392";"Namie Gonsho | 3-18-7 Futaba, Shinagawa, Tokio, Japón";"";"398758.13";"26";"823";"8.7";"CLP";"2026-02-24"
"Japón";"Tokio";"Excursión privada al monte Fuji";"https://www.civitatis.com/es/tokio/excursion-privada-monte-fuji/";"Jtn Commerce";"jordichaparro@gmail.com";"+81-70-8439-6102";"JTN COMMERCE | Midori, 1-22-8-2F, Sumida-ku, Tokio, Japón";"";"398758.13";"26";"823";"8.7";"CLP";"2026-02-24"
"Japón";"Tokio";"Tour de Tokio al completo";"https://www.civitatis.com/es/tokio/tour-tokio-completo/";"Doa Jaoan/japan Panoramic Tours";"booking@jptours.co.jp";"03-6279-2977";"Doa Japan Co., Ltd. | 8-12-8 Nishi-Shinjuku, Mishuku-Ku, Tokio, Japón";"";"112173.81";"122";"3073";"7.9";"CLP";"2026-02-24"
"Japón";"Tokio";"Free tour por Shibuya";"https://www.civitatis.com/es/tokio/free-tour-shibuya/";"Japandas";"japandasceo@gmail.com";"+8108075816440";"Japandas LLC | 18-2-101 higashiotoshicho, Osaka, Japón";"";"0.0";"845";"88735";"8.4";"CLP";"2026-02-24"
"Japón";"Tokio";"Free tour por Shibuya";"https://www.civitatis.com/es/tokio/free-tour-shibuya/";"Japón Sin Límites";"conexionjapon@gmail.com";"653121023";"Olga Pérez Diez | Calle Tierra de Segovia, 1 4B, Valladolid, España";"";"0.0";"845";"88735";"8.4";"CLP";"2026-02-24"
"Japón";"Tokio";"Excursión a Hakone y mirador del monte Fuji";"https://www.civitatis.com/es/tokio/excursion-hakone-monte-fuji/";"H.i.s. Co., Ltd.";"welcome-japan@his-world.com";"+81-80 9410 9390";"H.I.S. Co., Ltd. | Sumitomo Fudosan Shinjuku Oak Tower 23F 6-8-1 Nishi-shinjuku Shinjuku-ku,, Tokio, Japón";"";"112173.81";"243";"7383";"7.6";"CLP";"2026-02-24"
"Japón";"Tokio";"Excursión privada en coche a Kamakura y Enoshima";"https://www.civitatis.com/es/tokio/excursion-privada-coche-kamakura-enoshima/";"Jtn Commerce";"jordichaparro@gmail.com";"+81-70-8439-6102";"JTN COMMERCE | Midori, 1-22-8-2F, Sumida-ku, Tokio, Japón";"";"457290.81";"5";"187";"9.6";"CLP";"2026-02-24"
"Japón";"Tokio";"Excursión en tren bala a Hiroshima + Miyajima";"https://www.civitatis.com/es/tokio/excursion-tren-hiroshima-miyajima/";"Amigo Tours Japan Gk";"japan@amigotours.com";"+81120587697";"AMIGO TOURS JAPAN GK | Daiwa Shibuya Square 6/F, 16-28 Nampeidai,, Shibuya-ku,, Tokyo, 150-0036, Japan OfficeS-02, Tokio, Japón";"";"307299.42";"37";"749";"7.5";"CLP";"2026-02-24"
"Japón";"Tokio";"Free tour por el Santuario Meiji y el Parque Yoyogi";"https://www.civitatis.com/es/tokio/free-tour-santuario-meiji-parque-yoyogi/";"Japandas";"japandasceo@gmail.com";"+8108075816440";"Japandas LLC | 18-2-101 higashiotoshicho, Osaka, Japón";"";"0.0";"321";"36637";"8.9";"CLP";"2026-02-24"
"Japón";"Tokio";"Free tour por el Santuario Meiji y el Parque Yoyogi";"https://www.civitatis.com/es/tokio/free-tour-santuario-meiji-parque-yoyogi/";"Jtn Commerce";"jordichaparro@gmail.com";"+81-70-8439-6102";"JTN COMMERCE | Midori, 1-22-8-2F, Sumida-ku, Tokio, Japón";"";"0.0";"321";"36637";"8.9";"CLP";"2026-02-24"
"Japón";"Tokio";"Free tour por los jardines del Palacio Imperial";"https://www.civitatis.com/es/tokio/free-tour-jardines-palacio-imperial/";"Japandas";"japandasceo@gmail.com";"+8108075816440";"Japandas LLC | 18-2-101 higashiotoshicho, Osaka, Japón";"";"0.0";"406";"15364";"8.9";"CLP";"2026-02-24"
"Japón";"Tokio";"Free tour por los jardines del Palacio Imperial";"https://www.civitatis.com/es/tokio/free-tour-jardines-palacio-imperial/";"Japón Sin Límites";"conexionjapon@gmail.com";"653121023";"Olga Pérez Diez | Calle Tierra de Segovia, 1 4B, Valladolid, España";"";"0.0";"406";"15364";"8.9";"CLP";"2026-02-24"
"Japón";"Tokio";"Excursión al monte Fuji y el lago Ashi";"https://www.civitatis.com/es/tokio/excursion-monte-fuji/";"Doa Jaoan/japan Panoramic Tours";"booking@jptours.co.jp";"03-6279-2977";"Doa Japan Co., Ltd. | 8-12-8 Nishi-Shinjuku, Mishuku-Ku, Tokio, Japón";"";"123981.58";"138";"3113";"7.7";"CLP";"2026-02-24"
"Japón";"Tokio";"Excursión privada a Nikko";"https://www.civitatis.com/es/tokio/excursion-privada-nikko/";"Laura Santos";"japonconguia@gmail.com";"8190-9381-3226";"Kotorita S.L. | 4-229 Nishimiyashita , Ageo, Saitama, Japón";"";"591670.86";"303";"8698";"9.5";"CLP";"2026-02-24"
"Japón";"Tokio";"Excursión privada a Nikko";"https://www.civitatis.com/es/tokio/excursion-privada-nikko/";"Jtn Commerce";"jordichaparro@gmail.com";"+81-70-8439-6102";"JTN COMMERCE | Midori, 1-22-8-2F, Sumida-ku, Tokio, Japón";"";"591670.86";"303";"8698";"9.5";"CLP";"2026-02-24"
"Japón";"Tokio";"Excursión al parque de monos de Jigokudani";"https://www.civitatis.com/es/tokio/excursion-parque-monos-jigokudani/";"H.i.s. Co., Ltd.";"welcome-japan@his-world.com";"+81-80 9410 9390";"H.I.S. Co., Ltd. | Sumitomo Fudosan Shinjuku Oak Tower 23F 6-8-1 Nishi-shinjuku Shinjuku-ku,, Tokio, Japón";"";"129767.39";"3";"67";"9.3";"CLP";"2026-02-24"
"Japón";"Tokio";"Free tour por Ueno";"https://www.civitatis.com/es/tokio/free-tour-akihabara-ueno/";"Jtn Commerce";"jordichaparro@gmail.com";"+81-70-8439-6102";"JTN COMMERCE | Midori, 1-22-8-2F, Sumida-ku, Tokio, Japón";"";"0.0";"131";"5605";"9.3";"CLP";"2026-02-24"
"Japón";"Tokio";"Free tour por Akihabara";"https://www.civitatis.com/es/tokio/free-tour-akihabara/";"Jtn Commerce";"jordichaparro@gmail.com";"+81-70-8439-6102";"JTN COMMERCE | Midori, 1-22-8-2F, Sumida-ku, Tokio, Japón";"";"0.0";"146";"7507";"8.6";"CLP";"2026-02-24"
"Japón";"Tokio";"Tour privado por los barrios frikis de Nakano, lkebukuro y Shimokitazawa";"https://www.civitatis.com/es/tokio/tour-tokio-friki/";"Izanagitours";"info@izanagitours.com";"080 4353 6969";"IZANAGI PTE LTD | 30 CECIL STREET #19-08  PRUDENTIAL TOWER , Singapur, Singapur";"";"317928.78";"6";"341";"10.0";"CLP";"2026-02-24"
"Japón";"Tokio";"Tour privado por los barrios frikis de Nakano, lkebukuro y Shimokitazawa";"https://www.civitatis.com/es/tokio/tour-tokio-friki/";"Jtn Commerce";"jordichaparro@gmail.com";"+81-70-8439-6102";"JTN COMMERCE | Midori, 1-22-8-2F, Sumida-ku, Tokio, Japón";"";"317928.78";"6";"341";"10.0";"CLP";"2026-02-24"
"Japón";"Tokio";"Free tour por Ginza";"https://www.civitatis.com/es/tokio/free-tour-ginza/";"Japandas";"japandasceo@gmail.com";"+8108075816440";"Japandas LLC | 18-2-101 higashiotoshicho, Osaka, Japón";"";"0.0";"79";"5589";"8.5";"CLP";"2026-02-24"
"Japón";"Tokio";"Free tour por Ginza";"https://www.civitatis.com/es/tokio/free-tour-ginza/";"Japón Sin Límites";"conexionjapon@gmail.com";"653121023";"Olga Pérez Diez | Calle Tierra de Segovia, 1 4B, Valladolid, España";"";"0.0";"79";"5589";"8.5";"CLP";"2026-02-24"
"Japón";"Tokio";"Tour del universo Ghibli por Tokio";"https://www.civitatis.com/es/tokio/tour-universo-ghibli/";"Be My Guest";"natalie.ng@bemyguest.com.sg";"+65 3158 0490";"Bemyguest Pte Ltd | 80 Changi Road, #03-01, The Centropod , Singapur, Singapur";"";"176983.3";"0";"23";"0.0";"CLP";"2026-02-24"
"Japón";"Tokio";"Entrada a los estudios de Harry Potter de Tokio";"https://www.civitatis.com/es/tokio/entrada-estudios-harry-potter-tokio/";"Be My Guest";"natalie.ng@bemyguest.com.sg";"+65 3158 0490";"Bemyguest Pte Ltd | 80 Changi Road, #03-01, The Centropod , Singapur, Singapur";"";"42644.92";"8";"245";"9.8";"CLP";"2026-02-24"
"Japón";"Tokio";"Entrada a la Torre Mori de Roppongi Hills";"https://www.civitatis.com/es/tokio/entrada-torre-mori-roppongi-hills/";"Be My Guest";"natalie.ng@bemyguest.com.sg";"+65 3158 0490";"Bemyguest Pte Ltd | 80 Changi Road, #03-01, The Centropod , Singapur, Singapur";"";"10547.52";"15";"387";"9.1";"CLP";"2026-02-24"
"Japón";"Tokio";"Entrada a un entrenamiento de sumo";"https://www.civitatis.com/es/tokio/visita-entrenamiento-sumo/";"H.i.s. Co., Ltd.";"welcome-japan@his-world.com";"+81-80 9410 9390";"H.I.S. Co., Ltd. | Sumitomo Fudosan Shinjuku Oak Tower 23F 6-8-1 Nishi-shinjuku Shinjuku-ku,, Tokio, Japón";"";"79702.44";"60";"2903";"8.9";"CLP";"2026-02-24"
"Japón";"Tokio";"Entrada a un entrenamiento de sumo";"https://www.civitatis.com/es/tokio/visita-entrenamiento-sumo/";"Beauty Of Japan";"experience@bojinc.com";"81-03-6682-7700";"BOJ,Inc | Shintomicho 1-chome bldg. 5F, 1-3-2 Shintomi, Chuo-ku, Tokyo, Japón";"";"79702.44";"60";"2903";"8.9";"CLP";"2026-02-24"
"Japón";"Tokio";"Entrada al observatorio de la Torre de Tokio";"https://www.civitatis.com/es/tokio/entrada-torre-tokio/";"Be My Guest";"natalie.ng@bemyguest.com.sg";"+65 3158 0490";"Bemyguest Pte Ltd | 80 Changi Road, #03-01, The Centropod , Singapur, Singapur";"";"9775.05";"32";"1148";"8.6";"CLP";"2026-02-24"
"Japón";"Tokio";"Tour nocturno privado por Tokio";"https://www.civitatis.com/es/tokio/tour-nocturno-tokio/";"Laura Santos";"japonconguia@gmail.com";"8190-9381-3226";"Kotorita S.L. | 4-229 Nishimiyashita , Ageo, Saitama, Japón";"";"288291.35";"11";"378";"8.7";"CLP";"2026-02-24"
"Japón";"Tokio";"Tour nocturno privado por Tokio";"https://www.civitatis.com/es/tokio/tour-nocturno-tokio/";"Jtn Commerce";"jordichaparro@gmail.com";"+81-70-8439-6102";"JTN COMMERCE | Midori, 1-22-8-2F, Sumida-ku, Tokio, Japón";"";"288291.35";"11";"378";"8.7";"CLP";"2026-02-24"
"Japón";"Tokio";"Visita guiada por el Museo Nacional de Tokio";"https://www.civitatis.com/es/tokio/visita-guiada-museo-nacional-tokio/";"Dracodono";"info.dracodono@gmail.com";"09081319661";"Elliot Costa Perea | 八王子市元八王子町, 八王子市, Japón";"";"44279.13";"10";"332";"10.0";"CLP";"2026-02-24"
"Japón";"Tokio";"Tour gastronómico por Tokio";"https://www.civitatis.com/es/tokio/tour-gastronomico-shinjuku/";"Jtn Commerce";"jordichaparro@gmail.com";"+81-70-8439-6102";"JTN COMMERCE | Midori, 1-22-8-2F, Sumida-ku, Tokio, Japón";"";"110664.37";"22";"309";"8.5";"CLP";"2026-02-24"
"Japón";"Tokio";"Free tour por Tsukiji";"https://www.civitatis.com/es/tokio/free-tour-tsukiji/";"Japandas";"japandasceo@gmail.com";"+8108075816440";"Japandas LLC | 18-2-101 higashiotoshicho, Osaka, Japón";"";"0.0";"85";"5717";"8.4";"CLP";"2026-02-24"
"Japón";"Tokio";"Free tour por Tsukiji";"https://www.civitatis.com/es/tokio/free-tour-tsukiji/";"Japón Sin Límites";"conexionjapon@gmail.com";"653121023";"Olga Pérez Diez | Calle Tierra de Segovia, 1 4B, Valladolid, España";"";"0.0";"85";"5717";"8.4";"CLP";"2026-02-24"
"Japón";"Tokio";"Entrada al mirador del Tokyo Skytree";"https://www.civitatis.com/es/tokio/entrada-tokyo-skytree/";"Be My Guest";"natalie.ng@bemyguest.com.sg";"+65 3158 0490";"Bemyguest Pte Ltd | 80 Changi Road, #03-01, The Centropod , Singapur, Singapur";"";"13687.95";"70";"1845";"8.6";"CLP";"2026-02-24"
"Japón";"Tokio";"Pase para el metro de Tokio";"https://www.civitatis.com/es/tokio/pase-metro-tokio/";"Be My Guest";"natalie.ng@bemyguest.com.sg";"+65 3158 0490";"Bemyguest Pte Ltd | 80 Changi Road, #03-01, The Centropod , Singapur, Singapur";"";"5335.12";"33";"1229";"9.5";"CLP";"2026-02-24"
"Japón";"Tokio";"Autobús turístico de Tokio";"https://www.civitatis.com/es/tokio/autobus-turistico-tokio/";"Be My Guest";"natalie.ng@bemyguest.com.sg";"+65 3158 0490";"Bemyguest Pte Ltd | 80 Changi Road, #03-01, The Centropod , Singapur, Singapur";"";"30978.39";"141";"2609";"7.6";"CLP";"2026-02-24"
"Japón";"Tokio";"Excursión al monte Fuji + Recogida de fruta";"https://www.civitatis.com/es/tokio/tour-monte-fuji-recogida-fruta/";"H.i.s. Co., Ltd.";"welcome-japan@his-world.com";"+81-80 9410 9390";"H.I.S. Co., Ltd. | Sumitomo Fudosan Shinjuku Oak Tower 23F 6-8-1 Nishi-shinjuku Shinjuku-ku,, Tokio, Japón";"";"75569.72";"109";"3080";"7.8";"CLP";"2026-02-24"
"Japón";"Tokio";"Tokyo Skyliner";"https://www.civitatis.com/es/tokio/tokyo-skyliner/";"Be My Guest";"natalie.ng@bemyguest.com.sg";"+65 3158 0490";"Bemyguest Pte Ltd | 80 Changi Road, #03-01, The Centropod , Singapur, Singapur";"";"15045.2";"45";"941";"8.4";"CLP";"2026-02-24"
"Japón";"Tokio";"Pub Crawl ¡Tour de fiesta por Tokio!";"https://www.civitatis.com/es/tokio/pub-crawl-tokio/";"Okawari Bar Crawls";"livguidetravels@gmail.com";"+818065144647";"Castillo Alejandro Fiacro | Tokyo-to Inokashira 5-12-15 Mezonesupowaru 103, Mitaka, Japón";"";"114387.77";"6";"71";"8.0";"CLP";"2026-02-24"
"Japón";"Tokio";"Alquiler de kimono en Tokio";"https://www.civitatis.com/es/tokio/alquiler-kimono-tokio/";"Be My Guest";"natalie.ng@bemyguest.com.sg";"+65 3158 0490";"Bemyguest Pte Ltd | 80 Changi Road, #03-01, The Centropod , Singapur, Singapur";"";"21867.52";"9";"105";"8.2";"CLP";"2026-02-24"
"Japón";"Tokio";"Nikko World Heritage Area Pass";"https://www.civitatis.com/es/tokio/nikko-world-heritage-area-pass/";"Be My Guest";"natalie.ng@bemyguest.com.sg";"+65 3158 0490";"Bemyguest Pte Ltd | 80 Changi Road, #03-01, The Centropod , Singapur, Singapur";"";"18113.44";"7";"564";"8.9";"CLP";"2026-02-24"
"Japón";"Tokio";"Hakone Free Pass";"https://www.civitatis.com/es/tokio/hakone-free-pass/";"Be My Guest";"natalie.ng@bemyguest.com.sg";"+65 3158 0490";"Bemyguest Pte Ltd | 80 Changi Road, #03-01, The Centropod , Singapur, Singapur";"";"48860.81";"5";"167";"4.8";"CLP";"2026-02-24"
"Japón";"Tokio";"Excursión privada a Kamakura y Enoshima";"https://www.civitatis.com/es/tokio/excursion-kamakura-yokohama/";"Laura Santos";"japonconguia@gmail.com";"8190-9381-3226";"Kotorita S.L. | 4-229 Nishimiyashita , Ageo, Saitama, Japón";"";"591670.86";"150";"4791";"9.4";"CLP";"2026-02-24"
"Japón";"Tokio";"Excursión privada a Kamakura y Enoshima";"https://www.civitatis.com/es/tokio/excursion-kamakura-yokohama/";"Jtn Commerce";"jordichaparro@gmail.com";"+81-70-8439-6102";"JTN COMMERCE | Midori, 1-22-8-2F, Sumida-ku, Tokio, Japón";"";"591670.86";"150";"4791";"9.4";"CLP";"2026-02-24"
"Japón";"Tokio";"Tour privado por Akihabara";"https://www.civitatis.com/es/tokio/tour-privado-akihabara/";"Laura Santos";"japonconguia@gmail.com";"8190-9381-3226";"Kotorita S.L. | 4-229 Nishimiyashita , Ageo, Saitama, Japón";"";"328706.03";"29";"1388";"9.1";"CLP";"2026-02-24"
"Japón";"Tokio";"Tour privado por Akihabara";"https://www.civitatis.com/es/tokio/tour-privado-akihabara/";"Jtn Commerce";"jordichaparro@gmail.com";"+81-70-8439-6102";"JTN COMMERCE | Midori, 1-22-8-2F, Sumida-ku, Tokio, Japón";"";"328706.03";"29";"1388";"9.1";"CLP";"2026-02-24"
"Japón";"Tokio";"Visita guiada por Asakusa";"https://www.civitatis.com/es/tokio/visita-guiada-asakusa/";"H.i.s. Co., Ltd.";"welcome-japan@his-world.com";"+81-80 9410 9390";"H.I.S. Co., Ltd. | Sumitomo Fudosan Shinjuku Oak Tower 23F 6-8-1 Nishi-shinjuku Shinjuku-ku,, Tokio, Japón";"";"94462.16";"23";"445";"8.2";"CLP";"2026-02-24"
"Japón";"Tokio";"Excursión privada al monte Takao";"https://www.civitatis.com/es/tokio/excursion-monte-takao/";"Laura Santos";"japonconguia@gmail.com";"8190-9381-3226";"Kotorita S.L. | 4-229 Nishimiyashita , Ageo, Saitama, Japón";"";"564727.74";"13";"274";"9.7";"CLP";"2026-02-24"
"Japón";"Tokio";"Excursión privada a Matsumoto";"https://www.civitatis.com/es/tokio/excursion-matsumoto/";"Izanagitours";"info@izanagitours.com";"080 4353 6969";"IZANAGI PTE LTD | 30 CECIL STREET #19-08  PRUDENTIAL TOWER , Singapur, Singapur";"";"420312.63";"5";"153";"9.2";"CLP";"2026-02-24"
"Japón";"Tokio";"Excursión privada a Kawagoe";"https://www.civitatis.com/es/tokio/excursion-kawagoe/";"Laura Santos";"japonconguia@gmail.com";"8190-9381-3226";"Kotorita S.L. | 4-229 Nishimiyashita , Ageo, Saitama, Japón";"";"591670.86";"4";"213";"9.5";"CLP";"2026-02-24"
"Japón";"Tokio";"Excursión privada a Kawagoe";"https://www.civitatis.com/es/tokio/excursion-kawagoe/";"Jtn Commerce";"jordichaparro@gmail.com";"+81-70-8439-6102";"JTN COMMERCE | Midori, 1-22-8-2F, Sumida-ku, Tokio, Japón";"";"591670.86";"4";"213";"9.5";"CLP";"2026-02-24"
"Japón";"Tokio";"Tour en bicicleta por Tokio";"https://www.civitatis.com/es/tokio/tour-bicicleta-tokio/";"Japankart";"info@japankart.com";"+81363813410";"FYT Co., Ltd | 3er piso, 1-10-4 Azumabashi, Tokio, Japón";"";"47231.08";"10";"98";"10.0";"CLP";"2026-02-24"
"Japón";"Tokio";"Taller de sushi en Tokio";"https://www.civitatis.com/es/tokio/taller-sushi-tokio/";"H.i.s. Co., Ltd.";"welcome-japan@his-world.com";"+81-80 9410 9390";"H.I.S. Co., Ltd. | Sumitomo Fudosan Shinjuku Oak Tower 23F 6-8-1 Nishi-shinjuku Shinjuku-ku,, Tokio, Japón";"";"147597.12";"4";"129";"10.0";"CLP";"2026-02-24"
"Japón";"Tokio";"Excursión privada a Daikoku Parking Area";"https://www.civitatis.com/es/tokio/excursion-privada-daikoku-parking-area/";"Jtn Commerce";"jordichaparro@gmail.com";"+81-70-8439-6102";"JTN COMMERCE | Midori, 1-22-8-2F, Sumida-ku, Tokio, Japón";"";"374978.46";"0";"78";"0.0";"CLP";"2026-02-24"
"Japón";"Tokio";"Excursión a Shirakawago y Kanazawa en tren bala";"https://www.civitatis.com/es/tokio/excursion-shirakawago-kanazawa/";"Amigo Tours Japan Gk";"japan@amigotours.com";"+81120587697";"AMIGO TOURS JAPAN GK | Daiwa Shibuya Square 6/F, 16-28 Nampeidai,, Shibuya-ku,, Tokyo, 150-0036, Japan OfficeS-02, Tokio, Japón";"";"233218.31";"0";"72";"0.0";"CLP";"2026-02-24"
"Japón";"Tokio";"Entrada al Sunshine 60 Observatory Tenbou Park";"https://www.civitatis.com/es/tokio/sunshine-60-observatory-tenbou-park/";"Be My Guest";"natalie.ng@bemyguest.com.sg";"+65 3158 0490";"Bemyguest Pte Ltd | 80 Changi Road, #03-01, The Centropod , Singapur, Singapur";"";"4447.14";"0";"32";"0.0";"CLP";"2026-02-24"
"Japón";"Tokio";"Visita guiada por el parque Shakujii";"https://www.civitatis.com/es/tokio/visita-guiada-parque-shakujii/";"Dracodono";"info.dracodono@gmail.com";"09081319661";"Elliot Costa Perea | 八王子市元八王子町, 八王子市, Japón";"";"38375.25";"0";"33";"0.0";"CLP";"2026-02-24"
"Japón";"Tokio";"Visita guiada por el Museo Nacional de Arte Moderno de Tokio";"https://www.civitatis.com/es/tokio/visita-guiada-museo-arte-moderno/";"Dracodono";"info.dracodono@gmail.com";"09081319661";"Elliot Costa Perea | 八王子市元八王子町, 八王子市, Japón";"";"41327.19";"0";"3";"0.0";"CLP";"2026-02-24"
"Japón";"Tokio";"Japan Rail East Pass";"https://www.civitatis.com/es/tokio/japan-rail-east-pass/";"Be My Guest";"natalie.ng@bemyguest.com.sg";"+65 3158 0490";"Bemyguest Pte Ltd | 80 Changi Road, #03-01, The Centropod , Singapur, Singapur";"";"180116.51";"0";"0";"0.0";"CLP";"2026-02-24"
"Japón";"Tokio";"Entrada a Sanrio Puroland";"https://www.civitatis.com/es/tokio/entrada-sanrio-puroland/";"Be My Guest";"natalie.ng@bemyguest.com.sg";"+65 3158 0490";"Bemyguest Pte Ltd | 80 Changi Road, #03-01, The Centropod , Singapur, Singapur";"";"23145.35";"57";"2031";"9.0";"CLP";"2026-02-24"
"Japón";"Tokio";"Entradas a TeamLab Planets Tokyo";"https://www.civitatis.com/es/tokio/entradas-teamlab-planets-tokyo/";"Be My Guest";"natalie.ng@bemyguest.com.sg";"+65 3158 0490";"Bemyguest Pte Ltd | 80 Changi Road, #03-01, The Centropod , Singapur, Singapur";"";"24921.32";"19";"528";"8.6";"CLP";"2026-02-24"
"Japón";"Tokio";"Paseo en barco por Tokio";"https://www.civitatis.com/es/tokio/paseo-barco-tokio/";"Be My Guest";"natalie.ng@bemyguest.com.sg";"+65 3158 0490";"Bemyguest Pte Ltd | 80 Changi Road, #03-01, The Centropod , Singapur, Singapur";"";"9103.64";"9";"178";"8.2";"CLP";"2026-02-24"
"Japón";"Tokio";"Circuito de 10 días por Japón";"https://www.civitatis.com/es/tokio/circuito-10-dias-japon/";"Hankyu Travel International Europe S.r.l.";"outbound.es@hankyu-euro.com";"+34 91 445 0028";"Hankyu Travel International Europe S.R.L. | C/GRAN VÍA 51, 1ºB, Madrid, España";"";"1847916.02";"5";"126";"7.6";"CLP";"2026-02-24"
"Japón";"Tokio";"Taller privado de gyozas en Tokio";"https://www.civitatis.com/es/tokio/taller-gyozas-tokio/";"Namie Gonsho";"namie.gonsho@gmail.com";"+819043672392";"Namie Gonsho | 3-18-7 Futaba, Shinagawa, Tokio, Japón";"";"215544.93";"8";"164";"10.0";"CLP";"2026-02-24"
"Japón";"Tokio";"Tour de los gatos por Tokio";"https://www.civitatis.com/es/tokio/tour-gatos-tokio/";"Namie Gonsho";"namie.gonsho@gmail.com";"+819043672392";"Namie Gonsho | 3-18-7 Futaba, Shinagawa, Tokio, Japón";"";"70052.1";"6";"94";"8.3";"CLP";"2026-02-24"
"Japón";"Tokio";"Tour de la artesanía japonesa";"https://www.civitatis.com/es/tokio/tour-artesania-japonesa/";"Urban Adventure Limited Jpy";"reservations@urbanadventures.com";"+81 8030129269";"Urban Adventures Global Pty Ltd | Hong Kong Company Number, Melbourne, Australia";"";"52249.38";"0";"117";"0.0";"CLP";"2026-02-24"
"Japón";"Tokio";"Nikko All Area Pass";"https://www.civitatis.com/es/tokio/nikko-all-area-pass/";"Be My Guest";"natalie.ng@bemyguest.com.sg";"+65 3158 0490";"Bemyguest Pte Ltd | 80 Changi Road, #03-01, The Centropod , Singapur, Singapur";"";"48312.14";"0";"49";"0.0";"CLP";"2026-02-24"
"Japón";"Tokio";"Tour por Shibuya + Entradas para el Shibuya Sky";"https://www.civitatis.com/es/tokio/tour-shibuya-entradas-shibuya-sky/";"Amigo Tours Japan Gk";"japan@amigotours.com";"+81120587697";"AMIGO TOURS JAPAN GK | Daiwa Shibuya Square 6/F, 16-28 Nampeidai,, Shibuya-ku,, Tokyo, 150-0036, Japan OfficeS-02, Tokio, Japón";"";"81397.76";"1";"44";"10.0";"CLP";"2026-02-24"
"Japón";"Tokio";"Tour de 11 días desde Tokio hasta Kioto";"https://www.civitatis.com/es/tokio/tour-11-dias-tokio-kioto/";"Hankyu Travel International Europe S.r.l.";"outbound.es@hankyu-euro.com";"+34 91 445 0028";"Hankyu Travel International Europe S.R.L. | C/GRAN VÍA 51, 1ºB, Madrid, España";"";"2113590.85";"2";"9";"9.0";"CLP";"2026-02-24"
"Japón";"Tokio";"Tour privado por Fukagawa + Ceremonia del fuego";"https://www.civitatis.com/es/tokio/ceremonia-fuego-fukagawa-fudodo/";"Ilaria Giusto";"i836777@gmail.com";"08046911048";"Ilaria Giusto | Nerima-ku, Takanodai 5-1-5 Ra Maiji 102 room, Tokio, Japón";"";"215544.93";"0";"21";"0.0";"CLP";"2026-02-24"
"Japón";"Tokio";"Entradas para un torneo de sumo en Tokio";"https://www.civitatis.com/es/tokio/entradas-torneo-sumo/";"Amigo Tours Japan Gk";"japan@amigotours.com";"+81120587697";"AMIGO TOURS JAPAN GK | Daiwa Shibuya Square 6/F, 16-28 Nampeidai,, Shibuya-ku,, Tokyo, 150-0036, Japan OfficeS-02, Tokio, Japón";"";"191147.56";"0";"11";"0.0";"CLP";"2026-02-24"
"Japón";"Tokio";"Trekking de 2 días por el monte Fuji";"https://www.civitatis.com/es/tokio/trekking-monte-fuji/";"H.i.s. Co., Ltd.";"welcome-japan@his-world.com";"+81-80 9410 9390";"H.I.S. Co., Ltd. | Sumitomo Fudosan Shinjuku Oak Tower 23F 6-8-1 Nishi-shinjuku Shinjuku-ku,, Tokio, Japón";"";"294013.47";"0";"0";"0.0";"CLP";"2026-02-24"
"Japón";"Kioto";"Free tour por Kioto";"https://www.civitatis.com/es/kioto/free-tour-kioto/";"Japandas";"japandasceo@gmail.com";"+8108075816440";"Japandas LLC | 18-2-101 higashiotoshicho, Osaka, Japón";"";"0.0";"2418";"124135";"9.3";"CLP";"2026-02-24"
"Japón";"Kioto";"Free tour por Kioto";"https://www.civitatis.com/es/kioto/free-tour-kioto/";"Localized";"info@japanlocalized.com";"03-6897-9322";"Localized Co LTD | Ueno 3-15-7-510 Taito, Taito Tokyo, Japón";"";"0.0";"2418";"124135";"9.3";"CLP";"2026-02-24"
"Japón";"Kioto";"Tour privado por Kioto";"https://www.civitatis.com/es/kioto/tour-privado-kioto/";"Izanagitours";"info@izanagitours.com";"080 4353 6969";"IZANAGI PTE LTD | 30 CECIL STREET #19-08  PRUDENTIAL TOWER , Singapur, Singapur";"";"339483.28";"477";"21306";"9.5";"CLP";"2026-02-24"
"Japón";"Kioto";"Tour privado por Kioto";"https://www.civitatis.com/es/kioto/tour-privado-kioto/";"Jtn Commerce";"jordichaparro@gmail.com";"+81-70-8439-6102";"JTN COMMERCE | Midori, 1-22-8-2F, Sumida-ku, Tokio, Japón";"";"339483.28";"477";"21306";"9.5";"CLP";"2026-02-24"
"Japón";"Kioto";"Tour privado por Kioto";"https://www.civitatis.com/es/kioto/tour-privado-kioto/";"Manuel Cansaya";"mcansaya@hotmail.com";"+81 8053147650";"Japon Viajero Cansya Jauregui Aurelio Manuel | Hyogo Ken, Akashi Shi, Futami Cho, Higashi Futami 686-3-601, Akashi, Japón";"";"339483.28";"477";"21306";"9.5";"CLP";"2026-02-24"
"Japón";"Kioto";"Excursión privada a Nara e Inari";"https://www.civitatis.com/es/kioto/excursion-nara-inari/";"Izanagitours";"info@izanagitours.com";"080 4353 6969";"IZANAGI PTE LTD | 30 CECIL STREET #19-08  PRUDENTIAL TOWER , Singapur, Singapur";"";"339483.28";"238";"9454";"9.7";"CLP";"2026-02-24"
"Japón";"Kioto";"Excursión privada a Nara e Inari";"https://www.civitatis.com/es/kioto/excursion-nara-inari/";"Jtn Commerce";"jordichaparro@gmail.com";"+81-70-8439-6102";"JTN COMMERCE | Midori, 1-22-8-2F, Sumida-ku, Tokio, Japón";"";"339483.28";"238";"9454";"9.7";"CLP";"2026-02-24"
"Japón";"Kioto";"Excursión privada a Nara e Inari";"https://www.civitatis.com/es/kioto/excursion-nara-inari/";"Manuel Cansaya";"mcansaya@hotmail.com";"+81 8053147650";"Japon Viajero Cansya Jauregui Aurelio Manuel | Hyogo Ken, Akashi Shi, Futami Cho, Higashi Futami 686-3-601, Akashi, Japón";"";"339483.28";"238";"9454";"9.7";"CLP";"2026-02-24"
"Japón";"Kioto";"Tour por lo mejor de Kioto con entradas";"https://www.civitatis.com/es/kioto/tour-kioto-completo/";"Amigo Tours Japan Gk";"japan@amigotours.com";"+81120587697";"AMIGO TOURS JAPAN GK | Daiwa Shibuya Square 6/F, 16-28 Nampeidai,, Shibuya-ku,, Tokyo, 150-0036, Japan OfficeS-02, Tokio, Japón";"";"49798.96";"222";"3688";"9.1";"CLP";"2026-02-24"
"Japón";"Kioto";"Traslados en Kioto";"https://www.civitatis.com/es/kioto/traslados/";"No especificado / Único";"N/A";"N/A";"N/A";"";"85513.38";"277";"12220";"9.3";"CLP";"2026-02-24"
"Japón";"Kioto";"Free tour por el barrio de Gion";"https://www.civitatis.com/es/kioto/free-tour-barrio-gion/";"Japandas";"japandasceo@gmail.com";"+8108075816440";"Japandas LLC | 18-2-101 higashiotoshicho, Osaka, Japón";"";"0.0";"1767";"68714";"9.3";"CLP";"2026-02-24"
"Japón";"Kioto";"Free tour por el barrio de Gion";"https://www.civitatis.com/es/kioto/free-tour-barrio-gion/";"Localized";"info@japanlocalized.com";"03-6897-9322";"Localized Co LTD | Ueno 3-15-7-510 Taito, Taito Tokyo, Japón";"";"0.0";"1767";"68714";"9.3";"CLP";"2026-02-24"
"Japón";"Kioto";"Tour por el bosque de bambú y los templos de Arashiyama";"https://www.civitatis.com/es/kioto/visita-guiada-arashiyama-bosque-bambu/";"Manuel Cansaya";"mcansaya@hotmail.com";"+81 8053147650";"Japon Viajero Cansya Jauregui Aurelio Manuel | Hyogo Ken, Akashi Shi, Futami Cho, Higashi Futami 686-3-601, Akashi, Japón";"";"118895.61";"85";"1339";"9.6";"CLP";"2026-02-24"
"Japón";"Kioto";"Visita por el santuario Fushimi Inari-Taisha y el templo de Kiyomizu-dera";"https://www.civitatis.com/es/kioto/visita-guiada-fushimi-inari-taisha/";"Kansai4U";"kansai4u.turismo@gmail.com";"+34 630650463";"Orozco Llamas Diego | HigashiOsaka Takaidanaka 1 Chome 8-5-805, Osaka, Japón";"";"65311.72";"198";"7287";"9.5";"CLP";"2026-02-24"
"Japón";"Kioto";"Visita por el santuario Fushimi Inari-Taisha y el templo de Kiyomizu-dera";"https://www.civitatis.com/es/kioto/visita-guiada-fushimi-inari-taisha/";"Benzaitentours";"benzaitentours@gmail.com";"+8108062497750";"Manuel Perez Cabello | Osakafu,Osakashi,Nishiku,Edobori 1 chome 25 25 601, Osaka, Japón";"";"65311.72";"198";"7287";"9.5";"CLP";"2026-02-24"
"Japón";"Kioto";"Visita por el santuario Fushimi Inari-Taisha y el templo de Kiyomizu-dera";"https://www.civitatis.com/es/kioto/visita-guiada-fushimi-inari-taisha/";"Jtn Commerce";"jordichaparro@gmail.com";"+81-70-8439-6102";"JTN COMMERCE | Midori, 1-22-8-2F, Sumida-ku, Tokio, Japón";"";"65311.72";"198";"7287";"9.5";"CLP";"2026-02-24"
"Japón";"Kioto";"Pabellón Dorado, templo Otagi Nenbutsu-ji y bosque de Arashiyama";"https://www.civitatis.com/es/kioto/pabellon-dorado-otagi-nenbutsu-ji/";"Kansai4U";"kansai4u.turismo@gmail.com";"+34 630650463";"Orozco Llamas Diego | HigashiOsaka Takaidanaka 1 Chome 8-5-805, Osaka, Japón";"";"82359.19";"44";"1936";"9.6";"CLP";"2026-02-24"
"Japón";"Kioto";"Pabellón Dorado, templo Otagi Nenbutsu-ji y bosque de Arashiyama";"https://www.civitatis.com/es/kioto/pabellon-dorado-otagi-nenbutsu-ji/";"Jtn Commerce";"jordichaparro@gmail.com";"+81-70-8439-6102";"JTN COMMERCE | Midori, 1-22-8-2F, Sumida-ku, Tokio, Japón";"";"82359.19";"44";"1936";"9.6";"CLP";"2026-02-24"
"Japón";"Kioto";"Visita guiada por Kioto";"https://www.civitatis.com/es/kioto/visita-guiada-kioto/";"Izanagitours";"info@izanagitours.com";"080 4353 6969";"IZANAGI PTE LTD | 30 CECIL STREET #19-08  PRUDENTIAL TOWER , Singapur, Singapur";"";"86217.97";"250";"5281";"9.7";"CLP";"2026-02-24"
"Japón";"Kioto";"Visita guiada por Kioto";"https://www.civitatis.com/es/kioto/visita-guiada-kioto/";"Jtn Commerce";"jordichaparro@gmail.com";"+81-70-8439-6102";"JTN COMMERCE | Midori, 1-22-8-2F, Sumida-ku, Tokio, Japón";"";"86217.97";"250";"5281";"9.7";"CLP";"2026-02-24"
"Japón";"Kioto";"Excursión a Nara y Uji";"https://www.civitatis.com/es/kioto/excursion-nara/";"Doa Jaoan/japan Panoramic Tours";"booking@jptours.co.jp";"03-6279-2977";"Doa Japan Co., Ltd. | 8-12-8 Nishi-Shinjuku, Mishuku-Ku, Tokio, Japón";"";"112173.81";"88";"2414";"9.0";"CLP";"2026-02-24"
"Japón";"Kioto";"Excursión a Osaka, Nara y Kobe";"https://www.civitatis.com/es/kioto/excursion-osaka-nara-fushimi-inari/";"Amigo Tours Japan Gk";"japan@amigotours.com";"+81120587697";"AMIGO TOURS JAPAN GK | Daiwa Shibuya Square 6/F, 16-28 Nampeidai,, Shibuya-ku,, Tokyo, 150-0036, Japan OfficeS-02, Tokio, Japón";"";"82586.72";"39";"684";"8.2";"CLP";"2026-02-24"
"Japón";"Kioto";"Excursión en tren bala a Hiroshima + Miyajima";"https://www.civitatis.com/es/kioto/excursion-tren-hiroshima-miyajima/";"Amigo Tours Japan Gk";"japan@amigotours.com";"+81120587697";"AMIGO TOURS JAPAN GK | Daiwa Shibuya Square 6/F, 16-28 Nampeidai,, Shibuya-ku,, Tokyo, 150-0036, Japan OfficeS-02, Tokio, Japón";"";"307299.42";"37";"749";"7.5";"CLP";"2026-02-24"
"Japón";"Kioto";"Tour en bicicleta por Kioto";"https://www.civitatis.com/es/kioto/tour-bicicleta-kioto/";"Japandas";"japandasceo@gmail.com";"+8108075816440";"Japandas LLC | 18-2-101 higashiotoshicho, Osaka, Japón";"";"77724.64";"5";"120";"10.0";"CLP";"2026-02-24"
"Japón";"Kioto";"Tour en bicicleta por Kioto";"https://www.civitatis.com/es/kioto/tour-bicicleta-kioto/";"The Tripguru Japan";"b2bjapan@thetripguru.com";"+1 254 454 4878";"Trip Guru Limited | Unit 110 1/f . 131-132 Connaught Road West, Hong Kong, Hong Kong";"";"77724.64";"5";"120";"10.0";"CLP";"2026-02-24"
"Japón";"Kioto";"Free tour por Nanzen-ji y el Camino del Filósofo";"https://www.civitatis.com/es/kioto/free-tour-nanzenji-camino-filosofo/";"Bo Japon";"esteffy1412@gmail.com";"08088522010";"Chie Yoshimoto | Higashisumiyoshiku, Nishiimagawa 2-19-4 apto 403, Osaka, Japón";"";"0.0";"340";"9846";"9.8";"CLP";"2026-02-24"
"Japón";"Kioto";"Free tour por Nanzen-ji y el Camino del Filósofo";"https://www.civitatis.com/es/kioto/free-tour-nanzenji-camino-filosofo/";"Japandas";"japandasceo@gmail.com";"+8108075816440";"Japandas LLC | 18-2-101 higashiotoshicho, Osaka, Japón";"";"0.0";"340";"9846";"9.8";"CLP";"2026-02-24"
"Japón";"Kioto";"Tour privado por el Kioto imperial";"https://www.civitatis.com/es/kioto/tour-privado-kioto-imperial/";"Manuel Cansaya";"mcansaya@hotmail.com";"+81 8053147650";"Japon Viajero Cansya Jauregui Aurelio Manuel | Hyogo Ken, Akashi Shi, Futami Cho, Higashi Futami 686-3-601, Akashi, Japón";"";"365832.65";"32";"738";"9.1";"CLP";"2026-02-24"
"Japón";"Kioto";"Free tour por Fushimi Inari-Taisha";"https://www.civitatis.com/es/kioto/free-tour-fushimi-inari-taisha/";"Japandas";"japandasceo@gmail.com";"+8108075816440";"Japandas LLC | 18-2-101 higashiotoshicho, Osaka, Japón";"";"0.0";"17";"1691";"8.7";"CLP";"2026-02-24"
"Japón";"Kioto";"Tour nocturno por Gion";"https://www.civitatis.com/es/kioto/tour-nocturno-gion/";"The Tripguru Japan";"b2bjapan@thetripguru.com";"+1 254 454 4878";"Trip Guru Limited | Unit 110 1/f . 131-132 Connaught Road West, Hong Kong, Hong Kong";"";"20486.62";"69";"931";"9.5";"CLP";"2026-02-24"
"Japón";"Kioto";"Tour de los fantasmas de Kioto";"https://www.civitatis.com/es/kioto/tour-fantasmas-kioto/";"Japandas";"japandasceo@gmail.com";"+8108075816440";"Japandas LLC | 18-2-101 higashiotoshicho, Osaka, Japón";"";"40925.73";"1";"70";"10.0";"CLP";"2026-02-24"
"Japón";"Kioto";"Excursión privada a Himeji y Kobe";"https://www.civitatis.com/es/kioto/excursion-himeji-kobe/";"Izanagitours";"info@izanagitours.com";"080 4353 6969";"IZANAGI PTE LTD | 30 CECIL STREET #19-08  PRUDENTIAL TOWER , Singapur, Singapur";"";"420312.63";"23";"827";"9.3";"CLP";"2026-02-24"
"Japón";"Kioto";"Excursión privada a Himeji y Kobe";"https://www.civitatis.com/es/kioto/excursion-himeji-kobe/";"Jtn Commerce";"jordichaparro@gmail.com";"+81-70-8439-6102";"JTN COMMERCE | Midori, 1-22-8-2F, Sumida-ku, Tokio, Japón";"";"420312.63";"23";"827";"9.3";"CLP";"2026-02-24"
"Japón";"Kioto";"Excursión privada a Osaka";"https://www.civitatis.com/es/kioto/excursion-osaka/";"Izanagitours";"info@izanagitours.com";"080 4353 6969";"IZANAGI PTE LTD | 30 CECIL STREET #19-08  PRUDENTIAL TOWER , Singapur, Singapur";"";"339483.28";"53";"2230";"9.5";"CLP";"2026-02-24"
"Japón";"Kioto";"Excursión privada a Osaka";"https://www.civitatis.com/es/kioto/excursion-osaka/";"Jtn Commerce";"jordichaparro@gmail.com";"+81-70-8439-6102";"JTN COMMERCE | Midori, 1-22-8-2F, Sumida-ku, Tokio, Japón";"";"339483.28";"53";"2230";"9.5";"CLP";"2026-02-24"
"Japón";"Kioto";"Visita guiada por el Palacio Imperial de Kioto y el Castillo Nijo";"https://www.civitatis.com/es/kioto/visita-palacio-imperial-castillo-nijo/";"The Tripguru Japan";"b2bjapan@thetripguru.com";"+1 254 454 4878";"Trip Guru Limited | Unit 110 1/f . 131-132 Connaught Road West, Hong Kong, Hong Kong";"";"47558.24";"23";"296";"9.0";"CLP";"2026-02-24"
"Japón";"Kioto";"Entrada a la Torre de Kioto";"https://www.civitatis.com/es/kioto/entrada-torre-kioto/";"Be My Guest";"natalie.ng@bemyguest.com.sg";"+65 3158 0490";"Bemyguest Pte Ltd | 80 Changi Road, #03-01, The Centropod , Singapur, Singapur";"";"5479.51";"15";"365";"8.9";"CLP";"2026-02-24"
"Japón";"Kioto";"JR Kansai-Hiroshima Area Pass";"https://www.civitatis.com/es/kioto/kansai-hiroshima-area-pass/";"Be My Guest";"natalie.ng@bemyguest.com.sg";"+65 3158 0490";"Bemyguest Pte Ltd | 80 Changi Road, #03-01, The Centropod , Singapur, Singapur";"";"110629.9";"2";"41";"9.0";"CLP";"2026-02-24"
"Japón";"Kioto";"Alquiler de kimono tradicional en Kioto";"https://www.civitatis.com/es/kioto/alquiler-kimono/";"Be My Guest";"natalie.ng@bemyguest.com.sg";"+65 3158 0490";"Bemyguest Pte Ltd | 80 Changi Road, #03-01, The Centropod , Singapur, Singapur";"";"26682.85";"59";"1607";"9.3";"CLP";"2026-02-24"
"Japón";"Kioto";"Excursión privada a Arashiyama y la villa imperial de Uji";"https://www.civitatis.com/es/kioto/excursion-arashiyama-uji/";"Izanagitours";"info@izanagitours.com";"080 4353 6969";"IZANAGI PTE LTD | 30 CECIL STREET #19-08  PRUDENTIAL TOWER , Singapur, Singapur";"";"339483.28";"50";"1341";"9.5";"CLP";"2026-02-24"
"Japón";"Kioto";"Excursión privada a Arashiyama y la villa imperial de Uji";"https://www.civitatis.com/es/kioto/excursion-arashiyama-uji/";"Jtn Commerce";"jordichaparro@gmail.com";"+81-70-8439-6102";"JTN COMMERCE | Midori, 1-22-8-2F, Sumida-ku, Tokio, Japón";"";"339483.28";"50";"1341";"9.5";"CLP";"2026-02-24"
"Japón";"Kioto";"Excursión privada a Hiroshima y Miyajima";"https://www.civitatis.com/es/kioto/excursion-hiroshima-miyajima/";"Izanagitours";"info@izanagitours.com";"080 4353 6969";"IZANAGI PTE LTD | 30 CECIL STREET #19-08  PRUDENTIAL TOWER , Singapur, Singapur";"";"420312.63";"43";"1705";"9.5";"CLP";"2026-02-24"
"Japón";"Kioto";"Excursión privada a Hiroshima y Miyajima";"https://www.civitatis.com/es/kioto/excursion-hiroshima-miyajima/";"Jtn Commerce";"jordichaparro@gmail.com";"+81-70-8439-6102";"JTN COMMERCE | Midori, 1-22-8-2F, Sumida-ku, Tokio, Japón";"";"420312.63";"43";"1705";"9.5";"CLP";"2026-02-24"
"Japón";"Kioto";"Tour gastronómico por el mercado de Nishiki";"https://www.civitatis.com/es/kioto/tour-gastronomico-mercado-nishiki/";"Magicaltrip Tours (Libra Inc.)";"reservation@magical-trip.com";"+815018093996";"MagicalTrip Tours | 1-18-1, Shintomi, Chuo-ku, Tokyo, Japan, Tokio, Japón";"";"60810.01";"10";"249";"9.6";"CLP";"2026-02-24"
"Japón";"Kioto";"Excursión a Shirakawago y Kanazawa en tren bala";"https://www.civitatis.com/es/kioto/excursion-shirakawago-kanazawa/";"Amigo Tours Japan Gk";"japan@amigotours.com";"+81120587697";"AMIGO TOURS JAPAN GK | Daiwa Shibuya Square 6/F, 16-28 Nampeidai,, Shibuya-ku,, Tokyo, 150-0036, Japan OfficeS-02, Tokio, Japón";"";"233218.31";"0";"72";"0.0";"CLP";"2026-02-24"
"Japón";"Kioto";"Kintetsu Rail Pass";"https://www.civitatis.com/es/kioto/kintetsu-rail-pass/";"Be My Guest";"natalie.ng@bemyguest.com.sg";"+65 3158 0490";"Bemyguest Pte Ltd | 80 Changi Road, #03-01, The Centropod , Singapur, Singapur";"";"12388.47";"0";"112";"0.0";"CLP";"2026-02-24"
"Japón";"Kioto";"Autobús turístico de Kioto";"https://www.civitatis.com/es/kioto/autobus-turistico-kioto/";"Be My Guest";"natalie.ng@bemyguest.com.sg";"+65 3158 0490";"Bemyguest Pte Ltd | 80 Changi Road, #03-01, The Centropod , Singapur, Singapur";"";"27953.47";"14";"398";"8.1";"CLP";"2026-02-24"
"Japón";"Kioto";"Haruka Express, tren entre el Aeropuerto de Kansai y Kioto u Osaka";"https://www.civitatis.com/es/kioto/haruka-express-aeropuerto-kansai-kioto/";"Be My Guest";"natalie.ng@bemyguest.com.sg";"+65 3158 0490";"Bemyguest Pte Ltd | 80 Changi Road, #03-01, The Centropod , Singapur, Singapur";"";"11760.38";"7";"247";"9.1";"CLP";"2026-02-24"
"Japón";"Kioto";"Tren panorámico de Sagano";"https://www.civitatis.com/es/kioto/tren-panoramico-sagano/";"Be My Guest";"natalie.ng@bemyguest.com.sg";"+65 3158 0490";"Bemyguest Pte Ltd | 80 Changi Road, #03-01, The Centropod , Singapur, Singapur";"";"5927.11";"5";"164";"8.0";"CLP";"2026-02-24"
"Japón";"Kioto";"Excursión al parque Nijigen No Mori Naruto";"https://www.civitatis.com/es/kioto/excursion-parque-nijigen-no-mori-naruto/";"Limon Tours";"info@limontours.jp";"+816-6131-5340";"Shinki Kanko CO. LTD | 7-4-17, Nishinakajima, Yodogawa-ku, Osaka, Japón";"";"62581.18";"3";"43";"10.0";"CLP";"2026-02-24"
"Japón";"Kioto";"Kansai Hokuriku Area Pass";"https://www.civitatis.com/es/kioto/kansai-hokuriku-area-pass/";"Be My Guest";"natalie.ng@bemyguest.com.sg";"+65 3158 0490";"Bemyguest Pte Ltd | 80 Changi Road, #03-01, The Centropod , Singapur, Singapur";"";"124816.0";"0";"4";"0.0";"CLP";"2026-02-24"
"Japón";"Osaka";"Free tour por el centro de Osaka y los barrios de Nipponbashi y Shinsekai";"https://www.civitatis.com/es/osaka/free-tour-nipponbashi-shinsekai/";"Bo Japon";"esteffy1412@gmail.com";"08088522010";"Chie Yoshimoto | Higashisumiyoshiku, Nishiimagawa 2-19-4 apto 403, Osaka, Japón";"";"0.0";"998";"55186";"9.3";"CLP";"2026-02-24"
"Japón";"Osaka";"Free tour por el centro de Osaka y los barrios de Nipponbashi y Shinsekai";"https://www.civitatis.com/es/osaka/free-tour-nipponbashi-shinsekai/";"Japandas";"japandasceo@gmail.com";"+8108075816440";"Japandas LLC | 18-2-101 higashiotoshicho, Osaka, Japón";"";"0.0";"998";"55186";"9.3";"CLP";"2026-02-24"
"Japón";"Osaka";"Free tour por el centro de Osaka y los barrios de Nipponbashi y Shinsekai";"https://www.civitatis.com/es/osaka/free-tour-nipponbashi-shinsekai/";"Jtn Commerce";"jordichaparro@gmail.com";"+81-70-8439-6102";"JTN COMMERCE | Midori, 1-22-8-2F, Sumida-ku, Tokio, Japón";"";"0.0";"998";"55186";"9.3";"CLP";"2026-02-24"
"Japón";"Osaka";"Visita guiada por Osaka y su Castillo";"https://www.civitatis.com/es/osaka/visita-guiada-osaka/";"Kansai4U";"kansai4u.turismo@gmail.com";"+34 630650463";"Orozco Llamas Diego | HigashiOsaka Takaidanaka 1 Chome 8-5-805, Osaka, Japón";"";"66418.7";"192";"6309";"9.3";"CLP";"2026-02-24"
"Japón";"Osaka";"Visita guiada por Osaka y su Castillo";"https://www.civitatis.com/es/osaka/visita-guiada-osaka/";"Benzaitentours";"benzaitentours@gmail.com";"+8108062497750";"Manuel Perez Cabello | Osakafu,Osakashi,Nishiku,Edobori 1 chome 25 25 601, Osaka, Japón";"";"66418.7";"192";"6309";"9.3";"CLP";"2026-02-24"
"Japón";"Osaka";"Visita guiada por Osaka y su Castillo";"https://www.civitatis.com/es/osaka/visita-guiada-osaka/";"Jtn Commerce";"jordichaparro@gmail.com";"+81-70-8439-6102";"JTN COMMERCE | Midori, 1-22-8-2F, Sumida-ku, Tokio, Japón";"";"66418.7";"192";"6309";"9.3";"CLP";"2026-02-24"
"Japón";"Osaka";"Tour de Osaka al completo con entradas";"https://www.civitatis.com/es/osaka/tour-osaka-completo/";"Benzaitentours";"benzaitentours@gmail.com";"+8108062497750";"Manuel Perez Cabello | Osakafu,Osakashi,Nishiku,Edobori 1 chome 25 25 601, Osaka, Japón";"";"68012.75";"9";"266";"10.0";"CLP";"2026-02-24"
"Japón";"Osaka";"Tour nocturno por Osaka";"https://www.civitatis.com/es/osaka/tour-nocturno-osaka/";"Japon Desde Madrid - Jdm";"japondesdemadrid@gmail.com";"+8107091586158";"Hugo Garcia Ignoto | Nara Prefecture, Yamatokoriyama City, Asahi-cho 1-54-914, Yamatokoriyama, Japón";"";"70052.1";"83";"2027";"9.5";"CLP";"2026-02-24"
"Japón";"Osaka";"Tour nocturno por Osaka";"https://www.civitatis.com/es/osaka/tour-nocturno-osaka/";"Japandas";"japandasceo@gmail.com";"+8108075816440";"Japandas LLC | 18-2-101 higashiotoshicho, Osaka, Japón";"";"70052.1";"83";"2027";"9.5";"CLP";"2026-02-24"
"Japón";"Osaka";"Excursión a Minō";"https://www.civitatis.com/es/osaka/excursion-mino/";"Benzaitentours";"benzaitentours@gmail.com";"+8108062497750";"Manuel Perez Cabello | Osakafu,Osakashi,Nishiku,Edobori 1 chome 25 25 601, Osaka, Japón";"";"76750.5";"35";"898";"9.9";"CLP";"2026-02-24"
"Japón";"Osaka";"Traslados en Osaka";"https://www.civitatis.com/es/osaka/traslados/";"No especificado / Único";"N/A";"N/A";"N/A";"";"85513.38";"277";"12214";"9.3";"CLP";"2026-02-24"
"Japón";"Osaka";"Free tour por Osaka";"https://www.civitatis.com/es/osaka/free-tour-osaka/";"Japandas";"japandasceo@gmail.com";"+8108075816440";"Japandas LLC | 18-2-101 higashiotoshicho, Osaka, Japón";"";"0.0";"867";"72931";"9.2";"CLP";"2026-02-24"
"Japón";"Osaka";"Free tour por Osaka";"https://www.civitatis.com/es/osaka/free-tour-osaka/";"Localized";"info@japanlocalized.com";"03-6897-9322";"Localized Co LTD | Ueno 3-15-7-510 Taito, Taito Tokyo, Japón";"";"0.0";"867";"72931";"9.2";"CLP";"2026-02-24"
"Japón";"Osaka";"Free tour por Osaka";"https://www.civitatis.com/es/osaka/free-tour-osaka/";"Japon Desde Madrid - Jdm";"japondesdemadrid@gmail.com";"+8107091586158";"Hugo Garcia Ignoto | Nara Prefecture, Yamatokoriyama City, Asahi-cho 1-54-914, Yamatokoriyama, Japón";"";"0.0";"867";"72931";"9.2";"CLP";"2026-02-24"
"Japón";"Osaka";"Excursión privada a Hiroshima y Miyajima";"https://www.civitatis.com/es/osaka/excursion-hiroshima-miyajima/";"Izanagitours";"info@izanagitours.com";"080 4353 6969";"IZANAGI PTE LTD | 30 CECIL STREET #19-08  PRUDENTIAL TOWER , Singapur, Singapur";"";"420312.63";"57";"1693";"9.6";"CLP";"2026-02-24"
"Japón";"Osaka";"Excursión privada a Hiroshima y Miyajima";"https://www.civitatis.com/es/osaka/excursion-hiroshima-miyajima/";"Jtn Commerce";"jordichaparro@gmail.com";"+81-70-8439-6102";"JTN COMMERCE | Midori, 1-22-8-2F, Sumida-ku, Tokio, Japón";"";"420312.63";"57";"1693";"9.6";"CLP";"2026-02-24"
"Japón";"Osaka";"Tour privado por Osaka";"https://www.civitatis.com/es/osaka/tour-privado-osaka/";"Izanagitours";"info@izanagitours.com";"080 4353 6969";"IZANAGI PTE LTD | 30 CECIL STREET #19-08  PRUDENTIAL TOWER , Singapur, Singapur";"";"339483.28";"142";"6443";"9.6";"CLP";"2026-02-24"
"Japón";"Osaka";"Tour privado por Osaka";"https://www.civitatis.com/es/osaka/tour-privado-osaka/";"Jtn Commerce";"jordichaparro@gmail.com";"+81-70-8439-6102";"JTN COMMERCE | Midori, 1-22-8-2F, Sumida-ku, Tokio, Japón";"";"339483.28";"142";"6443";"9.6";"CLP";"2026-02-24"
"Japón";"Osaka";"Tour privado por Osaka";"https://www.civitatis.com/es/osaka/tour-privado-osaka/";"Manuel Cansaya";"mcansaya@hotmail.com";"+81 8053147650";"Japon Viajero Cansya Jauregui Aurelio Manuel | Hyogo Ken, Akashi Shi, Futami Cho, Higashi Futami 686-3-601, Akashi, Japón";"";"339483.28";"142";"6443";"9.6";"CLP";"2026-02-24"
"Japón";"Osaka";"Entrada a Universal Studios Japan";"https://www.civitatis.com/es/osaka/entrada-universal-studios-japan/";"Be My Guest";"natalie.ng@bemyguest.com.sg";"+65 3158 0490";"Bemyguest Pte Ltd | 80 Changi Road, #03-01, The Centropod , Singapur, Singapur";"";"56109.08";"200";"9672";"9.3";"CLP";"2026-02-24"
"Japón";"Osaka";"Free tour por la Osaka prohibida";"https://www.civitatis.com/es/osaka/free-tour-osaka-prohibida/";"Japandas";"japandasceo@gmail.com";"+8108075816440";"Japandas LLC | 18-2-101 higashiotoshicho, Osaka, Japón";"";"0.0";"36";"1757";"9.9";"CLP";"2026-02-24"
"Japón";"Osaka";"Excursión en tren bala a Hiroshima + Miyajima";"https://www.civitatis.com/es/osaka/excursion-tren-hiroshima-miyajima/";"Amigo Tours Japan Gk";"japan@amigotours.com";"+81120587697";"AMIGO TOURS JAPAN GK | Daiwa Shibuya Square 6/F, 16-28 Nampeidai,, Shibuya-ku,, Tokyo, 150-0036, Japan OfficeS-02, Tokio, Japón";"";"307299.42";"37";"749";"7.5";"CLP";"2026-02-24"
"Japón";"Osaka";"Excursión privada a Kioto";"https://www.civitatis.com/es/osaka/excursion-privada-kioto/";"Izanagitours";"info@izanagitours.com";"080 4353 6969";"IZANAGI PTE LTD | 30 CECIL STREET #19-08  PRUDENTIAL TOWER , Singapur, Singapur";"";"339483.28";"12";"1169";"9.8";"CLP";"2026-02-24"
"Japón";"Osaka";"Excursión privada a Kioto";"https://www.civitatis.com/es/osaka/excursion-privada-kioto/";"Jtn Commerce";"jordichaparro@gmail.com";"+81-70-8439-6102";"JTN COMMERCE | Midori, 1-22-8-2F, Sumida-ku, Tokio, Japón";"";"339483.28";"12";"1169";"9.8";"CLP";"2026-02-24"
"Japón";"Osaka";"Excursión privada a Nara";"https://www.civitatis.com/es/osaka/excursion-nara/";"Izanagitours";"info@izanagitours.com";"080 4353 6969";"IZANAGI PTE LTD | 30 CECIL STREET #19-08  PRUDENTIAL TOWER , Singapur, Singapur";"";"339483.28";"33";"1333";"9.9";"CLP";"2026-02-24"
"Japón";"Osaka";"Excursión privada a Nara";"https://www.civitatis.com/es/osaka/excursion-nara/";"Jtn Commerce";"jordichaparro@gmail.com";"+81-70-8439-6102";"JTN COMMERCE | Midori, 1-22-8-2F, Sumida-ku, Tokio, Japón";"";"339483.28";"33";"1333";"9.9";"CLP";"2026-02-24"
"Japón";"Osaka";"Excursión a Nara, Himeji y Kōbe";"https://www.civitatis.com/es/osaka/excursion-nara-himeji-kobe/";"Amigo Tours Japan Gk";"japan@amigotours.com";"+81120587697";"AMIGO TOURS JAPAN GK | Daiwa Shibuya Square 6/F, 16-28 Nampeidai,, Shibuya-ku,, Tokyo, 150-0036, Japan OfficeS-02, Tokio, Japón";"";"90543.58";"0";"106";"0.0";"CLP";"2026-02-24"
"Japón";"Osaka";"Free tour por los templos de Osaka";"https://www.civitatis.com/es/osaka/free-tour-templos-osaka/";"Sanko";"teruhisa0814@gmail.com";"819060007716";"Teruhisa Orino | Higashi Osaka Nishikamikosaka 12-10-403, Osaka, Japón";"";"0.0";"138";"7610";"9.4";"CLP";"2026-02-24"
"Japón";"Osaka";"Free tour por los templos de Osaka";"https://www.civitatis.com/es/osaka/free-tour-templos-osaka/";"Japandas";"japandasceo@gmail.com";"+8108075816440";"Japandas LLC | 18-2-101 higashiotoshicho, Osaka, Japón";"";"0.0";"138";"7610";"9.4";"CLP";"2026-02-24"
"Japón";"Osaka";"Excursión a Kioto";"https://www.civitatis.com/es/osaka/excursion-kioto/";"Limon Tours";"info@limontours.jp";"+816-6131-5340";"Shinki Kanko CO. LTD | 7-4-17, Nishinakajima, Yodogawa-ku, Osaka, Japón";"";"59038.85";"20";"463";"8.3";"CLP";"2026-02-24"
"Japón";"Osaka";"Entrada a un entrenamiento de sumo en Osaka";"https://www.civitatis.com/es/osaka/entrada-entrenamiento-sumo-osaka/";"Seiyufoods Inc.";"ochiizumibeya@gmail.com";"072-447-6711";"Seiyufoods Co Ltd | 2-8-25 Nagayoshigawabe, Hirano-ku, Osaka, 547-0014, Japan, Osaka, Japón";"";"76750.5";"12";"462";"8.3";"CLP";"2026-02-24"
"Japón";"Osaka";"Excursión privada a Himeji y Kobe";"https://www.civitatis.com/es/osaka/excursion-himeji-kobe/";"Izanagitours";"info@izanagitours.com";"080 4353 6969";"IZANAGI PTE LTD | 30 CECIL STREET #19-08  PRUDENTIAL TOWER , Singapur, Singapur";"";"420312.63";"10";"1233";"9.8";"CLP";"2026-02-24"
"Japón";"Osaka";"Excursión privada a Himeji y Kobe";"https://www.civitatis.com/es/osaka/excursion-himeji-kobe/";"Jtn Commerce";"jordichaparro@gmail.com";"+81-70-8439-6102";"JTN COMMERCE | Midori, 1-22-8-2F, Sumida-ku, Tokio, Japón";"";"420312.63";"10";"1233";"9.8";"CLP";"2026-02-24"
"Japón";"Osaka";"Excursión a Kōbe";"https://www.civitatis.com/es/osaka/excursion-kobe/";"Isseisyouji Co., Ltd.";"minako_i@isseisyouji-jp.com";"+818056840893";"Isseisyouji Co., Ltd. | Room 506, 2-10-3 Higashimikuni, Yodogawa Ward, Osaka, Japón";"";"75569.72";"0";"271";"0.0";"CLP";"2026-02-24"
"Japón";"Osaka";"Tour gastronómico por Osaka";"https://www.civitatis.com/es/osaka/tour-gastronomico-osaka/";"Osaka Food Tours, Inc";"admarsden1980@yahoo.com.au";"08070122238";"Osaka Food Tours, Inc. | Toyonaka Shi, Kamishinden 4-21-10-201, Osaka, Japón";"";"76750.5";"23";"392";"8.1";"CLP";"2026-02-24"
"Japón";"Osaka";"JR Kansai-Hiroshima Area Pass";"https://www.civitatis.com/es/osaka/kansai-hiroshima-area-pass/";"Be My Guest";"natalie.ng@bemyguest.com.sg";"+65 3158 0490";"Bemyguest Pte Ltd | 80 Changi Road, #03-01, The Centropod , Singapur, Singapur";"";"110629.9";"2";"41";"9.0";"CLP";"2026-02-24"
"Japón";"Osaka";"Entrada al castillo de Osaka";"https://www.civitatis.com/es/osaka/entrada-castillo-osaka/";"Be My Guest";"natalie.ng@bemyguest.com.sg";"+65 3158 0490";"Bemyguest Pte Ltd | 80 Changi Road, #03-01, The Centropod , Singapur, Singapur";"";"8165.12";"22";"716";"9.4";"CLP";"2026-02-24"
"Japón";"Osaka";"Osaka Amazing Pass";"https://www.civitatis.com/es/osaka/osaka-amazing-pass/";"Be My Guest";"natalie.ng@bemyguest.com.sg";"+65 3158 0490";"Bemyguest Pte Ltd | 80 Changi Road, #03-01, The Centropod , Singapur, Singapur";"";"23037.06";"45";"1190";"8.0";"CLP";"2026-02-24"
"Japón";"Osaka";"Tour gastronómico por el mercado Kuromon";"https://www.civitatis.com/es/osaka/tour-gastronomico-mercado-kuromon/";"Magicaltrip Tours (Libra Inc.)";"reservation@magical-trip.com";"+815018093996";"MagicalTrip Tours | 1-18-1, Shintomi, Chuo-ku, Tokyo, Japan, Tokio, Japón";"";"44869.52";"5";"176";"9.2";"CLP";"2026-02-24"
"Japón";"Osaka";"Excursión a Shirakawago y Kanazawa en tren bala";"https://www.civitatis.com/es/osaka/excursion-shirakawago-kanazawa/";"Amigo Tours Japan Gk";"japan@amigotours.com";"+81120587697";"AMIGO TOURS JAPAN GK | Daiwa Shibuya Square 6/F, 16-28 Nampeidai,, Shibuya-ku,, Tokyo, 150-0036, Japan OfficeS-02, Tokio, Japón";"";"233218.31";"0";"72";"0.0";"CLP";"2026-02-24"
"Japón";"Osaka";"Tour en kart por Osaka";"https://www.civitatis.com/es/osaka/tour-kart-osaka/";"Fun Company";"osakakart.rsv@gmail.com";"+81 080-9697-8605";"Fun Company | 3-3-9, Nipponbashi, Naniwa-ku, Osaka-shi,, Osaka, Japón";"";"82654.39";"1";"71";"10.0";"CLP";"2026-02-24"
"Japón";"Osaka";"Kintetsu Rail Pass";"https://www.civitatis.com/es/osaka/kintetsu-rail-pass/";"Be My Guest";"natalie.ng@bemyguest.com.sg";"+65 3158 0490";"Bemyguest Pte Ltd | 80 Changi Road, #03-01, The Centropod , Singapur, Singapur";"";"12388.47";"0";"112";"0.0";"CLP";"2026-02-24"
"Japón";"Osaka";"Tour en bicicleta por Osaka";"https://www.civitatis.com/es/osaka/tour-bicicleta-osaka/";"Magicaltrip Tours (Libra Inc.)";"reservation@magical-trip.com";"+815018093996";"MagicalTrip Tours | 1-18-1, Shintomi, Chuo-ku, Tokyo, Japan, Tokio, Japón";"";"77931.28";"2";"54";"10.0";"CLP";"2026-02-24"
"Japón";"Osaka";"Pase para el metro y el autobús de Osaka";"https://www.civitatis.com/es/osaka/pase-metro-autobus-osaka/";"Be My Guest";"natalie.ng@bemyguest.com.sg";"+65 3158 0490";"Bemyguest Pte Ltd | 80 Changi Road, #03-01, The Centropod , Singapur, Singapur";"";"6562.42";"0";"37";"0.0";"CLP";"2026-02-24"
"Japón";"Osaka";"Experiencia samurái en Osaka";"https://www.civitatis.com/es/osaka/experiencia-samurai/";"Vicky Co., Ltd.";"vicky20240322@gmail.com";"09054653250";"Vicky Co., Ltd. | 20-9-401 Kokubu-cho, Tennoji-Ward, Osaka, Japón";"";"116896.92";"0";"23";"0.0";"CLP";"2026-02-24"
"Japón";"Osaka";"Entrada al mirador de la Torre Tsutenkaku";"https://www.civitatis.com/es/osaka/entrada-torre-tsutenkaku/";"Be My Guest";"natalie.ng@bemyguest.com.sg";"+65 3158 0490";"Bemyguest Pte Ltd | 80 Changi Road, #03-01, The Centropod , Singapur, Singapur";"";"7905.23";"0";"62";"0.0";"CLP";"2026-02-24"
"Japón";"Osaka";"Excursión a Arashiyama, Kinkakuji y Nara";"https://www.civitatis.com/es/osaka/excursion-nara-arashiyama/";"Limon Tours";"info@limontours.jp";"+816-6131-5340";"Shinki Kanko CO. LTD | 7-4-17, Nishinakajima, Yodogawa-ku, Osaka, Japón";"";"59038.85";"58";"1132";"8.9";"CLP";"2026-02-24"
"Japón";"Osaka";"Entrada al mirador del Umeda Sky Building";"https://www.civitatis.com/es/osaka/entrada-umeda-sky-building/";"Be My Guest";"natalie.ng@bemyguest.com.sg";"+65 3158 0490";"Bemyguest Pte Ltd | 80 Changi Road, #03-01, The Centropod , Singapur, Singapur";"";"13146.5";"27";"659";"9.1";"CLP";"2026-02-24"
"Japón";"Osaka";"Excursión a Kioto, Nara y Fushimi Inari";"https://www.civitatis.com/es/osaka/excursion-kioto-nara-fushimi-inari/";"Amigo Tours Japan Gk";"japan@amigotours.com";"+81120587697";"AMIGO TOURS JAPAN GK | Daiwa Shibuya Square 6/F, 16-28 Nampeidai,, Shibuya-ku,, Tokyo, 150-0036, Japan OfficeS-02, Tokio, Japón";"";"81397.76";"23";"528";"9.3";"CLP";"2026-02-24"
"Japón";"Osaka";"Entrada al Harukas 300 Observatory";"https://www.civitatis.com/es/osaka/entrada-harukas-300-observatory/";"Be My Guest";"natalie.ng@bemyguest.com.sg";"+65 3158 0490";"Bemyguest Pte Ltd | 80 Changi Road, #03-01, The Centropod , Singapur, Singapur";"";"12272.95";"15";"453";"9.1";"CLP";"2026-02-24"
"Japón";"Osaka";"Nankai Rapit Airport Express";"https://www.civitatis.com/es/osaka/nankai-rapit-airport-express/";"Be My Guest";"natalie.ng@bemyguest.com.sg";"+65 3158 0490";"Bemyguest Pte Ltd | 80 Changi Road, #03-01, The Centropod , Singapur, Singapur";"";"8728.24";"17";"296";"8.9";"CLP";"2026-02-24"
"Japón";"Osaka";"Haruka Express, tren entre el Aeropuerto de Kansai y Kioto u Osaka";"https://www.civitatis.com/es/osaka/haruka-express-aeropuerto-kansai-kioto/";"Be My Guest";"natalie.ng@bemyguest.com.sg";"+65 3158 0490";"Bemyguest Pte Ltd | 80 Changi Road, #03-01, The Centropod , Singapur, Singapur";"";"11760.38";"7";"247";"9.1";"CLP";"2026-02-24"
"Japón";"Osaka";"Excursión a Kioto + Tren Sagano";"https://www.civitatis.com/es/osaka/excursion-kioto-tren-sagano/";"Limon Tours";"info@limontours.jp";"+816-6131-5340";"Shinki Kanko CO. LTD | 7-4-17, Nishinakajima, Yodogawa-ku, Osaka, Japón";"";"47231.08";"9";"195";"9.3";"CLP";"2026-02-24"
"Japón";"Osaka";"Kansai Area Pass";"https://www.civitatis.com/es/osaka/kansai-area-pass/";"Be My Guest";"natalie.ng@bemyguest.com.sg";"+65 3158 0490";"Bemyguest Pte Ltd | 80 Changi Road, #03-01, The Centropod , Singapur, Singapur";"";"18597.14";"1";"103";"10.0";"CLP";"2026-02-24"
"Japón";"Osaka";"Tour panorámico por Osaka";"https://www.civitatis.com/es/osaka/tour-panoramico-osaka/";"Be My Guest";"natalie.ng@bemyguest.com.sg";"+65 3158 0490";"Bemyguest Pte Ltd | 80 Changi Road, #03-01, The Centropod , Singapur, Singapur";"";"12886.6";"0";"58";"0.0";"CLP";"2026-02-24"
"Japón";"Hiroshima";"Tour por Hiroshima y Miyajima";"https://www.civitatis.com/es/hiroshima/tour-hiroshima-miyajima/";"Jtn Commerce";"jordichaparro@gmail.com";"+81-70-8439-6102";"JTN COMMERCE | Midori, 1-22-8-2F, Sumida-ku, Tokio, Japón";"";"99689.39";"229";"3983";"9.2";"CLP";"2026-02-24"
"Japón";"Hiroshima";"Tour por Hiroshima y Miyajima";"https://www.civitatis.com/es/hiroshima/tour-hiroshima-miyajima/";"Amigo Tours Japan Gk";"japan@amigotours.com";"+81120587697";"AMIGO TOURS JAPAN GK | Daiwa Shibuya Square 6/F, 16-28 Nampeidai,, Shibuya-ku,, Tokyo, 150-0036, Japan OfficeS-02, Tokio, Japón";"";"99689.39";"229";"3983";"9.2";"CLP";"2026-02-24"
"Japón";"Hiroshima";"Visita guiada por Hiroshima";"https://www.civitatis.com/es/hiroshima/visita-guiada-hiroshima/";"Descubre Hiroshima Tours";"descubrehiroshima@gmail.com";"09064335936";"Carlos Alberto Giannini | Hiroshima-ken, Hiroshima 31 Chorakuji, Asaminamiku, Hiroshima, Japón";"";"50773.41";"24";"376";"9.7";"CLP";"2026-02-24"
"Japón";"Hiroshima";"Tour privado por Hiroshima y Miyajima";"https://www.civitatis.com/es/hiroshima/tour-privado-hiroshima-miyajima/";"Izanagitours";"info@izanagitours.com";"080 4353 6969";"IZANAGI PTE LTD | 30 CECIL STREET #19-08  PRUDENTIAL TOWER , Singapur, Singapur";"";"420312.63";"94";"3425";"9.6";"CLP";"2026-02-24"
"Japón";"Hiroshima";"Tour privado por Hiroshima y Miyajima";"https://www.civitatis.com/es/hiroshima/tour-privado-hiroshima-miyajima/";"Jtn Commerce";"jordichaparro@gmail.com";"+81-70-8439-6102";"JTN COMMERCE | Midori, 1-22-8-2F, Sumida-ku, Tokio, Japón";"";"420312.63";"94";"3425";"9.6";"CLP";"2026-02-24"
"Japón";"Hiroshima";"Tour nocturno por Hiroshima";"https://www.civitatis.com/es/hiroshima/tour-nocturno-hiroshima/";"Magicaltrip Tours (Libra Inc.)";"reservation@magical-trip.com";"+815018093996";"MagicalTrip Tours | 1-18-1, Shintomi, Chuo-ku, Tokyo, Japan, Tokio, Japón";"";"98712.95";"10";"72";"10.0";"CLP";"2026-02-24"
"Japón";"Hiroshima";"JR Kansai-Hiroshima Area Pass";"https://www.civitatis.com/es/hiroshima/kansai-hiroshima-area-pass/";"Be My Guest";"natalie.ng@bemyguest.com.sg";"+65 3158 0490";"Bemyguest Pte Ltd | 80 Changi Road, #03-01, The Centropod , Singapur, Singapur";"";"110629.9";"2";"41";"9.0";"CLP";"2026-02-24"
"Japón";"Hiroshima";"Tour privado por Hiroshima";"https://www.civitatis.com/es/hiroshima/tour-privado-hiroshima/";"Izanagitours";"info@izanagitours.com";"080 4353 6969";"IZANAGI PTE LTD | 30 CECIL STREET #19-08  PRUDENTIAL TOWER , Singapur, Singapur";"";"420312.63";"7";"282";"10.0";"CLP";"2026-02-24"
"Japón";"Hiroshima";"Excursión privada a Miyajima";"https://www.civitatis.com/es/hiroshima/excursion-privada-miyajima/";"Izanagitours";"info@izanagitours.com";"080 4353 6969";"IZANAGI PTE LTD | 30 CECIL STREET #19-08  PRUDENTIAL TOWER , Singapur, Singapur";"";"420312.63";"5";"110";"9.6";"CLP";"2026-02-24"
"Japón";"Hiroshima";"Kansai Area Pass";"https://www.civitatis.com/es/hiroshima/kansai-area-pass/";"Be My Guest";"natalie.ng@bemyguest.com.sg";"+65 3158 0490";"Bemyguest Pte Ltd | 80 Changi Road, #03-01, The Centropod , Singapur, Singapur";"";"18597.14";"1";"103";"10.0";"CLP";"2026-02-24"
"Japón";"Nara";"Visita guiada por Nara";"https://www.civitatis.com/es/nara/visita-guiada-nara/";"Kansai4U";"kansai4u.turismo@gmail.com";"+34 630650463";"Orozco Llamas Diego | HigashiOsaka Takaidanaka 1 Chome 8-5-805, Osaka, Japón";"";"66086.9";"76";"1415";"9.3";"CLP";"2026-02-24"
"Japón";"Nara";"Visita guiada por Nara";"https://www.civitatis.com/es/nara/visita-guiada-nara/";"Benzaitentours";"benzaitentours@gmail.com";"+8108062497750";"Manuel Perez Cabello | Osakafu,Osakashi,Nishiku,Edobori 1 chome 25 25 601, Osaka, Japón";"";"66086.9";"76";"1415";"9.3";"CLP";"2026-02-24"
"Japón";"Nara";"Free tour por Nara";"https://www.civitatis.com/es/nara/free-tour-nara/";"Japandas";"japandasceo@gmail.com";"+8108075816440";"Japandas LLC | 18-2-101 higashiotoshicho, Osaka, Japón";"";"0.0";"284";"18013";"9.4";"CLP";"2026-02-24"
"Japón";"Nara";"Free tour por Nara";"https://www.civitatis.com/es/nara/free-tour-nara/";"Jtn Commerce";"jordichaparro@gmail.com";"+81-70-8439-6102";"JTN COMMERCE | Midori, 1-22-8-2F, Sumida-ku, Tokio, Japón";"";"0.0";"284";"18013";"9.4";"CLP";"2026-02-24"
"Japón";"Nara";"Free tour por Nara";"https://www.civitatis.com/es/nara/free-tour-nara/";"Japon Desde Madrid - Jdm";"japondesdemadrid@gmail.com";"+8107091586158";"Hugo Garcia Ignoto | Nara Prefecture, Yamatokoriyama City, Asahi-cho 1-54-914, Yamatokoriyama, Japón";"";"0.0";"284";"18013";"9.4";"CLP";"2026-02-24"
"Japón";"Nara";"Tour privado por Nara";"https://www.civitatis.com/es/nara/tour-privado-nara/";"Izanagitours";"info@izanagitours.com";"080 4353 6969";"IZANAGI PTE LTD | 30 CECIL STREET #19-08  PRUDENTIAL TOWER , Singapur, Singapur";"";"339483.28";"15";"585";"9.7";"CLP";"2026-02-24"
"Japón";"Nara";"Tour privado por Nara";"https://www.civitatis.com/es/nara/tour-privado-nara/";"Jtn Commerce";"jordichaparro@gmail.com";"+81-70-8439-6102";"JTN COMMERCE | Midori, 1-22-8-2F, Sumida-ku, Tokio, Japón";"";"339483.28";"15";"585";"9.7";"CLP";"2026-02-24"
"Japón";"Nara";"JR Kansai-Hiroshima Area Pass";"https://www.civitatis.com/es/nara/kansai-hiroshima-area-pass/";"Be My Guest";"natalie.ng@bemyguest.com.sg";"+65 3158 0490";"Bemyguest Pte Ltd | 80 Changi Road, #03-01, The Centropod , Singapur, Singapur";"";"110629.9";"2";"41";"9.0";"CLP";"2026-02-24"
"Japón";"Nara";"Kintetsu Rail Pass";"https://www.civitatis.com/es/nara/kintetsu-rail-pass/";"Be My Guest";"natalie.ng@bemyguest.com.sg";"+65 3158 0490";"Bemyguest Pte Ltd | 80 Changi Road, #03-01, The Centropod , Singapur, Singapur";"";"12388.47";"0";"112";"0.0";"CLP";"2026-02-24"
"Japón";"Nara";"Excursión privada a Nara";"https://www.civitatis.com/es/osaka/excursion-nara/";"Izanagitours";"info@izanagitours.com";"080 4353 6969";"IZANAGI PTE LTD | 30 CECIL STREET #19-08  PRUDENTIAL TOWER , Singapur, Singapur";"";"339483.28";"33";"1333";"9.9";"CLP";"2026-02-24"
"Japón";"Nara";"Excursión privada a Nara";"https://www.civitatis.com/es/osaka/excursion-nara/";"Jtn Commerce";"jordichaparro@gmail.com";"+81-70-8439-6102";"JTN COMMERCE | Midori, 1-22-8-2F, Sumida-ku, Tokio, Japón";"";"339483.28";"33";"1333";"9.9";"CLP";"2026-02-24"
"Japón";"Nara";"Excursión a Nara, Himeji y Kōbe";"https://www.civitatis.com/es/osaka/excursion-nara-himeji-kobe/";"Amigo Tours Japan Gk";"japan@amigotours.com";"+81120587697";"AMIGO TOURS JAPAN GK | Daiwa Shibuya Square 6/F, 16-28 Nampeidai,, Shibuya-ku,, Tokyo, 150-0036, Japan OfficeS-02, Tokio, Japón";"";"90543.58";"0";"110";"0.0";"CLP";"2026-02-24"
"Japón";"Kōbe";"Tour privado por Kōbe y Himeji";"https://www.civitatis.com/es/kobe/tour-kobe-himeji/";"Izanagitours";"info@izanagitours.com";"080 4353 6969";"IZANAGI PTE LTD | 30 CECIL STREET #19-08  PRUDENTIAL TOWER , Singapur, Singapur";"";"420312.63";"0";"51";"0.0";"CLP";"2026-02-24"
"Japón";"Kōbe";"JR Kansai-Hiroshima Area Pass";"https://www.civitatis.com/es/kobe/kansai-hiroshima-area-pass/";"Be My Guest";"natalie.ng@bemyguest.com.sg";"+65 3158 0490";"Bemyguest Pte Ltd | 80 Changi Road, #03-01, The Centropod , Singapur, Singapur";"";"110629.9";"2";"41";"9.0";"CLP";"2026-02-24"
"Japón";"Kōbe";"Tour por Kōbe y visita al Jardín de Hierbas Nunobiki";"https://www.civitatis.com/es/kobe/tour-kobe-jardin-hierbas-nunobiki/";"Kansai4U";"kansai4u.turismo@gmail.com";"+34 630650463";"Orozco Llamas Diego | HigashiOsaka Takaidanaka 1 Chome 8-5-805, Osaka, Japón";"";"82654.39";"5";"39";"8.8";"CLP";"2026-02-24"
"Japón";"Kōbe";"Excursión privada a Kioto";"https://www.civitatis.com/es/kobe/excursion-kioto/";"Izanagitours";"info@izanagitours.com";"080 4353 6969";"IZANAGI PTE LTD | 30 CECIL STREET #19-08  PRUDENTIAL TOWER , Singapur, Singapur";"";"339483.28";"0";"9";"0.0";"CLP";"2026-02-24"
"Japón";"Kōbe";"Visita a tres destilerías de sake en Nada";"https://www.civitatis.com/es/kobe/visita-destilerias-sake-nada/";"Origin Sake Tours";"super6one@live.co.uk";"07041231331";"Russell Andrew Alexander | 527 Shinden, Ako City, Hyogo, Japan. ,  Ako City, Hyogo, Japan, Japón";"";"88558.27";"0";"0";"0.0";"CLP";"2026-02-24"
"Japón";"Kōbe";"Traslados en Kōbe";"https://www.civitatis.com/es/kobe/traslados/";"No especificado / Único";"N/A";"N/A";"N/A";"";"85513.38";"277";"12220";"9.3";"CLP";"2026-02-24"
"Japón";"Nagoya";"Excursión a Takayama y Shirakawago";"https://www.civitatis.com/es/nagoya/excursion-takayama-shirawago/";"Shuzenji Takitei Co., Ltd.";"TakiteiTravel@gmail.com";"81-08068281996";"Shuzenji Takitei Co., Ltd. | 722 Shuzenji, Izu City, Shizuoka, Japan, IZU, Japón";"";"52544.57";"16";"408";"7.1";"CLP";"2026-02-24"
"Japón";"Nagoya";"Excursión al Parque Ghibli";"https://www.civitatis.com/es/nagoya/excursion-parque-ghibli/";"Jtb Global Marketing & Travel";"tour01@gmt.jtb.jp";"+81-3-5796-5905";"JTB GLOBAL MARKETING & TRAVEL INC. | 4F, Tokyo Front Terrace,2-3-14 Higashi-Shinagawa, Shinagawa-ku, Tokio, Japón";"";"159404.89";"8";"191";"8.3";"CLP";"2026-02-24"
"Japón";"Nagoya";"Experiencia samurái en el castillo Kiyosu";"https://www.civitatis.com/es/nagoya/experiencia-samurai-castillo-kiyosu/";"H.i.s. Co., Ltd.";"welcome-japan@his-world.com";"+81-80 9410 9390";"H.I.S. Co., Ltd. | Sumitomo Fudosan Shinjuku Oak Tower 23F 6-8-1 Nishi-shinjuku Shinjuku-ku,, Tokio, Japón";"";"53134.96";"3";"28";"9.3";"CLP";"2026-02-24"
"Japón";"Nagoya";"Visita guiada por Nagoya";"https://www.civitatis.com/es/nagoya/visita-guiada-nagoya/";"Reelu Inc";"tour@reelu.jp";"050-1742-4435";"Reelu Co., Ltd. | 8F Aoyama Tower Place, 8-4-14 Akasaka, Minato, Tokio, Japón";"";"48838.65";"0";"9";"0.0";"CLP";"2026-02-24"
"Japón";"Nagoya";"Traslados en Nagoya";"https://www.civitatis.com/es/nagoya/traslados/";"No especificado / Único";"N/A";"N/A";"N/A";"";"97860.23";"2";"20";"10.0";"CLP";"2026-02-24"
"Japón";"Nagoya";"Kintetsu Rail Pass";"https://www.civitatis.com/es/nagoya/kintetsu-rail-pass/";"Be My Guest";"natalie.ng@bemyguest.com.sg";"+65 3158 0490";"Bemyguest Pte Ltd | 80 Changi Road, #03-01, The Centropod , Singapur, Singapur";"";"12388.47";"0";"112";"0.0";"CLP";"2026-02-24"
"Japón";"Nagoya";"Entrada a LEGOLAND® Japón";"https://www.civitatis.com/es/nagoya/entrada-legolang-japon/";"Be My Guest";"natalie.ng@bemyguest.com.sg";"+65 3158 0490";"Bemyguest Pte Ltd | 80 Changi Road, #03-01, The Centropod , Singapur, Singapur";"";"35317.24";"0";"17";"0.0";"CLP";"2026-02-24"
"Japón";"Sapporo";"Excursión a Noboribetsu y el lago Toya";"https://www.civitatis.com/es/sapporo/excursion-noboribetsu-lago-toya/";"Tuyi Group Japan Co., Ltd.";"TUYIGROUP@GMAIL.COM";"08068281996";"Tuyi Group Japan Co., Ltd. | 722 Shuzenji, Izu City, Shizuoka, Japan, IZU, Japón";"";"88558.27";"4";"74";"8.5";"CLP";"2026-02-24"
"Japón";"Sapporo";"Tour de bares por Sapporo";"https://www.civitatis.com/es/sapporo/tour-bares-sapporo/";"Magicaltrip Tours (Libra Inc.)";"reservation@magical-trip.com";"+815018093996";"MagicalTrip Tours | 1-18-1, Shintomi, Chuo-ku, Tokyo, Japan, Tokio, Japón";"";"96233.32";"0";"2";"0.0";"CLP";"2026-02-24"
"Japón";"Sapporo";"Excursión a los campos de flores de Hokkaido y Estanque Azul";"https://www.civitatis.com/es/sapporo/excursion-granja-tomita-estanque-azul/";"Shuzenji Takitei Co., Ltd.";"TakiteiTravel@gmail.com";"81-08068281996";"Shuzenji Takitei Co., Ltd. | 722 Shuzenji, Izu City, Shizuoka, Japan, IZU, Japón";"";"100366.04";"2";"22";"10.0";"CLP";"2026-02-24"
"Japón";"Kanazawa";"Tour por Kanazawa y Shirakawago";"https://www.civitatis.com/es/kanazawa/tour-kanazawa-shirakawago/";"Doa Jaoan/japan Panoramic Tours";"booking@jptours.co.jp";"03-6279-2977";"Doa Japan Co., Ltd. | 8-12-8 Nishi-Shinjuku, Mishuku-Ku, Tokio, Japón";"";"70846.62";"48";"1094";"9.0";"CLP";"2026-02-24"
"Japón";"Kanazawa";"Tour privado por Kanazawa";"https://www.civitatis.com/es/kanazawa/tour-privado-kanazawa/";"Izanagitours";"info@izanagitours.com";"080 4353 6969";"IZANAGI PTE LTD | 30 CECIL STREET #19-08  PRUDENTIAL TOWER , Singapur, Singapur";"";"420312.63";"14";"436";"10.0";"CLP";"2026-02-24"
"Japón";"Kanazawa";"Tour privado por Kanazawa";"https://www.civitatis.com/es/kanazawa/tour-privado-kanazawa/";"Joisjo";"travelsjoisjo@gmail.com";"+8107066183398";"Horu Works GK | 4-7 Kitayasue, Kanazawa-shi, Ishikawa, Kanazawa, Japón";"";"420312.63";"14";"436";"10.0";"CLP";"2026-02-24"
"Japón";"Kanazawa";"Excursión privada a Shirakawago";"https://www.civitatis.com/es/kanazawa/excursion-privada-shirakawago/";"Joisjo";"travelsjoisjo@gmail.com";"+8107066183398";"Horu Works GK | 4-7 Kitayasue, Kanazawa-shi, Ishikawa, Kanazawa, Japón";"";"385724.42";"8";"404";"9.2";"CLP";"2026-02-24"
"Japón";"Kanazawa";"Excursión privada a Takayama";"https://www.civitatis.com/es/kanazawa/excursion-privada-takayama/";"Joisjo";"travelsjoisjo@gmail.com";"+8107066183398";"Horu Works GK | 4-7 Kitayasue, Kanazawa-shi, Ishikawa, Kanazawa, Japón";"";"355461.11";"0";"23";"0.0";"CLP";"2026-02-24"
"Japón";"Nagasaki";"Tour panorámico por Nagasaki";"https://www.civitatis.com/es/nagasaki/tour-panoramico-nagasaki/";"H.i.s. Co., Ltd.";"welcome-japan@his-world.com";"+81-80 9410 9390";"H.I.S. Co., Ltd. | Sumitomo Fudosan Shinjuku Oak Tower 23F 6-8-1 Nishi-shinjuku Shinjuku-ku,, Tokio, Japón";"";"88558.27";"6";"55";"9.7";"CLP";"2026-02-24"
"Japón";"Miyajima";"Experiencia cultural en kimono";"https://www.civitatis.com/es/miyajima/experiencia-cultural-kimono/";"Okeikojapan";"support@okeiko-japan.com";"0829309888";"okeiko Japan Co., Ltd. | Miyajima 741-1, Hatsukaichi, Japón";"";"118077.7";"6";"38";"10.0";"CLP";"2026-02-24"
"Japón";"Miyajima";"Ceremonia japonesa del té";"https://www.civitatis.com/es/miyajima/ceremonia-japonesa-te/";"Okeikojapan";"support@okeiko-japan.com";"0829309888";"okeiko Japan Co., Ltd. | Miyajima 741-1, Hatsukaichi, Japón";"";"38375.25";"29";"434";"9.6";"CLP";"2026-02-24"
"Japón";"Miyajima";"Taller de caligrafía japonesa";"https://www.civitatis.com/es/miyajima/taller-caligrafia-japonesa/";"Okeikojapan";"support@okeiko-japan.com";"0829309888";"okeiko Japan Co., Ltd. | Miyajima 741-1, Hatsukaichi, Japón";"";"29519.42";"8";"80";"10.0";"CLP";"2026-02-24"
"Japón";"Miyajima";"JR Kansai-Hiroshima Area Pass";"https://www.civitatis.com/es/miyajima/kansai-hiroshima-area-pass/";"Be My Guest";"natalie.ng@bemyguest.com.sg";"+65 3158 0490";"Bemyguest Pte Ltd | 80 Changi Road, #03-01, The Centropod , Singapur, Singapur";"";"110629.9";"2";"41";"9.0";"CLP";"2026-02-24"
"Japón";"Miyajima";"Tour privado por Miyajima con guía en español";"https://www.civitatis.com/es/miyajima/tour-privado-miyajima/";"Izanagitours";"info@izanagitours.com";"080 4353 6969";"IZANAGI PTE LTD | 30 CECIL STREET #19-08  PRUDENTIAL TOWER , Singapur, Singapur";"";"420312.63";"1";"49";"10.0";"CLP";"2026-02-24"
"Japón";"Miyajima";"Kansai Area Pass";"https://www.civitatis.com/es/miyajima/kansai-area-pass/";"Be My Guest";"natalie.ng@bemyguest.com.sg";"+65 3158 0490";"Bemyguest Pte Ltd | 80 Changi Road, #03-01, The Centropod , Singapur, Singapur";"";"18597.14";"1";"103";"10.0";"CLP";"2026-02-24"
"Japón";"Miyajima";"Tour por Hiroshima y Miyajima";"https://www.civitatis.com/es/hiroshima/tour-hiroshima-miyajima/";"Jtn Commerce";"jordichaparro@gmail.com";"+81-70-8439-6102";"JTN COMMERCE | Midori, 1-22-8-2F, Sumida-ku, Tokio, Japón";"";"99689.39";"229";"3983";"9.2";"CLP";"2026-02-24"
"Japón";"Miyajima";"Tour por Hiroshima y Miyajima";"https://www.civitatis.com/es/hiroshima/tour-hiroshima-miyajima/";"Amigo Tours Japan Gk";"japan@amigotours.com";"+81120587697";"AMIGO TOURS JAPAN GK | Daiwa Shibuya Square 6/F, 16-28 Nampeidai,, Shibuya-ku,, Tokyo, 150-0036, Japan OfficeS-02, Tokio, Japón";"";"99689.39";"229";"3983";"9.2";"CLP";"2026-02-24"
"Japón";"Miyajima";"Tour privado por Hiroshima y Miyajima";"https://www.civitatis.com/es/hiroshima/tour-privado-hiroshima-miyajima/";"Izanagitours";"info@izanagitours.com";"080 4353 6969";"IZANAGI PTE LTD | 30 CECIL STREET #19-08  PRUDENTIAL TOWER , Singapur, Singapur";"";"420312.63";"94";"3425";"9.6";"CLP";"2026-02-24"
"Japón";"Miyajima";"Tour privado por Hiroshima y Miyajima";"https://www.civitatis.com/es/hiroshima/tour-privado-hiroshima-miyajima/";"Jtn Commerce";"jordichaparro@gmail.com";"+81-70-8439-6102";"JTN COMMERCE | Midori, 1-22-8-2F, Sumida-ku, Tokio, Japón";"";"420312.63";"94";"3425";"9.6";"CLP";"2026-02-24"
"Japón";"Miyajima";"Excursión privada a Miyajima";"https://www.civitatis.com/es/hiroshima/excursion-privada-miyajima/";"Izanagitours";"info@izanagitours.com";"080 4353 6969";"IZANAGI PTE LTD | 30 CECIL STREET #19-08  PRUDENTIAL TOWER , Singapur, Singapur";"";"420312.63";"5";"110";"9.6";"CLP";"2026-02-24"
"Japón";"Yokohama";"Free tour por Yokohama";"https://www.civitatis.com/es/yokohama/free-tour-yokohama/";"Japandas";"japandasceo@gmail.com";"+8108075816440";"Japandas LLC | 18-2-101 higashiotoshicho, Osaka, Japón";"";"0.0";"3";"355";"8.0";"CLP";"2026-02-24"
"Japón";"Yokohama";"Tour privado por Yokohama y Ofuna";"https://www.civitatis.com/es/yokohama/tour-privado-yokohama-ofuna/";"Izanagitours";"info@izanagitours.com";"080 4353 6969";"IZANAGI PTE LTD | 30 CECIL STREET #19-08  PRUDENTIAL TOWER , Singapur, Singapur";"";"339483.28";"1";"19";"10.0";"CLP";"2026-02-24"
"Japón";"Yokohama";"Excursión privada a Kamakura";"https://www.civitatis.com/es/yokohama/excursion-kamakura/";"Izanagitours";"info@izanagitours.com";"080 4353 6969";"IZANAGI PTE LTD | 30 CECIL STREET #19-08  PRUDENTIAL TOWER , Singapur, Singapur";"";"355649.15";"1";"55";"10.0";"CLP";"2026-02-24"
"Japón";"Takayama";"Tour privado por Takayama y Shirakawago";"https://www.civitatis.com/es/takayama/tour-privado-takayama-shirakawago/";"Joisjo";"travelsjoisjo@gmail.com";"+8107066183398";"Horu Works GK | 4-7 Kitayasue, Kanazawa-shi, Ishikawa, Kanazawa, Japón";"";"412091.17";"3";"177";"8.7";"CLP";"2026-02-24"
"Japón";"Takayama";"Visita guiada por Takayama";"https://www.civitatis.com/es/takayama/visita-guiada-takayama/";"Happypluscorporation";"yamakoshi@happy-plus.co.jp";"+81577708528";"HappyPlusCorporation | 22 kamininomachi, Takayama, Japón";"";"16530.87";"27";"367";"8.7";"CLP";"2026-02-24"
"Japón";"Takayama";"Visita a una bodega de sake";"https://www.civitatis.com/es/takayama/visita-destileria-sake/";"Happypluscorporation";"yamakoshi@happy-plus.co.jp";"+81577708528";"HappyPlusCorporation | 22 kamininomachi, Takayama, Japón";"";"45459.91";"24";"330";"9.4";"CLP";"2026-02-24"
"Japón";"Shirakawa";"Tour por Shirakawago e Hirayu Onsen";"https://www.civitatis.com/es/shirakawa/excursion-shirakawago-hirayu-onsen/";"Happypluscorporation";"yamakoshi@happy-plus.co.jp";"+81577708528";"HappyPlusCorporation | 22 kamininomachi, Takayama, Japón";"";"147433.42";"2";"87";"10.0";"CLP";"2026-02-24"
"Japón";"Shirakawa";"Tour privado por Shirakawago";"https://www.civitatis.com/es/shirakawa/tour-privado-shirakawago/";"Joisjo";"travelsjoisjo@gmail.com";"+8107066183398";"Horu Works GK | 4-7 Kitayasue, Kanazawa-shi, Ishikawa, Kanazawa, Japón";"";"331725.2";"1";"47";"10.0";"CLP";"2026-02-24"
"Japón";"Shirakawa";"Visita guiada por Shirakawa";"https://www.civitatis.com/es/shirakawa/visita-guiada-shirakawa/";"Happypluscorporation";"yamakoshi@happy-plus.co.jp";"+81577708528";"HappyPlusCorporation | 22 kamininomachi, Takayama, Japón";"";"88460.05";"1";"22";"10.0";"CLP";"2026-02-24"
"Japón";"Nikko";"Nikko World Heritage Area Pass";"https://www.civitatis.com/es/nikko/nikko-world-heritage-area-pass/";"Be My Guest";"natalie.ng@bemyguest.com.sg";"+65 3158 0490";"Bemyguest Pte Ltd | 80 Changi Road, #03-01, The Centropod , Singapur, Singapur";"";"18113.44";"7";"564";"8.9";"CLP";"2026-02-24"
"Japón";"Nikko";"Entrada a Edo Wonderland Nikko Edomura";"https://www.civitatis.com/es/nikko/entrada-edo-wonderland-nikko-edomura/";"Be My Guest";"natalie.ng@bemyguest.com.sg";"+65 3158 0490";"Bemyguest Pte Ltd | 80 Changi Road, #03-01, The Centropod , Singapur, Singapur";"";"38638.16";"0";"39";"0.0";"CLP";"2026-02-24"
"Japón";"Nikko";"Nikko All Area Pass";"https://www.civitatis.com/es/nikko/nikko-all-area-pass/";"Be My Guest";"natalie.ng@bemyguest.com.sg";"+65 3158 0490";"Bemyguest Pte Ltd | 80 Changi Road, #03-01, The Centropod , Singapur, Singapur";"";"48312.14";"0";"49";"0.0";"CLP";"2026-02-24"
"Japón";"Naha";"Tour privado por Naha";"https://www.civitatis.com/es/naha/tour-privado-naha/";"Izanagitours";"info@izanagitours.com";"080 4353 6969";"IZANAGI PTE LTD | 30 CECIL STREET #19-08  PRUDENTIAL TOWER , Singapur, Singapur";"";"269431.17";"1";"108";"10.0";"CLP";"2026-02-24"
"Japón";"Naha";"Monorraíl de Okinawa";"https://www.civitatis.com/es/naha/monorrail-okinawa/";"Be My Guest";"natalie.ng@bemyguest.com.sg";"+65 3158 0490";"Bemyguest Pte Ltd | 80 Changi Road, #03-01, The Centropod , Singapur, Singapur";"";"5573.36";"0";"40";"0.0";"CLP";"2026-02-24"
"Japón";"Naha";"Tour en kart por Naha";"https://www.civitatis.com/es/naha/tour-kart-naha/";"Gorilla Kart Okinawa";"kartgorilla@gmail.com";"08046940519";"JEET Ltd. | Naha city , Seaside Mansion 401, Okinawa, Japón";"";"41156.17";"0";"1";"0.0";"CLP";"2026-02-24"
"Japón";"Okayama";"Tour privado por Kurashiki, Korakuen y el castillo de Okayama";"https://www.civitatis.com/es/okayama/tour-privado-kurashiki-korakuen-castillo/";"Izanagitours";"info@izanagitours.com";"080 4353 6969";"IZANAGI PTE LTD | 30 CECIL STREET #19-08  PRUDENTIAL TOWER , Singapur, Singapur";"";"420312.63";"0";"1";"0.0";"CLP";"2026-02-24"
"Japón";"Fukuoka";"Tour de comida callejera por Fukuoka";"https://www.civitatis.com/es/fukuoka/tour-comida-callejera-fukuoka/";"Jeppi Japan Tours";"hakata4you@gmail.com";"+81 080-5268-1470";"Jessica Yamada | 2-6 Sejour Jiyugaoka 302, Nishimachi, Munakata, Fukuoka, Japón";"";"140104.21";"0";"2";"0.0";"CLP";"2026-02-24"
"Japón";"Fukuoka";"Paseo en canoa por el río Yanagawa con comida";"https://www.civitatis.com/es/fukuoka/paseo-canoa-rio-yanagawa-comida/";"H.i.s. Co., Ltd.";"welcome-japan@his-world.com";"+81-80 9410 9390";"H.I.S. Co., Ltd. | Sumitomo Fudosan Shinjuku Oak Tower 23F 6-8-1 Nishi-shinjuku Shinjuku-ku,, Tokio, Japón";"";"147597.12";"0";"8";"0.0";"CLP";"2026-02-24"
"Japón";"Fukuoka";"Tarjeta de transporte de Fukuoka";"https://www.civitatis.com/es/fukuoka/tarjeta-transporte-fukuoka/";"Be My Guest";"natalie.ng@bemyguest.com.sg";"+65 3158 0490";"Bemyguest Pte Ltd | 80 Changi Road, #03-01, The Centropod , Singapur, Singapur";"";"4526.55";"0";"7";"0.0";"CLP";"2026-02-24"
"Japón";"Fukuoka";"Kyushu SUNQ Pass";"https://www.civitatis.com/es/fukuoka/kyushu-sunq-pass/";"Be My Guest";"natalie.ng@bemyguest.com.sg";"+65 3158 0490";"Bemyguest Pte Ltd | 80 Changi Road, #03-01, The Centropod , Singapur, Singapur";"";"53084.16";"0";"0";"0.0";"CLP";"2026-02-24"
"Japón";"Fukuoka";"Entrada al mirador de la Torre Fukuoka";"https://www.civitatis.com/es/fukuoka/entrada-torre-fukuoka/";"Be My Guest";"natalie.ng@bemyguest.com.sg";"+65 3158 0490";"Bemyguest Pte Ltd | 80 Changi Road, #03-01, The Centropod , Singapur, Singapur";"";"6309.74";"0";"3";"0.0";"CLP";"2026-02-24"
"Japón";"Fujiyoshida";"Entrada al parque Fuji-Q Highland";"https://www.civitatis.com/es/fujiyoshida/entrada-parque-fuji-q-highland/";"Be My Guest";"natalie.ng@bemyguest.com.sg";"+65 3158 0490";"Bemyguest Pte Ltd | 80 Changi Road, #03-01, The Centropod , Singapur, Singapur";"";"34551.99";"2";"43";"8.0";"CLP";"2026-02-24"
