"pais";"destino";"actividad";"url_actividad";"operador";"email";"telefono";"direccion";"descripcion";"precio_real";"opiniones";"viajeros";"rating";"moneda";"fecha_scan"
"Vietnam";"Hanói";"Crucero de 2 días por la bahía de Ha Long";"https://www.civitatis.com/es/hanoi/crucero-2-dias-ha-long/";"Arcady Travel";"marketing@arcadycruise.com";"+84904016318";"DAY TOUR VIETNAM TRADING AND TOURISM COMPANY LIMITED | So nha 11, Ngo 84, Pho Nghia Dung, Phuong Phuc Xa, Quan Ba Dinh, Hanói, Vietnam";"";"148925.77";"73";"1203";"8.4";"CLP";"2026-02-16"
"Vietnam";"Hanói";"Free tour por Hanói";"https://www.civitatis.com/es/hanoi/free-tour-hanoi/";"Nomads Vietnam Co.ltd";"marc@nomads.vn";"+84917825001";"elVietnamita LLC | 447 Broadway, 2nd Floor Suite 219, Nueva York, Estados Unidos";"";"0.0";"1911";"34378";"9.1";"CLP";"2026-02-16"
"Vietnam";"Hanói";"Excursión a la Bahía de Ha Long";"https://www.civitatis.com/es/hanoi/excursion-bahia-ha-long/";"Proud Vietnam Travel";"opt@proudvietnamtravel.com";"0084905477679";"CT TNHH Du Lich Tu Hao Viet Nam | 1/63 La Son Phu Tu, Tay Loc, Hue, Thua Thien Hue, Vietnam, Hue, Vietnam";"";"51905.01";"218";"2576";"8.5";"CLP";"2026-02-16"
"Vietnam";"Hanói";"Excursión a las bahías de Ha Long y Lan Ha";"https://www.civitatis.com/es/hanoi/excursion-ha-long-lan-ha/";"Nomads Vietnam Co.ltd";"marc@nomads.vn";"+84917825001";"elVietnamita LLC | 447 Broadway, 2nd Floor Suite 219, Nueva York, Estados Unidos";"";"171685.33";"18";"247";"10.0";"CLP";"2026-02-16"
"Vietnam";"Hanói";"Tour gastronómico por Hanói";"https://www.civitatis.com/es/hanoi/tour-gastronomico-hanoi/";"Proud Vietnam Travel";"opt@proudvietnamtravel.com";"0084905477679";"CT TNHH Du Lich Tu Hao Viet Nam | 1/63 La Son Phu Tu, Tay Loc, Hue, Thua Thien Hue, Vietnam, Hue, Vietnam";"";"22295.06";"39";"383";"9.4";"CLP";"2026-02-16"
"Vietnam";"Hanói";"Tour de 2 días por Sapa";"https://www.civitatis.com/es/hanoi/excursion-2-dias-sapa/";"Nomads Vietnam Co.ltd";"marc@nomads.vn";"+84917825001";"elVietnamita LLC | 447 Broadway, 2nd Floor Suite 219, Nueva York, Estados Unidos";"";"255908.32";"34";"394";"9.1";"CLP";"2026-02-16"
"Vietnam";"Hanói";"Traslados en Hanói";"https://www.civitatis.com/es/hanoi/traslados/";"No especificado / Único";"N/A";"N/A";"N/A";"";"20930.59";"124";"3047";"9.0";"CLP";"2026-02-16"
"Vietnam";"Hanói";"Excursión a Ninh Binh: Hoa Lu, Mua Cave y Reserva Natural de Van Long";"https://www.civitatis.com/es/hanoi/hoa-lu-mua-cave-van-long/";"Nomads Vietnam Co.ltd";"marc@nomads.vn";"+84917825001";"elVietnamita LLC | 447 Broadway, 2nd Floor Suite 219, Nueva York, Estados Unidos";"";"139291.87";"65";"639";"9.7";"CLP";"2026-02-16"
"Vietnam";"Hanói";"Excursión al pueblo del incienso + Taller de sombreros vietnamitas";"https://www.civitatis.com/es/hanoi/pueblo-incienso-taller-sombreros-vietnamitas/";"Good Choice Vietnam Production And Trading Limited Company";"vietnamvillagevibes@gmail.com";"+84943338039";"TU VAN MY | Khe Hoi, Ha Hoi, Thuong Tin, Hanói, Vietnam";"";"22776.88";"18";"204";"9.4";"CLP";"2026-02-16"
"Vietnam";"Hanói";"Excursión a Hoa Lu y Tam Coc";"https://www.civitatis.com/es/hanoi/excursion-hoa-lu-tam-coc-mua/";"Sst Travel";"sale@ssttravel.vn";"+84707260119";"CONG TY TNHH DU LICH QUOC TE NGOI SAO SANG | 57 Le Thi Hong Gam, Nguyen Thai Binh Ward, District 1, HCM, Vietnam";"";"33289.29";"62";"699";"8.5";"CLP";"2026-02-16"
"Vietnam";"Hanói";"Tour nocturno por Hanói";"https://www.civitatis.com/es/hanoi/tour-nocturno-hanoi/";"A Taste Of Hanoi";"bookings@atasteofhanoi.com";"+84-0974722640";"CTY TNHH DV TM VA LU HANH A TASTE OF HA NOI | Room 1004-C1-HH2 The Garden Building, My Dinh-Me Tri Urban Area, My Dinh 1 Ward, Hanói, Vietnam";"";"22750.64";"5";"97";"9.6";"CLP";"2026-02-16"
"Vietnam";"Hanói";"Taller de café en Hanói";"https://www.civitatis.com/es/hanoi/taller-cafe-huevo-hanoi/";"Up Travel Vietnam";"thuynguyen@uptravelvietnam.com";"+84 32 890 9117";"CONG TY TNHH TU VAN DAU TU THUONG MAI VA DU LICH DONG DUONG | 173 hoang hoa tham str., hanoi, vietnam, Hanói, Vietnam";"";"20521.08";"3";"37";"10.0";"CLP";"2026-02-16"
"Vietnam";"Hanói";"Clase de cocina vietnamita en Hanói";"https://www.civitatis.com/es/hanoi/clase-cocina-vietnamita/";"Up Travel Vietnam";"thuynguyen@uptravelvietnam.com";"+84 32 890 9117";"CONG TY TNHH TU VAN DAU TU THUONG MAI VA DU LICH DONG DUONG | 173 hoang hoa tham str., hanoi, vietnam, Hanói, Vietnam";"";"40041.13";"4";"21";"9.5";"CLP";"2026-02-16"
"Vietnam";"Hanói";"Tour privado por Hanói";"https://www.civitatis.com/es/hanoi/tour-privado-hanoi/";"Nomads Vietnam Co.ltd";"marc@nomads.vn";"+84917825001";"elVietnamita LLC | 447 Broadway, 2nd Floor Suite 219, Nueva York, Estados Unidos";"";"235392.46";"20";"381";"9.4";"CLP";"2026-02-16"
"Vietnam";"Hanói";"Visita guiada por Hanói";"https://www.civitatis.com/es/hanoi/visita-guiada-hanoi/";"Nomads Vietnam Co.ltd";"marc@nomads.vn";"+84917825001";"elVietnamita LLC | 447 Broadway, 2nd Floor Suite 219, Nueva York, Estados Unidos";"";"96100.59";"20";"254";"9.4";"CLP";"2026-02-16"
"Vietnam";"Hanói";"Circuito de 4 días por el norte de Vietnam";"https://www.civitatis.com/es/hanoi/circuito-4-dias-norte-vietnam/";"Nomads Vietnam Co.ltd";"marc@nomads.vn";"+84917825001";"elVietnamita LLC | 447 Broadway, 2nd Floor Suite 219, Nueva York, Estados Unidos";"";"559327.05";"8";"111";"8.0";"CLP";"2026-02-16"
"Vietnam";"Hanói";"Autobús turístico de Hanói";"https://www.civitatis.com/es/hanoi/autobus-turistico-hanoi/";"City Sightseeing Usd";"bookings@city-sightseeing.com";"+44 0 1789 299123";"City Sightseeing Ltd | Suite 8 Floor 3 Grosvenor House Redditch, Worcestershire, Reino Unido";"";"17290.48";"12";"167";"7.2";"CLP";"2026-02-16"
"Vietnam";"Hanói";"Circuito de 5 días por el norte de Vietnam";"https://www.civitatis.com/es/hanoi/circuito-5-dias-norte-vietnam/";"Nomads Vietnam Co.ltd";"marc@nomads.vn";"+84917825001";"elVietnamita LLC | 447 Broadway, 2nd Floor Suite 219, Nueva York, Estados Unidos";"";"718054.99";"6";"65";"9.0";"CLP";"2026-02-16"
"Vietnam";"Hanói";"Paseo en cyclo + Espectáculo nocturno de marionetas acuáticas";"https://www.civitatis.com/es/hanoi/paseo-cyclo-marionetas-acuaticas/";"Threeland Travel Co. Ltd Gray Line Vietnam";"sm@grayline.vn";"+84388115326";"THREELAND TRAVEL ASIA JSC | No. 40, Alley 10, Lane 462, Buoi Street, Vinh Phuc Ward, Ba Dinh District, Hanói, Vietnam";"";"50051.41";"1";"34";"8.0";"CLP";"2026-02-16"
"Vietnam";"Hanói";"Tour de 3 días por Cao Bang y Parque Nacional Ba Be";"https://www.civitatis.com/es/hanoi/3-dias-cao-bang-ba-be/";"Mr Linh's Adventures";"info@mrlinhadventure.com";"+84989587400";"Nguyen Tuan Linh | 83 Ma May, Hanói, Vietnam";"";"226596.41";"8";"72";"9.3";"CLP";"2026-02-16"
"Vietnam";"Hanói";"Tarjeta eSIM con Internet para Vietnam";"https://www.civitatis.com/es/hanoi/tarjeta-esim-vietnam/";"Xplori";"go@xplori.world";"+84852186217";"WM&B Limited | 93-97 Des Voeux Road West, Hong Kong Island, China";"";"27755.78";"3";"47";"8.0";"CLP";"2026-02-16"
"Vietnam";"Hanói";"Circuito de 4 días por la provincia de Ha Giang";"https://www.civitatis.com/es/hanoi/circuito-4-dias-ha-giang/";"Nomads Vietnam Co.ltd";"marc@nomads.vn";"+84917825001";"elVietnamita LLC | 447 Broadway, 2nd Floor Suite 219, Nueva York, Estados Unidos";"";"570124.86";"0";"5";"0.0";"CLP";"2026-02-16"
"Vietnam";"Hanói";"Tour en bicicleta por Hanói";"https://www.civitatis.com/es/hanoi/tour-bicicleta-hanoi/";"A Taste Of Hanoi";"bookings@atasteofhanoi.com";"+84-0974722640";"CTY TNHH DV TM VA LU HANH A TASTE OF HA NOI | Room 1004-C1-HH2 The Garden Building, My Dinh-Me Tri Urban Area, My Dinh 1 Ward, Hanói, Vietnam";"";"31850.9";"1";"13";"10.0";"CLP";"2026-02-16"
"Vietnam";"Hanói";"Excursión a Trang An y Bai Dinh";"https://www.civitatis.com/es/hanoi/excursion-trang-an-bai-dinh/";"Threeland Travel Co. Ltd Gray Line Vietnam";"sm@grayline.vn";"+84388115326";"THREELAND TRAVEL ASIA JSC | No. 40, Alley 10, Lane 462, Buoi Street, Vinh Phuc Ward, Ba Dinh District, Hanói, Vietnam";"";"40951.15";"27";"295";"7.9";"CLP";"2026-02-16"
"Vietnam";"Hanói";"Entrada para la Quintaesencia de Tonkín";"https://www.civitatis.com/es/hanoi/entrada-quintaesencia-tonkin/";"Be My Guest";"natalie.ng@bemyguest.com.sg";"+65 3158 0490";"Bemyguest Pte Ltd | 80 Changi Road, #03-01, The Centropod , Singapur, Singapur";"";"18349.41";"5";"97";"8.0";"CLP";"2026-02-16"
"Vietnam";"Ho Chi Minh";"Free tour por Ho Chi Minh";"https://www.civitatis.com/es/ho-chi-minh/free-tour-ho-chi-minh/";"Nomads Vietnam Co.ltd";"marc@nomads.vn";"+84917825001";"elVietnamita LLC | 447 Broadway, 2nd Floor Suite 219, Nueva York, Estados Unidos";"";"0.0";"1017";"35169";"9.5";"CLP";"2026-02-16"
"Vietnam";"Ho Chi Minh";"Oferta: Túneles de Cu Chi + Delta del Mekong";"https://www.civitatis.com/es/ho-chi-minh/excursion-tuneles-cu-chi-mekong/";"Vietnam Adventure Tours";"booking@vietnamadventuretours.vn";"+84868366750";"Vietnam Adventure Tours | 123 Ly Tu Trong street, Ben Thanh Ward, District 1, Ho Chi Minh, Vietnam";"";"47321.33";"371";"3336";"8.5";"CLP";"2026-02-16"
"Vietnam";"Ho Chi Minh";"Excursión a los Túneles de Cu Chi";"https://www.civitatis.com/es/ho-chi-minh/excursion-tuneles-cu-chi/";"Vietnam Adventure Tours";"booking@vietnamadventuretours.vn";"+84868366750";"Vietnam Adventure Tours | 123 Ly Tu Trong street, Ben Thanh Ward, District 1, Ho Chi Minh, Vietnam";"";"22750.64";"254";"2791";"8.4";"CLP";"2026-02-16"
"Vietnam";"Ho Chi Minh";"Excursión privada al delta del Mekong";"https://www.civitatis.com/es/ho-chi-minh/excursion-privada-delta-mekong/";"Viet Hair Import Export Trading Company Limited";"amigostours.hoian@gmail.com";"0918534523";"VIET HAIR IMPORT EXPORT TRADING COMPANY LIMITED | Tu Son - Kim Boi, HOA BINH, Vietnam";"";"163804.63";"28";"313";"8.6";"CLP";"2026-02-16"
"Vietnam";"Ho Chi Minh";"Traslados en Ho Chi Minh";"https://www.civitatis.com/es/ho-chi-minh/traslados/";"No especificado / Único";"N/A";"N/A";"N/A";"";"23660.66";"69";"1871";"9.5";"CLP";"2026-02-16"
"Vietnam";"Ho Chi Minh";"Tour en moto por Ho Chi Minh";"https://www.civitatis.com/es/ho-chi-minh/tour-moto-ho-chi-minh/";"Vietnam Street Food Tour";"info@vietnamstreetfoods.com";"+84816588886";"VIETNAM STREET FOODS CO., LTD | No 49. Street 17. Quarter 5, An Phu Ward, District , Ho Chi Minh, Vietnam";"";"26390.74";"45";"247";"9.9";"CLP";"2026-02-16"
"Vietnam";"Ho Chi Minh";"Excursión a la pagoda Vinh Tràng y el delta del Mekong";"https://www.civitatis.com/es/ho-chi-minh/excursion-vinh-trang-mekong/";"Vietnam Adventure Tours";"booking@vietnamadventuretours.vn";"+84868366750";"Vietnam Adventure Tours | 123 Ly Tu Trong street, Ben Thanh Ward, District 1, Ho Chi Minh, Vietnam";"";"23660.66";"186";"1931";"8.4";"CLP";"2026-02-16"
"Vietnam";"Ho Chi Minh";"Excursión a Can Gio";"https://www.civitatis.com/es/ho-chi-minh/excursion-can-gio/";"Sst Travel";"sale@ssttravel.vn";"+84707260119";"CONG TY TNHH DU LICH QUOC TE NGOI SAO SANG | 57 Le Thi Hong Gam, Nguyen Thai Binh Ward, District 1, HCM, Vietnam";"";"33534.58";"14";"115";"8.7";"CLP";"2026-02-16"
"Vietnam";"Ho Chi Minh";"Entrada al Saigon Skydeck";"https://www.civitatis.com/es/ho-chi-minh/entrada-saigon-skydeck/";"Be My Guest";"natalie.ng@bemyguest.com.sg";"+65 3158 0490";"Bemyguest Pte Ltd | 80 Changi Road, #03-01, The Centropod , Singapur, Singapur";"";"8651.98";"9";"156";"9.6";"CLP";"2026-02-16"
"Vietnam";"Ho Chi Minh";"Tour por Ho Chi Minh";"https://www.civitatis.com/es/ho-chi-minh/tour-ho-chi-minh/";"Mundo Asia Tours";"tours@mundoasiatours.com";"+84 913028100";"MUNDO ASIA COMPANY LIMITED | No 10, Alley 450 Bach Dang Street, Hoan Kiem, Hanói, Vietnam";"";"45501.28";"4";"123";"10.0";"CLP";"2026-02-16"
"Vietnam";"Ho Chi Minh";"Tour nocturno en moto";"https://www.civitatis.com/es/ho-chi-minh/tour-nocturno-moto/";"Vietnam Street Food Tour";"info@vietnamstreetfoods.com";"+84816588886";"VIETNAM STREET FOODS CO., LTD | No 49. Street 17. Quarter 5, An Phu Ward, District , Ho Chi Minh, Vietnam";"";"14560.41";"6";"75";"10.0";"CLP";"2026-02-16"
"Vietnam";"Ho Chi Minh";"Espectáculo de marionetas sobre el agua";"https://www.civitatis.com/es/ho-chi-minh/espectaculo-marionetas-agua/";"Be My Guest";"natalie.ng@bemyguest.com.sg";"+65 3158 0490";"Bemyguest Pte Ltd | 80 Changi Road, #03-01, The Centropod , Singapur, Singapur";"";"13367.31";"12";"109";"9.3";"CLP";"2026-02-16"
"Vietnam";"Ho Chi Minh";"Tour privado por Ho Chi Minh";"https://www.civitatis.com/es/ho-chi-minh/tour-privado-ho-chi-minh/";"Nomads Vietnam Co.ltd";"marc@nomads.vn";"+84917825001";"elVietnamita LLC | 447 Broadway, 2nd Floor Suite 219, Nueva York, Estados Unidos";"";"194360.75";"24";"403";"9.0";"CLP";"2026-02-16"
"Vietnam";"Ho Chi Minh";"Excursión privada a los túneles de Cu Chi";"https://www.civitatis.com/es/ho-chi-minh/excursion-privada-tuneles-cu-chi/";"Nomads Vietnam Co.ltd";"marc@nomads.vn";"+84917825001";"elVietnamita LLC | 447 Broadway, 2nd Floor Suite 219, Nueva York, Estados Unidos";"";"347689.78";"12";"308";"9.3";"CLP";"2026-02-16"
"Vietnam";"Ho Chi Minh";"Tour gastronómico por Ho Chi Minh";"https://www.civitatis.com/es/ho-chi-minh/tour-gastronomico/";"Vietnam Street Food Tour";"info@vietnamstreetfoods.com";"+84816588886";"VIETNAM STREET FOODS CO., LTD | No 49. Street 17. Quarter 5, An Phu Ward, District , Ho Chi Minh, Vietnam";"";"35491.0";"23";"153";"9.7";"CLP";"2026-02-16"
"Vietnam";"Ho Chi Minh";"Espectáculo de marionetas sobre el agua + Crucero con cena";"https://www.civitatis.com/es/ho-chi-minh/espectaculo-marionetas-agua-crucero/";"The Sunconstruction And Tourist Service Company Limited";"suntour203@gmail.com";"0919164679";"CT TNHH XD & DV DU LICH MAT TROI | 203 De Tham Street, Pham Ngu Lao Ward, District 1, Ho Chi Minh City, Viet Nam, Ho Chi Minh, Vietnam";"";"63600.06";"12";"112";"7.7";"CLP";"2026-02-16"
"Vietnam";"Ho Chi Minh";"Tour por Ho Chi Minh y los Túneles de Cu Chi";"https://www.civitatis.com/es/ho-chi-minh/ho-chi-minh-tuneles-cu-chi/";"Vn Bike Tour";"davidvan939@gmail.com";"+84888800939";"CONG TY TNHH VN BIKE TOUR | 3/17 Ton That Thuyet Street, District 4, Ho Chi Minh, Vietnam";"";"47776.35";"0";"36";"0.0";"CLP";"2026-02-16"
"Vietnam";"Ho Chi Minh";"Tour de 2 días por el Delta del Mekong";"https://www.civitatis.com/es/ho-chi-minh/tour-2-dias-delta-mekong/";"Nomads Vietnam Co.ltd";"marc@nomads.vn";"+84917825001";"elVietnamita LLC | 447 Broadway, 2nd Floor Suite 219, Nueva York, Estados Unidos";"";"255908.32";"5";"38";"9.2";"CLP";"2026-02-16"
"Vietnam";"Ho Chi Minh";"Tarjeta eSIM con Internet para Vietnam";"https://www.civitatis.com/es/ho-chi-minh/tarjeta-esim-vietnam/";"Xplori";"go@xplori.world";"+84852186217";"WM&B Limited | 93-97 Des Voeux Road West, Hong Kong Island, China";"";"27755.78";"3";"47";"8.0";"CLP";"2026-02-16"
"Vietnam";"Ho Chi Minh";"Excursión a los túneles de Cu Chi en lancha rápida";"https://www.civitatis.com/es/ho-chi-minh/tuneles-cu-chi-lancha-rapida/";"Saigon River Tour";"sales@saigonrivertour.com";"+84 0902446346";"Saigon River Tour co. Ltd | Room 4, IC Building Number 1A Me Linh Square, District 1, Ho Chi Minh, Vietnam";"";"65011.88";"0";"22";"0.0";"CLP";"2026-02-16"
"Vietnam";"Ho Chi Minh";"Autobús turístico de Ho Chi Minh";"https://www.civitatis.com/es/ho-chi-minh/autobus-turistico-ho-chi-minh/";"City Sightseeing Usd";"bookings@city-sightseeing.com";"+44 0 1789 299123";"City Sightseeing Ltd | Suite 8 Floor 3 Grosvenor House Redditch, Worcestershire, Reino Unido";"";"19110.54";"9";"101";"6.7";"CLP";"2026-02-16"
"Vietnam";"Ho Chi Minh";"Crucero por el río Saigón al atardecer";"https://www.civitatis.com/es/ho-chi-minh/crucero-saigon-atardecer/";"Saigon River Tour";"sales@saigonrivertour.com";"+84 0902446346";"Saigon River Tour co. Ltd | Room 4, IC Building Number 1A Me Linh Square, District 1, Ho Chi Minh, Vietnam";"";"64715.78";"0";"6";"0.0";"CLP";"2026-02-16"
"Vietnam";"Ho Chi Minh";"Circuito de 5 días por el sur de Vietnam";"https://www.civitatis.com/es/ho-chi-minh/circuito-5-dias-sur-vietnam/";"Nomads Vietnam Co.ltd";"marc@nomads.vn";"+84917825001";"elVietnamita LLC | 447 Broadway, 2nd Floor Suite 219, Nueva York, Estados Unidos";"";"807406.95";"0";"7";"0.0";"CLP";"2026-02-16"
"Vietnam";"Ho Chi Minh";"Excursión por el delta del Mekong en lancha rápida";"https://www.civitatis.com/es/ho-chi-minh/excursion-delta-mekong-lancha-rapida/";"Saigon River Tour";"sales@saigonrivertour.com";"+84 0902446346";"Saigon River Tour co. Ltd | Room 4, IC Building Number 1A Me Linh Square, District 1, Ho Chi Minh, Vietnam";"";"101825.98";"1";"12";"8.0";"CLP";"2026-02-16"
"Vietnam";"Ho Chi Minh";"Tour de 2 días en moto por Da Lat";"https://www.civitatis.com/es/ho-chi-minh/tour-2-dias-moto-da-lat/";"Nomads Vietnam Co.ltd";"marc@nomads.vn";"+84917825001";"elVietnamita LLC | 447 Broadway, 2nd Floor Suite 219, Nueva York, Estados Unidos";"";"366046.08";"0";"0";"0.0";"CLP";"2026-02-16"
"Vietnam";"Ho Chi Minh";"Entrada para el espectáculo The AO Show";"https://www.civitatis.com/es/ho-chi-minh/entrada-ao-show/";"Be My Guest";"natalie.ng@bemyguest.com.sg";"+65 3158 0490";"Bemyguest Pte Ltd | 80 Changi Road, #03-01, The Centropod , Singapur, Singapur";"";"29849.34";"9";"56";"8.7";"CLP";"2026-02-16"
"Vietnam";"Hoi An";"Excursión a las Montañas de Mármol y la pagoda Linh Ung";"https://www.civitatis.com/es/hoi-an/excursion-montanas-marmol/";"Viet Hair Import Export Trading Company Limited";"amigostours.hoian@gmail.com";"0918534523";"VIET HAIR IMPORT EXPORT TRADING COMPANY LIMITED | Tu Son - Kim Boi, HOA BINH, Vietnam";"";"62564.27";"49";"451";"9.3";"CLP";"2026-02-16"
"Vietnam";"Hoi An";"Free tour por Hoi An";"https://www.civitatis.com/es/hoi-an/free-tour-hoi-an/";"Momo Travel";"huy.ong@momotravel.asia";"+84815975181";"Công ty TNHH Huy Minh Travel | Thanh Nhut Village, Cam Thanh ward. Hoi An city, Quang Nam province, Vietnam, Hoi An, Vietnam";"";"0.0";"591";"12921";"9.4";"CLP";"2026-02-16"
"Vietnam";"Hoi An";"Excursión al Santuario My Son";"https://www.civitatis.com/es/hoi-an/excursion-santuario-my-son/";"Viet Hair Import Export Trading Company Limited";"amigostours.hoian@gmail.com";"0918534523";"VIET HAIR IMPORT EXPORT TRADING COMPANY LIMITED | Tu Son - Kim Boi, HOA BINH, Vietnam";"";"59151.67";"56";"511";"8.3";"CLP";"2026-02-16"
"Vietnam";"Hoi An";"Excursión a las Colinas de Ba Na y Puente Dorado";"https://www.civitatis.com/es/hoi-an/excursion-colina-ba-na/";"Viet Hair Import Export Trading Company Limited";"amigostours.hoian@gmail.com";"0918534523";"VIET HAIR IMPORT EXPORT TRADING COMPANY LIMITED | Tu Son - Kim Boi, HOA BINH, Vietnam";"";"85314.91";"40";"504";"8.5";"CLP";"2026-02-16"
"Vietnam";"Hoi An";"Entrada a Hoi An Memories Show";"https://www.civitatis.com/es/hoi-an/entrada-hoi-an-memories-show/";"Golden Footstep Travel";"goldenfootsteptravel@gmail.com";"+84973353257";"CÔNG TY TNHH DU LỊCH DẤU CHÂN VÀNG | No 10A, 348/91/21 Dong Hoi Str, Dong Anh, Hanói, Vietnam";"";"2366.06";"11";"168";"10.0";"CLP";"2026-02-16"
"Vietnam";"Hoi An";"Paseo en barca de bambú por Cam Thanh";"https://www.civitatis.com/es/hoi-an/visita-hoi-an-barca-bambu/";"Viet Hair Import Export Trading Company Limited";"amigostours.hoian@gmail.com";"0918534523";"VIET HAIR IMPORT EXPORT TRADING COMPANY LIMITED | Tu Son - Kim Boi, HOA BINH, Vietnam";"";"27300.77";"5";"79";"7.6";"CLP";"2026-02-16"
"Vietnam";"Hoi An";"Traslados en Hoi An";"https://www.civitatis.com/es/hoi-an/traslados/";"No especificado / Único";"N/A";"N/A";"N/A";"";"17290.48";"36";"1016";"9.3";"CLP";"2026-02-16"
"Vietnam";"Hoi An";"Tour por Hoi An";"https://www.civitatis.com/es/hoi-an/visita-guiada-hoi-an/";"Nomads Vietnam Co.ltd";"marc@nomads.vn";"+84917825001";"elVietnamita LLC | 447 Broadway, 2nd Floor Suite 219, Nueva York, Estados Unidos";"";"97180.37";"10";"151";"8.0";"CLP";"2026-02-16"
"Vietnam";"Hoi An";"Excursión a Hue";"https://www.civitatis.com/es/hoi-an/excursion-hue/";"Viet Hair Import Export Trading Company Limited";"amigostours.hoian@gmail.com";"0918534523";"VIET HAIR IMPORT EXPORT TRADING COMPANY LIMITED | Tu Son - Kim Boi, HOA BINH, Vietnam";"";"113753.21";"17";"153";"8.2";"CLP";"2026-02-16"
"Vietnam";"Hoi An";"Excursión privada desde Hoi An";"https://www.civitatis.com/es/hoi-an/excursion-privada-hoi-an/";"Viet Hair Import Export Trading Company Limited";"amigostours.hoian@gmail.com";"0918534523";"VIET HAIR IMPORT EXPORT TRADING COMPANY LIMITED | Tu Son - Kim Boi, HOA BINH, Vietnam";"";"145604.11";"5";"101";"6.8";"CLP";"2026-02-16"
"Vietnam";"Hoi An";"Excursión a la isla Cham en lancha rápida";"https://www.civitatis.com/es/hoi-an/excursion-islas-cham/";"Hoi An Food Tour";"hoianfoodtour@gmail.com";"+84 97 61 28 977";"HOI AN FOOD TOUR | 119 TRAN QUANG KHAI ST, Hoi An, Vietnam";"";"30713.36";"8";"144";"5.8";"CLP";"2026-02-16"
"Vietnam";"Hoi An";"Transporte entre Hoi An y el aeropuerto de Da Nang";"https://www.civitatis.com/es/hoi-an/minibus-aeropuerto-hoi-an/";"Barri Ann";"info@barrianntravel.com";"+84-915 105 499";"CT TNHH TM DV DL BARRI ANN | 30/2 Tran Hung Dao Street, Cam Pho Ward, Hoi An City, Quang Nam Province, Vietnam, Hoi An, Vietnam";"";"5460.15";"3";"102";"9.3";"CLP";"2026-02-16"
"Vietnam";"Hoi An";"Taller de farolillos en Hoi An";"https://www.civitatis.com/es/hoi-an/taller-farolillos-hoi-an/";"Proud Vietnam Travel";"opt@proudvietnamtravel.com";"0084905477679";"CT TNHH Du Lich Tu Hao Viet Nam | 1/63 La Son Phu Tu, Tay Loc, Hue, Thua Thien Hue, Vietnam, Hue, Vietnam";"";"10074.39";"6";"51";"8.7";"CLP";"2026-02-16"
"Vietnam";"Hoi An";"Tarjeta eSIM con Internet para Vietnam";"https://www.civitatis.com/es/hoi-an/tarjeta-esim-vietnam/";"Xplori";"go@xplori.world";"+84852186217";"WM&B Limited | 93-97 Des Voeux Road West, Hong Kong Island, China";"";"27755.78";"3";"47";"8.0";"CLP";"2026-02-16"
"Vietnam";"Hoi An";"Clase de cocina vietnamita en Hoi An";"https://www.civitatis.com/es/hoi-an/clase-cocina-vietnamita/";"Hoi An Life Cycle";"hoianlifecycle@gmail.com";"+84935054043";"Nguyen Van Vinh | Number 7, Cua Dai Beach Street, Hoi An, Vietnam";"";"35491.0";"4";"55";"8.0";"CLP";"2026-02-16"
"Vietnam";"Hoi An";"Entradas para el espectáculo Teh Dar Vietnamese Bamboo Circus";"https://www.civitatis.com/es/hoi-an/entradas-teh-dar-vietnamese-bamboo-circus/";"Be My Guest";"natalie.ng@bemyguest.com.sg";"+65 3158 0490";"Bemyguest Pte Ltd | 80 Changi Road, #03-01, The Centropod , Singapur, Singapur";"";"25912.69";"1";"13";"10.0";"CLP";"2026-02-16"
"Vietnam";"Hoi An";"Tour en bicicleta por Hoi An + Clase de cocina";"https://www.civitatis.com/es/hoi-an/tour-hoi-an-bici-bambu/";"Viet Hair Import Export Trading Company Limited";"amigostours.hoian@gmail.com";"0918534523";"VIET HAIR IMPORT EXPORT TRADING COMPANY LIMITED | Tu Son - Kim Boi, HOA BINH, Vietnam";"";"73939.59";"1";"82";"10.0";"CLP";"2026-02-16"
"Vietnam";"Hue";"Tour de Hue al completo";"https://www.civitatis.com/es/hue/tour-hue-completo/";"Viet Hair Import Export Trading Company Limited";"amigostours.hoian@gmail.com";"0918534523";"VIET HAIR IMPORT EXPORT TRADING COMPANY LIMITED | Tu Son - Kim Boi, HOA BINH, Vietnam";"";"61881.75";"40";"446";"9.0";"CLP";"2026-02-16"
"Vietnam";"Hue";"Excursión al Parque Nacional Bach Ma";"https://www.civitatis.com/es/hue/excursion-parque-bach-ma/";"Công Ty Tnhh Mtv Restour";"restour123@gmail.com";"0706213172";"CÔNG TY TNHH MTV RESTOUR | 3/1 Phạm Triệt, Phường Hương Hồ, Thành Phố Huế, Tỉnh Thừa Thiên Huế, Hue, Vietnam";"";"487074.88";"2";"26";"9.0";"CLP";"2026-02-16"
"Vietnam";"Hue";"Tour en bicicleta por Hue y Thuy Bieu";"https://www.civitatis.com/es/hue/tour-bicicleta-hue-thuy-bieu/";"Viet Hair Import Export Trading Company Limited";"amigostours.hoian@gmail.com";"0918534523";"VIET HAIR IMPORT EXPORT TRADING COMPANY LIMITED | Tu Son - Kim Boi, HOA BINH, Vietnam";"";"68251.93";"0";"14";"0.0";"CLP";"2026-02-16"
"Vietnam";"Hue";"Excursión a Paradise Cave";"https://www.civitatis.com/es/hue/excursion-paradise-cave/";"Footprint Vietnam Travel";"globalsales@footprint.vn";"+84 384574491";"Footprint trading and travel company limited | 8th floor, No.121 Bui Thi Xuan Street, Hai Ba Trung district,, Hanói, Vietnam";"";"56876.6";"0";"46";"0.0";"CLP";"2026-02-16"
"Vietnam";"Hue";"Traslados en Hue";"https://www.civitatis.com/es/hue/traslados/";"No especificado / Único";"N/A";"N/A";"N/A";"";"17290.48";"9";"395";"9.3";"CLP";"2026-02-16"
"Vietnam";"Hue";"Excursión a Hoi An por el paso de Hai Van";"https://www.civitatis.com/es/hue/excursion-hoi-an-paso-hai-van/";"Nomads Vietnam Co.ltd";"marc@nomads.vn";"+84917825001";"elVietnamita LLC | 447 Broadway, 2nd Floor Suite 219, Nueva York, Estados Unidos";"";"137132.3";"1";"31";"10.0";"CLP";"2026-02-16"
"Vietnam";"Hue";"Tour de aventura por Phong Nha-Ke Bang";"https://www.civitatis.com/es/hue/tour-aventura-phong-nha-ke-bang/";"Proud Vietnam Travel";"opt@proudvietnamtravel.com";"0084905477679";"CT TNHH Du Lich Tu Hao Viet Nam | 1/63 La Son Phu Tu, Tay Loc, Hue, Thua Thien Hue, Vietnam, Hue, Vietnam";"";"44677.73";"6";"87";"6.3";"CLP";"2026-02-16"
"Vietnam";"Hue";"Tarjeta eSIM con Internet para Vietnam";"https://www.civitatis.com/es/hue/tarjeta-esim-vietnam/";"Xplori";"go@xplori.world";"+84852186217";"WM&B Limited | 93-97 Des Voeux Road West, Hong Kong Island, China";"";"27755.78";"3";"47";"8.0";"CLP";"2026-02-16"
"Vietnam";"Hue";"Excursión a la zona desmilitarizada de Vietnam";"https://www.civitatis.com/es/hue/excursion-zona-desmilitarizada-vietnam/";"Proud Vietnam Travel";"opt@proudvietnamtravel.com";"0084905477679";"CT TNHH Du Lich Tu Hao Viet Nam | 1/63 La Son Phu Tu, Tay Loc, Hue, Thua Thien Hue, Vietnam, Hue, Vietnam";"";"49933.93";"9";"79";"7.8";"CLP";"2026-02-16"
"Vietnam";"Hue";"Excursión a las cuevas de Phong Nha";"https://www.civitatis.com/es/hue/excursion-cuevas-phong-nha/";"Footprint Vietnam Travel";"globalsales@footprint.vn";"+84 384574491";"Footprint trading and travel company limited | 8th floor, No.121 Bui Thi Xuan Street, Hai Ba Trung district,, Hanói, Vietnam";"";"56876.6";"3";"18";"8.7";"CLP";"2026-02-16"
"Vietnam";"Hue";"Excursión privada desde el puerto de cruceros de Hue";"https://www.civitatis.com/es/hue/excursion-privada-cruceros-hue/";"Viet Hair Import Export Trading Company Limited";"amigostours.hoian@gmail.com";"0918534523";"VIET HAIR IMPORT EXPORT TRADING COMPANY LIMITED | Tu Son - Kim Boi, HOA BINH, Vietnam";"";"227506.43";"2";"18";"10.0";"CLP";"2026-02-16"
"Vietnam";"Hue";"Tour en moto por Hue";"https://www.civitatis.com/es/hue/tour-moto-hue/";"Viet Hair Import Export Trading Company Limited";"amigostours.hoian@gmail.com";"0918534523";"VIET HAIR IMPORT EXPORT TRADING COMPANY LIMITED | Tu Son - Kim Boi, HOA BINH, Vietnam";"";"51188.94";"0";"9";"0.0";"CLP";"2026-02-16"
"Vietnam";"Hue";"Autobús turístico de Hue, City Sightseeing";"https://www.civitatis.com/es/hue/autobus-hue-city-sightseeing/";"City Sightseeing Usd";"bookings@city-sightseeing.com";"+44 0 1789 299123";"City Sightseeing Ltd | Suite 8 Floor 3 Grosvenor House Redditch, Worcestershire, Reino Unido";"";"17290.48";"0";"47";"0.0";"CLP";"2026-02-16"
"Vietnam";"Hue";"Crucero con cena y música en directo por el río Perfume";"https://www.civitatis.com/es/hue/crucero-cena-rio-perfume/";"Boat Tour Hue";"trantanrdb@gmail.com";"+84 093 533 06 94";"DOANH NGHIỆP TƯ NHÂN TRẬN TÂN | 57 Nguyễn Khoa Vy, Vỹ Dạ, Huế, Thành phố Huế, Vietnam, Hue, Vietnam";"";"30485.98";"0";"0";"0.0";"CLP";"2026-02-16"
"Vietnam";"Hue";"Tour gastronómico por Hue en cyclo";"https://www.civitatis.com/es/hue/tour-gastronomico-hue/";"Công Ty Tnhh Mtv Restour";"restour123@gmail.com";"0706213172";"CÔNG TY TNHH MTV RESTOUR | 3/1 Phạm Triệt, Phường Hương Hồ, Thành Phố Huế, Tỉnh Thừa Thiên Huế, Hue, Vietnam";"";"37231.44";"1";"2";"8.0";"CLP";"2026-02-16"
"Vietnam";"Da Nang";"Tour por las Montañas de Mármol";"https://www.civitatis.com/es/da-nang/tour-montanas-marmol/";"Viet Hair Import Export Trading Company Limited";"amigostours.hoian@gmail.com";"0918534523";"VIET HAIR IMPORT EXPORT TRADING COMPANY LIMITED | Tu Son - Kim Boi, HOA BINH, Vietnam";"";"62564.27";"12";"168";"9.0";"CLP";"2026-02-16"
"Vietnam";"Da Nang";"Excursión a las Colinas de Ba Na y Puente Dorado";"https://www.civitatis.com/es/da-nang/excursion-colina-ba-na/";"Viet Hair Import Export Trading Company Limited";"amigostours.hoian@gmail.com";"0918534523";"VIET HAIR IMPORT EXPORT TRADING COMPANY LIMITED | Tu Son - Kim Boi, HOA BINH, Vietnam";"";"84177.38";"14";"204";"8.4";"CLP";"2026-02-16"
"Vietnam";"Da Nang";"Excursión a Hue";"https://www.civitatis.com/es/da-nang/excursion-hue/";"Viet Hair Import Export Trading Company Limited";"amigostours.hoian@gmail.com";"0918534523";"VIET HAIR IMPORT EXPORT TRADING COMPANY LIMITED | Tu Son - Kim Boi, HOA BINH, Vietnam";"";"113753.21";"10";"85";"8.6";"CLP";"2026-02-16"
"Vietnam";"Da Nang";"Excursión a los templos de My Son";"https://www.civitatis.com/es/da-nang/excursion-templos-my-son/";"Viet Hair Import Export Trading Company Limited";"amigostours.hoian@gmail.com";"0918534523";"VIET HAIR IMPORT EXPORT TRADING COMPANY LIMITED | Tu Son - Kim Boi, HOA BINH, Vietnam";"";"59151.67";"8";"92";"8.0";"CLP";"2026-02-16"
"Vietnam";"Da Nang";"Transporte entre el aeropuerto de Da Nang y Hoi An";"https://www.civitatis.com/es/da-nang/transporte-aeropuerto-da-nang-hoi-an/";"Barri Ann";"info@barrianntravel.com";"+84-915 105 499";"CT TNHH TM DV DL BARRI ANN | 30/2 Tran Hung Dao Street, Cam Pho Ward, Hoi An City, Quang Nam Province, Vietnam, Hoi An, Vietnam";"";"5460.15";"2";"108";"9.0";"CLP";"2026-02-16"
"Vietnam";"Da Nang";"Traslados en Da Nang";"https://www.civitatis.com/es/da-nang/traslados/";"No especificado / Único";"N/A";"N/A";"N/A";"";"15470.43";"10";"303";"9.4";"CLP";"2026-02-16"
"Vietnam";"Da Nang";"Excursión privada desde Da Nang";"https://www.civitatis.com/es/da-nang/excursion-privada-da-nang/";"Viet Hair Import Export Trading Company Limited";"amigostours.hoian@gmail.com";"0918534523";"VIET HAIR IMPORT EXPORT TRADING COMPANY LIMITED | Tu Son - Kim Boi, HOA BINH, Vietnam";"";"145604.11";"6";"94";"9.3";"CLP";"2026-02-16"
"Vietnam";"Da Nang";"Tour privado por Da Nang";"https://www.civitatis.com/es/da-nang/visita-guiada-da-nang/";"Proud Vietnam Travel";"opt@proudvietnamtravel.com";"0084905477679";"CT TNHH Du Lich Tu Hao Viet Nam | 1/63 La Son Phu Tu, Tay Loc, Hue, Thua Thien Hue, Vietnam, Hue, Vietnam";"";"121768.72";"4";"94";"10.0";"CLP";"2026-02-16"
"Vietnam";"Da Nang";"Tarjeta eSIM con Internet para Vietnam";"https://www.civitatis.com/es/da-nang/tarjeta-esim-vietnam/";"Xplori";"go@xplori.world";"+84852186217";"WM&B Limited | 93-97 Des Voeux Road West, Hong Kong Island, China";"";"27755.78";"3";"47";"8.0";"CLP";"2026-02-16"
"Vietnam";"Da Nang";"Entrada a Charming Danang Show";"https://www.civitatis.com/es/da-nang/entrada-charming-danang-show/";"Kien Phat Nguyen Travel";"baophan.otas@gmail.com";"0392159050";"Cong Ty TNHH MTV Kien Phat Nguyen | 44/49 Da Son Street, Phuong Hoa Khanh Nam, Quan Lien Chieu District, Da Nang City, Vietnam, Da Nang, Vietnam";"";"18109.51";"0";"11";"0.0";"CLP";"2026-02-16"
"Vietnam";"Da Nang";"Excursión privada desde el puerto de cruceros de Da Nang";"https://www.civitatis.com/es/da-nang/excursion-privada-cruceros-da-nang/";"Viet Hair Import Export Trading Company Limited";"amigostours.hoian@gmail.com";"0918534523";"VIET HAIR IMPORT EXPORT TRADING COMPANY LIMITED | Tu Son - Kim Boi, HOA BINH, Vietnam";"";"254807.2";"0";"4";"0.0";"CLP";"2026-02-16"
"Vietnam";"Da Nang";"Tour gastronómico por Da Nang en moto";"https://www.civitatis.com/es/da-nang/tour-gastronomico-da-nang-moto/";"Vietnam Street Food Tour";"info@vietnamstreetfoods.com";"+84816588886";"VIETNAM STREET FOODS CO., LTD | No 49. Street 17. Quarter 5, An Phu Ward, District , Ho Chi Minh, Vietnam";"";"35491.0";"0";"0";"0.0";"CLP";"2026-02-16"
"Vietnam";"Da Nang";"Clase de cocina vietnamita en Da Nang";"https://www.civitatis.com/es/da-nang/clase-cocina-vietnamita/";"Danang Cooking Tour";"danangcookingtour@gmail.com";"+84935883803";"Tran Trung Khuong | 31 Giang Chau 1, Da Nang, Vietnam";"";"32760.92";"0";"6";"0.0";"CLP";"2026-02-16"
"Vietnam";"Da Nang";"Snorkel en la isla Cham";"https://www.civitatis.com/es/da-nang/snorkel-isla-cham/";"Vietnam Lvp Travel";"info@lvptravel.com";"0968977007";"Lai Van Phong | 36/8 Trung Hoa St, Cau Giay Dist, Hanoi, Tòa nhà B6B Nam Trung Yên, Cau Giay Dist, Hanói, Vietnam";"";"59151.67";"0";"36";"0.0";"CLP";"2026-02-16"
"Vietnam";"Da Nang";"Entrada a Asia Park";"https://www.civitatis.com/es/da-nang/excursion-asia-park/";"Be My Guest";"natalie.ng@bemyguest.com.sg";"+65 3158 0490";"Bemyguest Pte Ltd | 80 Changi Road, #03-01, The Centropod , Singapur, Singapur";"";"9733.48";"0";"8";"0.0";"CLP";"2026-02-16"
"Vietnam";"Sapa";"Tour de 2 días por Sapa";"https://www.civitatis.com/es/sapa/tour-2-dias-sapa/";"Amazing Viet Nam Trading And Travel Company Limited";"info@vietnamtraveltop.net";"+84976663843";"CONG TY TNHH DU LICH VA THUONG MAI AMAZING VIET NAM | No. 244C, Group 13, Mau Luong Street, Kien Hung Ward, Ha Dong District, Hanói, Vietnam";"";"92701.91";"12";"191";"9.0";"CLP";"2026-02-16"
"Vietnam";"Sapa";"Excursión a Cat Cat Village y Moana";"https://www.civitatis.com/es/sapa/excursion-cat-cat-village-moana/";"Good Choice Vietnam Production And Trading Limited Company";"vietnamvillagevibes@gmail.com";"+84943338039";"TU VAN MY | Khe Hoi, Ha Hoi, Thuong Tin, Hanói, Vietnam";"";"28033.08";"0";"3";"0.0";"CLP";"2026-02-16"
"Vietnam";"Sapa";"Trekking por los arrozales de Sapa";"https://www.civitatis.com/es/sapa/trekking-arrozales-sapa/";"Mamá Zou Sapa";"lodi32133@gmail.com";"+84977131502";"Giang A Su | LaoCai, Sapa, Sapa, Vietnam";"";"18200.51";"14";"155";"6.6";"CLP";"2026-02-16"
"Vietnam";"Sapa";"Tour de 3 días por Sapa";"https://www.civitatis.com/es/sapa/tour-3-dias-sapa/";"Amazing Viet Nam Trading And Travel Company Limited";"info@vietnamtraveltop.net";"+84976663843";"CONG TY TNHH DU LICH VA THUONG MAI AMAZING VIET NAM | No. 244C, Group 13, Mau Luong Street, Kien Hung Ward, Ha Dong District, Hanói, Vietnam";"";"142355.52";"4";"60";"8.5";"CLP";"2026-02-16"
"Vietnam";"Sapa";"Tour de 4 días por Hà Giang";"https://www.civitatis.com/es/sapa/tour-ha-giang/";"Borderlands Tours";"jsp.prat@gmail.com";"+84825590093";"CÔNG TY TNHH THƯƠNG MẠI PRAT TRẦN | 137 Nguyen Thai Hoc, Tp. Ha Giang, Ha Giang, Vietnam";"";"347721.36";"0";"0";"0.0";"CLP";"2026-02-16"
"Vietnam";"Nha Trang";"Tarjeta eSIM con Internet para Vietnam";"https://www.civitatis.com/es/nha-trang/tarjeta-esim-vietnam/";"Xplori";"go@xplori.world";"+84852186217";"WM&B Limited | 93-97 Des Voeux Road West, Hong Kong Island, China";"";"27755.78";"3";"47";"8.0";"CLP";"2026-02-16"
"Vietnam";"Nha Trang";"Tour por la isla de Hon Tre";"https://www.civitatis.com/es/nha-trang/tour-islas-nha-trang/";"Lavyla Travel Company Limited";"lavylatrip@gmail.com";"84934896948";"CTY TNHH TM DV DU LICH LAVYLA GROUP | L11-17, 17F ,Vincom Building Center, 72 Le Thanh Ton, Ben Nghe Ward, District 1, Ho Chi Minh, Vietnam";"";"36173.52";"1";"9";"10.0";"CLP";"2026-02-16"
"Vietnam";"Nha Trang";"Seawalker en Nha Trang";"https://www.civitatis.com/es/nha-trang/seawalker-nha-trang/";"Threeland Travel Co. Ltd Gray Line Vietnam";"sm@grayline.vn";"+84388115326";"THREELAND TRAVEL ASIA JSC | No. 40, Alley 10, Lane 462, Buoi Street, Vinh Phuc Ward, Ba Dinh District, Hanói, Vietnam";"";"59151.67";"1";"12";"10.0";"CLP";"2026-02-16"
"Vietnam";"Nha Trang";"Tour en bicicleta por el paso de Da Lat";"https://www.civitatis.com/es/nha-trang/tour-bicicleta-paso-da-lat/";"Friendly Travel Nha Trang";"nhatrangtour.vip@gmail.com";"+84935812225";"Tran Ngoc Tai | 50Bis Yersin, Nha Trang, Vietnam";"";"62564.27";"0";"0";"0.0";"CLP";"2026-02-16"
"Vietnam";"Phu Quoc";"Tour por el sur de Phu Quoc";"https://www.civitatis.com/es/phu-quoc/tour-sur-phu-quoc/";"Johns Tours Phu Quoc Travel";"sales.johnstours@phuquoctrip.com";"0948222111";"CÔNG TY TNHH DV DL JOHNS TOURS PHU QUOC | 143 Tran Hung Dao street, Duong Dong town, Phu Quoc, Kien Giang, Vietnam";"";"22776.88";"7";"78";"8.6";"CLP";"2026-02-16"
"Vietnam";"Phu Quoc";"Excursión a las islas May Rut y Buom";"https://www.civitatis.com/es/phu-quoc/excursion-islas-may-rut-buom/";"Johns Tours Phu Quoc Travel";"sales.johnstours@phuquoctrip.com";"0948222111";"CÔNG TY TNHH DV DL JOHNS TOURS PHU QUOC | 143 Tran Hung Dao street, Duong Dong town, Phu Quoc, Kien Giang, Vietnam";"";"54752.12";"0";"37";"0.0";"CLP";"2026-02-16"
"Vietnam";"Phu Quoc";"Excursión a las islas May Rut y Gam Ghi";"https://www.civitatis.com/es/phu-quoc/mong-tay-may-rut-gam-ghi/";"Johns Tours Phu Quoc Travel";"sales.johnstours@phuquoctrip.com";"0948222111";"CÔNG TY TNHH DV DL JOHNS TOURS PHU QUOC | 143 Tran Hung Dao street, Duong Dong town, Phu Quoc, Kien Giang, Vietnam";"";"28471.1";"10";"125";"7.0";"CLP";"2026-02-16"
"Vietnam";"Phu Quoc";"Tarjeta eSIM con Internet para Vietnam";"https://www.civitatis.com/es/phu-quoc/tarjeta-esim-vietnam/";"Xplori";"go@xplori.world";"+84852186217";"WM&B Limited | 93-97 Des Voeux Road West, Hong Kong Island, China";"";"27755.78";"3";"47";"8.0";"CLP";"2026-02-16"
"Vietnam";"Phu Quoc";"Tour por el norte de Phu Quoc";"https://www.civitatis.com/es/phu-quoc/tour-norte-phu-quoc/";"Johns Tours Phu Quoc Travel";"sales.johnstours@phuquoctrip.com";"0948222111";"CÔNG TY TNHH DV DL JOHNS TOURS PHU QUOC | 143 Tran Hung Dao street, Duong Dong town, Phu Quoc, Kien Giang, Vietnam";"";"38983.51";"5";"53";"6.8";"CLP";"2026-02-16"
"Vietnam";"Phu Quoc";"Traslados en Phu Quoc";"https://www.civitatis.com/es/phu-quoc/traslados/";"No especificado / Único";"N/A";"N/A";"N/A";"";"18200.51";"3";"297";"10.0";"CLP";"2026-02-16"
"Vietnam";"Phu Quoc";"Excursión de 2 días a la isla May Rut";"https://www.civitatis.com/es/phu-quoc/excursion-2-dias-may-rut/";"Johns Tours Phu Quoc Travel";"sales.johnstours@phuquoctrip.com";"0948222111";"CÔNG TY TNHH DV DL JOHNS TOURS PHU QUOC | 143 Tran Hung Dao street, Duong Dong town, Phu Quoc, Kien Giang, Vietnam";"";"71834.78";"0";"11";"0.0";"CLP";"2026-02-16"
"Vietnam";"Phu Quoc";"Crucero al atardecer y pesca nocturna";"https://www.civitatis.com/es/phu-quoc/crucero-atardecer-pesca-nocturna/";"Johns Tours Phu Quoc Travel";"sales.johnstours@phuquoctrip.com";"0948222111";"CÔNG TY TNHH DV DL JOHNS TOURS PHU QUOC | 143 Tran Hung Dao street, Duong Dong town, Phu Quoc, Kien Giang, Vietnam";"";"11388.44";"0";"42";"0.0";"CLP";"2026-02-16"
"Vietnam";"Cat Ba";"Excursión a las bahías de Ha Long y Lan Ha";"https://www.civitatis.com/es/cat-ba/excursion-ha-long-lan-ha/";"Cat Ba Vision";"info.catbavision@gmail.com";"0968544144";"CAT BA VISION CO., LTD | 190, 1/4Street, Cat Ba, Cat Hai, Vietnam";"";"28438.3";"112";"1262";"9.0";"CLP";"2026-02-16"
"Vietnam";"Cat Ba";"Crucero de 2 días por la bahía de Ha Long";"https://www.civitatis.com/es/cat-ba/crucero-2-dias-ha-long/";"Cat Ba Vision";"info.catbavision@gmail.com";"0968544144";"CAT BA VISION CO., LTD | 190, 1/4Street, Cat Ba, Cat Hai, Vietnam";"";"120123.39";"18";"306";"8.6";"CLP";"2026-02-16"
"Vietnam";"Cat Ba";"Crucero de 3 días por las bahías de Ha Long y Lan Ha";"https://www.civitatis.com/es/cat-ba/crucero-3-dias-ha-long-lan-ha/";"Cat Ba Vision";"info.catbavision@gmail.com";"0968544144";"CAT BA VISION CO., LTD | 190, 1/4Street, Cat Ba, Cat Hai, Vietnam";"";"227506.43";"4";"75";"5.5";"CLP";"2026-02-16"
"Vietnam";"Cat Ba";"Tour en bicicleta por Cat Ba";"https://www.civitatis.com/es/cat-ba/tour-bicicleta-cat-ba/";"Hop Tac Xa Du Lich Va Duoc Lieu Cat Ba";"booking@catbawellness.com";"+84973223373";"Cat Ba Wellness DMC | 80 Nui Ngoc Street, Cat Ba Town, Hai Phong, Vietnam";"";"31850.9";"0";"0";"0.0";"CLP";"2026-02-16"
"Vietnam";"Tam Coc";"Excursión a Hoa Lu, Mua Cave y Reserva Natural de Van Long";"https://www.civitatis.com/es/tam-coc/hoa-lu-mua-cave-van-long/";"Nomads Vietnam Co.ltd";"marc@nomads.vn";"+84917825001";"elVietnamita LLC | 447 Broadway, 2nd Floor Suite 219, Nueva York, Estados Unidos";"";"139291.87";"3";"35";"9.3";"CLP";"2026-02-16"
"Vietnam";"Tam Coc";"Tour en bicicleta eléctrica por Ninh Binh";"https://www.civitatis.com/es/tam-coc/tour-bicicleta-electrica-ninh-binh/";"Vietnam E-Bikes Company Limited";"vietnamebiketravel@gmail.com";"+84 862 626 860";"VIETNAM E-BIKES COMPANY LIMITED | No. 8, Lane 99, Le Hong Phong Street, Dien Bien Ward, Ba Dinh District, Hanói, Vietnam";"";"44330.47";"1";"4";"10.0";"CLP";"2026-02-16"
"Vietnam";"Da Lat";"Barranquismo en Da Lat";"https://www.civitatis.com/es/da-lat/barranquismo-da-lat/";"Viet Challenge Tours";"dulichthuthachviet@gmail.com";"0915594659";"Viet Challenge limited company | c17 khu quy hoạch An sơn, Đà Lạt, Vietnam";"";"78489.72";"1";"7";"10.0";"CLP";"2026-02-16"
"Vietnam";"Da Lat";"Tour por las cascadas de Da Lat";"https://www.civitatis.com/es/da-lat/tour-cascadas-da-lat/";"Viet Challenge Tours";"dulichthuthachviet@gmail.com";"0915594659";"Viet Challenge limited company | c17 khu quy hoạch An sơn, Đà Lạt, Vietnam";"";"29575.83";"3";"38";"9.3";"CLP";"2026-02-16"
"Vietnam";"Da Lat";"Tarjeta eSIM con Internet para Vietnam";"https://www.civitatis.com/es/da-lat/tarjeta-esim-vietnam/";"Xplori";"go@xplori.world";"+84852186217";"WM&B Limited | 93-97 Des Voeux Road West, Hong Kong Island, China";"";"27755.78";"3";"47";"8.0";"CLP";"2026-02-16"
"Vietnam";"Da Lat";"Tour por las afueras de Da Lat";"https://www.civitatis.com/es/da-lat/tour-afueras-da-lat/";"Viet Challenge Tours";"dulichthuthachviet@gmail.com";"0915594659";"Viet Challenge limited company | c17 khu quy hoạch An sơn, Đà Lạt, Vietnam";"";"27300.77";"0";"2";"0.0";"CLP";"2026-02-16"
"Vietnam";"Da Lat";"Excursión a la montaña Langbiang y cascada Datanla";"https://www.civitatis.com/es/da-lat/excursion-montana-langbiang-cascada-datanla/";"Viet Challenge Tours";"dulichthuthachviet@gmail.com";"0915594659";"Viet Challenge limited company | c17 khu quy hoạch An sơn, Đà Lạt, Vietnam";"";"30713.36";"0";"2";"0.0";"CLP";"2026-02-16"
"Vietnam";"Da Lat";"Tour en bicicleta por la Espalda del Dragón";"https://www.civitatis.com/es/da-lat/tour-bicicleta-espalda-dragon/";"Viet Challenge Tours";"dulichthuthachviet@gmail.com";"0915594659";"Viet Challenge limited company | c17 khu quy hoạch An sơn, Đà Lạt, Vietnam";"";"36401.02";"0";"1";"0.0";"CLP";"2026-02-16"
"Vietnam";"Da Lat";"Trekking por la montaña Samson + Kayak en el lago Tuyen Lam";"https://www.civitatis.com/es/da-lat/trekking-montana-samson-kayak/";"Viet Challenge Tours";"dulichthuthachviet@gmail.com";"0915594659";"Viet Challenge limited company | c17 khu quy hoạch An sơn, Đà Lạt, Vietnam";"";"51871.46";"0";"0";"0.0";"CLP";"2026-02-16"
"Vietnam";"Da Lat";"Trekking por la montaña Langbiang";"https://www.civitatis.com/es/da-lat/trekking-montana-langbiang/";"Viet Challenge Tours";"dulichthuthachviet@gmail.com";"0915594659";"Viet Challenge limited company | c17 khu quy hoạch An sơn, Đà Lạt, Vietnam";"";"40268.63";"0";"0";"0.0";"CLP";"2026-02-16"
"Vietnam";"Da Lat";"Trekking por la montaña Samson";"https://www.civitatis.com/es/da-lat/trekking-montana-samson/";"Viet Challenge Tours";"dulichthuthachviet@gmail.com";"0915594659";"Viet Challenge limited company | c17 khu quy hoạch An sơn, Đà Lạt, Vietnam";"";"60289.2";"0";"0";"0.0";"CLP";"2026-02-16"
"Vietnam";"Da Lat";"Tour por Da Lat y la montaña Langbiang";"https://www.civitatis.com/es/da-lat/tour-da-lat-montana-langbiang/";"Viet Challenge Tours";"dulichthuthachviet@gmail.com";"0915594659";"Viet Challenge limited company | c17 khu quy hoạch An sơn, Đà Lạt, Vietnam";"";"12740.36";"0";"0";"0.0";"CLP";"2026-02-16"
"Vietnam";"Da Lat";"Tour en bicicleta por el Parque Nacional Bidoup-Nui Ba";"https://www.civitatis.com/es/da-lat/tour-bicicleta-bidoup-nui-ba/";"Viet Challenge Tours";"dulichthuthachviet@gmail.com";"0915594659";"Viet Challenge limited company | c17 khu quy hoạch An sơn, Đà Lạt, Vietnam";"";"97263.55";"0";"0";"0.0";"CLP";"2026-02-16"
"Vietnam";"Da Lat";"Autobús turístico de Da Lat, City Sightseeing";"https://www.civitatis.com/es/da-lat/autobus-da-lat-city-sightseeing/";"City Sightseeing Usd";"bookings@city-sightseeing.com";"+44 0 1789 299123";"City Sightseeing Ltd | Suite 8 Floor 3 Grosvenor House Redditch, Worcestershire, Reino Unido";"";"17290.48";"0";"0";"0.0";"CLP";"2026-02-16"
"Vietnam";"Ha Long";"Crucero de 2 días por la bahía de Ha-Long en barco de lujo";"https://www.civitatis.com/es/ha-long/crucero-2-dias-ha-long/";"Arcady Travel";"marketing@arcadycruise.com";"+84904016318";"DAY TOUR VIETNAM TRADING AND TOURISM COMPANY LIMITED | So nha 11, Ngo 84, Pho Nghia Dung, Phuong Phuc Xa, Quan Ba Dinh, Hanói, Vietnam";"";"131405.09";"9";"241";"7.8";"CLP";"2026-02-16"
"Vietnam";"Ha Long";"Crucero por la bahía de Ha-Long";"https://www.civitatis.com/es/ha-long/crucero-bahia-ha-long/";"Golden Footstep Travel";"goldenfootsteptravel@gmail.com";"+84973353257";"CÔNG TY TNHH DU LỊCH DẤU CHÂN VÀNG | No 10A, 348/91/21 Dong Hoi Str, Dong Anh, Hanói, Vietnam";"";"70526.99";"0";"40";"0.0";"CLP";"2026-02-16"
"Vietnam";"Ha Long";"Autobús turístico de Ha Long, City Sightseeing";"https://www.civitatis.com/es/ha-long/autobus-ha-long-city-sightseeing/";"City Sightseeing Usd";"bookings@city-sightseeing.com";"+44 0 1789 299123";"City Sightseeing Ltd | Suite 8 Floor 3 Grosvenor House Redditch, Worcestershire, Reino Unido";"";"17290.48";"0";"14";"0.0";"CLP";"2026-02-16"
"Vietnam";"Ha Long";"Crucero por la bahía de Lan Ha";"https://www.civitatis.com/es/ha-long/crucero-bahia-lan-ha/";"Golden Footstep Travel";"goldenfootsteptravel@gmail.com";"+84973353257";"CÔNG TY TNHH DU LỊCH DẤU CHÂN VÀNG | No 10A, 348/91/21 Dong Hoi Str, Dong Anh, Hanói, Vietnam";"";"85314.91";"0";"3";"0.0";"CLP";"2026-02-16"
"Vietnam";"Ha Long";"Excursión a las bahías de Ha Long y Lan Ha";"https://www.civitatis.com/es/cat-ba/excursion-ha-long-lan-ha/";"Cat Ba Vision";"info.catbavision@gmail.com";"0968544144";"CAT BA VISION CO., LTD | 190, 1/4Street, Cat Ba, Cat Hai, Vietnam";"";"28438.3";"112";"1262";"9.0";"CLP";"2026-02-16"
"Vietnam";"Ha Long";"Crucero de 2 días por la bahía de Ha Long";"https://www.civitatis.com/es/cat-ba/crucero-2-dias-ha-long/";"Cat Ba Vision";"info.catbavision@gmail.com";"0968544144";"CAT BA VISION CO., LTD | 190, 1/4Street, Cat Ba, Cat Hai, Vietnam";"";"120123.39";"18";"306";"8.6";"CLP";"2026-02-16"
"Vietnam";"Ha Long";"Crucero de 3 días por las bahías de Ha Long y Lan Ha";"https://www.civitatis.com/es/cat-ba/crucero-3-dias-ha-long-lan-ha/";"Cat Ba Vision";"info.catbavision@gmail.com";"0968544144";"CAT BA VISION CO., LTD | 190, 1/4Street, Cat Ba, Cat Hai, Vietnam";"";"227506.43";"4";"75";"5.5";"CLP";"2026-02-16"
"Vietnam";"Can Tho";"Clase de cocina vietnamita en Can Tho";"https://www.civitatis.com/es/can-tho/clase-cocina-vietnamita-can-tho/";"Fabulous Mekong Ecotours";"info@fme.travel";"+84907072124";"FABULOUS MEKONG ECOTURS CO.,LTD | 162/42A, Nguyen Viet Hong. Phurong An Phu, Quan Ninh Kieu, Thanh pho Can Tho, Can Tho, Vietnam";"";"40951.15";"0";"0";"0.0";"CLP";"2026-02-16"
"Vietnam";"Can Tho";"Tour en moto por Can Tho";"https://www.civitatis.com/es/can-tho/tour-moto-can-tho/";"Fabulous Mekong Ecotours";"info@fme.travel";"+84907072124";"FABULOUS MEKONG ECOTURS CO.,LTD | 162/42A, Nguyen Viet Hong. Phurong An Phu, Quan Ninh Kieu, Thanh pho Can Tho, Can Tho, Vietnam";"";"40951.15";"0";"0";"0.0";"CLP";"2026-02-16"
"Vietnam";"Dong Hoi";"Excursión a Dark Cave y Paradise Cave";"https://www.civitatis.com/es/dong-hoi/excursion-dark-cave-paradise-cave/";"Viet Hair Import Export Trading Company Limited";"amigostours.hoian@gmail.com";"0918534523";"VIET HAIR IMPORT EXPORT TRADING COMPANY LIMITED | Tu Son - Kim Boi, HOA BINH, Vietnam";"";"62564.27";"4";"36";"8.0";"CLP";"2026-02-16"
"Vietnam";"Dong Hoi";"Excursión a las cuevas de Phong Nha";"https://www.civitatis.com/es/dong-hoi/excursion-cuevas-phong-nha/";"Viet Hair Import Export Trading Company Limited";"amigostours.hoian@gmail.com";"0918534523";"VIET HAIR IMPORT EXPORT TRADING COMPANY LIMITED | Tu Son - Kim Boi, HOA BINH, Vietnam";"";"51188.94";"3";"27";"8.0";"CLP";"2026-02-16"
"Vietnam";"Phong Nha";"Excursión a Dark Cave y Paradise Cave";"https://www.civitatis.com/es/phong-nha/excursion-dark-cave-paradise-cave/";"Viet Hair Import Export Trading Company Limited";"amigostours.hoian@gmail.com";"0918534523";"VIET HAIR IMPORT EXPORT TRADING COMPANY LIMITED | Tu Son - Kim Boi, HOA BINH, Vietnam";"";"62564.27";"4";"36";"8.0";"CLP";"2026-02-16"
"Vietnam";"Phong Nha";"Excursión a las cuevas de Phong Nha";"https://www.civitatis.com/es/phong-nha/excursion-cuevas-phong-nha/";"Viet Hair Import Export Trading Company Limited";"amigostours.hoian@gmail.com";"0918534523";"VIET HAIR IMPORT EXPORT TRADING COMPANY LIMITED | Tu Son - Kim Boi, HOA BINH, Vietnam";"";"51188.94";"3";"27";"8.0";"CLP";"2026-02-16"
