"pais";"destino";"actividad";"url_actividad";"operador";"email";"telefono";"direccion";"descripcion";"precio_real";"opiniones";"viajeros";"rating";"moneda";"fecha_scan"
"Tailandia";"Bangkok";"Mercado sobre las vías, mercado flotante y ruinas de Ayutthaya";"https://www.civitatis.com/es/bangkok/excursion-mercados-ruinas-ayutthaya/";"Mundo Nómada";"marcos@toursentailandia.com";"+34 93 242 55 52  -";"MUNDO NOMADA TRAVEL CO.,LTD. | 723 Suphakan Building, B-02, G Floor, Charoennakorn Soi 15A, Klong Ton Sai Klong San, Bangkok, Tailandia";"";"103122.8";"1338";"26242";"9.3";"CLP";"2026-02-24"
"Tailandia";"Bangkok";"Mercado sobre las vías, mercado flotante y ruinas de Ayutthaya";"https://www.civitatis.com/es/bangkok/excursion-mercados-ruinas-ayutthaya/";"Tripguru Thailand";"reservations@thetripguru.com";"+1 254 454 4878";"The Trip Guru Limited | Room36 Entreprenuership Centre, I.T. Street. Level 3, Cyberport 3, 100 Cyberport Road, Pok Fu Lam, China";"";"103122.8";"1338";"26242";"9.3";"CLP";"2026-02-24"
"Tailandia";"Bangkok";"Mercado sobre las vías, mercado flotante y ruinas de Ayutthaya";"https://www.civitatis.com/es/bangkok/excursion-mercados-ruinas-ayutthaya/";"Tu Guia En Tailandia";"civi.tuguia@gmail.com";"+66903241142";"TU GUIA EN TAILANDIA LTD.,PART | Address 111/142 M.5 T. maehia A. muang , Chiangmai , Tailandia";"";"103122.8";"1338";"26242";"9.3";"CLP";"2026-02-24"
"Tailandia";"Bangkok";"Excursión a Ayutthaya";"https://www.civitatis.com/es/bangkok/excursion-ruinas-ayutthaya/";"Mundo Nómada";"marcos@toursentailandia.com";"+34 93 242 55 52  -";"MUNDO NOMADA TRAVEL CO.,LTD. | 723 Suphakan Building, B-02, G Floor, Charoennakorn Soi 15A, Klong Ton Sai Klong San, Bangkok, Tailandia";"";"76605.51";"588";"11820";"9.0";"CLP";"2026-02-24"
"Tailandia";"Bangkok";"Excursión a Ayutthaya";"https://www.civitatis.com/es/bangkok/excursion-ruinas-ayutthaya/";"Tripguru Thailand";"reservations@thetripguru.com";"+1 254 454 4878";"The Trip Guru Limited | Room36 Entreprenuership Centre, I.T. Street. Level 3, Cyberport 3, 100 Cyberport Road, Pok Fu Lam, China";"";"76605.51";"588";"11820";"9.0";"CLP";"2026-02-24"
"Tailandia";"Bangkok";"Excursión al mercado flotante de Bangkok y al mercado sobre la vía con guía";"https://www.civitatis.com/es/bangkok/excursion-mercado-flotante-damnoen-saduak/";"Mundo Nómada";"marcos@toursentailandia.com";"+34 93 242 55 52  -";"MUNDO NOMADA TRAVEL CO.,LTD. | 723 Suphakan Building, B-02, G Floor, Charoennakorn Soi 15A, Klong Ton Sai Klong San, Bangkok, Tailandia";"";"64820.05";"844";"23084";"8.9";"CLP";"2026-02-24"
"Tailandia";"Bangkok";"Excursión al mercado flotante de Bangkok y al mercado sobre la vía con guía";"https://www.civitatis.com/es/bangkok/excursion-mercado-flotante-damnoen-saduak/";"Tu Guia En Tailandia";"civi.tuguia@gmail.com";"+66903241142";"TU GUIA EN TAILANDIA LTD.,PART | Address 111/142 M.5 T. maehia A. muang , Chiangmai , Tailandia";"";"64820.05";"844";"23084";"8.9";"CLP";"2026-02-24"
"Tailandia";"Bangkok";"Excursión al mercado flotante de Bangkok y al mercado sobre la vía con guía";"https://www.civitatis.com/es/bangkok/excursion-mercado-flotante-damnoen-saduak/";"​askdiscovery Tailandia Co. Ltd.";"booking@monkeytravelasia.com";"698126455";"Monkey Travel Asia Co., Ltd | 942/47, Charn Issara Tower 1 Building, Floor G, Rama IV Road, Suriyawong Sub-district, Bang Rak District, Bangkok., Bangkok, Tailandia";"";"64820.05";"844";"23084";"8.9";"CLP";"2026-02-24"
"Tailandia";"Bangkok";"Tour por el Bangkok imprescindible con entradas";"https://www.civitatis.com/es/bangkok/tour-gran-palacio-templos-bangkok/";"Mundo Nómada";"marcos@toursentailandia.com";"+34 93 242 55 52  -";"MUNDO NOMADA TRAVEL CO.,LTD. | 723 Suphakan Building, B-02, G Floor, Charoennakorn Soi 15A, Klong Ton Sai Klong San, Bangkok, Tailandia";"";"73659.14";"638";"11407";"8.9";"CLP";"2026-02-24"
"Tailandia";"Bangkok";"Tour por el Bangkok imprescindible con entradas";"https://www.civitatis.com/es/bangkok/tour-gran-palacio-templos-bangkok/";"Tu Guia En Tailandia";"civi.tuguia@gmail.com";"+66903241142";"TU GUIA EN TAILANDIA LTD.,PART | Address 111/142 M.5 T. maehia A. muang , Chiangmai , Tailandia";"";"73659.14";"638";"11407";"8.9";"CLP";"2026-02-24"
"Tailandia";"Bangkok";"Traslados en Bangkok";"https://www.civitatis.com/es/bangkok/traslados/";"No especificado / Único";"N/A";"N/A";"N/A";"";"21949.95";"1064";"24149";"8.9";"CLP";"2026-02-24"
"Tailandia";"Bangkok";"Mercado sobre las vías y mercado flotante + Gran Palacio y Buda de Esmeralda";"https://www.civitatis.com/es/bangkok/mercado-vias-flotante-gran-palacio/";"Mundo Nómada";"marcos@toursentailandia.com";"+34 93 242 55 52  -";"MUNDO NOMADA TRAVEL CO.,LTD. | 723 Suphakan Building, B-02, G Floor, Charoennakorn Soi 15A, Klong Ton Sai Klong San, Bangkok, Tailandia";"";"109015.54";"44";"921";"9.1";"CLP";"2026-02-24"
"Tailandia";"Bangkok";"Mercado sobre las vías y mercado flotante + Gran Palacio y Buda de Esmeralda";"https://www.civitatis.com/es/bangkok/mercado-vias-flotante-gran-palacio/";"Tu Guia En Tailandia";"civi.tuguia@gmail.com";"+66903241142";"TU GUIA EN TAILANDIA LTD.,PART | Address 111/142 M.5 T. maehia A. muang , Chiangmai , Tailandia";"";"109015.54";"44";"921";"9.1";"CLP";"2026-02-24"
"Tailandia";"Bangkok";"Tour nocturno por Bangkok con paseo en barco";"https://www.civitatis.com/es/bangkok/tour-nocturno-bangkok/";"Mundo Nómada";"marcos@toursentailandia.com";"+34 93 242 55 52  -";"MUNDO NOMADA TRAVEL CO.,LTD. | 723 Suphakan Building, B-02, G Floor, Charoennakorn Soi 15A, Klong Ton Sai Klong San, Bangkok, Tailandia";"";"58927.31";"108";"872";"9.4";"CLP";"2026-02-24"
"Tailandia";"Bangkok";"Entrada al Mahanakhon SkyWalk";"https://www.civitatis.com/es/bangkok/entrada-mahanakhon-skywalk/";"Be My Guest";"natalie.ng@bemyguest.com.sg";"+65 3158 0490";"Bemyguest Pte Ltd | 80 Changi Road, #03-01, The Centropod , Singapur, Singapur";"";"32082.96";"252";"4243";"8.8";"CLP";"2026-02-24"
"Tailandia";"Bangkok";"Tour privado por Bangkok";"https://www.civitatis.com/es/bangkok/visita-guiada-bangkok/";"Mundo Nómada";"marcos@toursentailandia.com";"+34 93 242 55 52  -";"MUNDO NOMADA TRAVEL CO.,LTD. | 723 Suphakan Building, B-02, G Floor, Charoennakorn Soi 15A, Klong Ton Sai Klong San, Bangkok, Tailandia";"";"294636.59";"208";"5236";"9.4";"CLP";"2026-02-24"
"Tailandia";"Bangkok";"Tour privado por Bangkok";"https://www.civitatis.com/es/bangkok/visita-guiada-bangkok/";"Travel Thailand With Us";"care.ttwu@gmail.com";"+660988043770";"TTWU Company Limited | 127, Moo 2, Ban Yod, Nan, Song Kaew Sub district, Nan, Song Kaew Sub district, Tailandia";"";"294636.59";"208";"5236";"9.4";"CLP";"2026-02-24"
"Tailandia";"Bangkok";"Excursión con audioguía al mercado flotante de Bangkok y al mercado sobre la vía";"https://www.civitatis.com/es/bangkok/excursion-mercado-flotante-via-audioguia/";"Tripza Sightseeing";"info@bangkok-sightseeing.com";"+6621500510";"TRIPZA Co., Ltd. | 306 Soi Luenrit, Chakkrawat,, Bangkok, Tailandia";"";"26517.29";"2";"58";"9.0";"CLP";"2026-02-24"
"Tailandia";"Bangkok";"Excursión con audioguía al mercado flotante de Bangkok y al mercado sobre la vía";"https://www.civitatis.com/es/bangkok/excursion-mercado-flotante-via-audioguia/";"​askdiscovery Tailandia Co. Ltd.";"booking@monkeytravelasia.com";"698126455";"Monkey Travel Asia Co., Ltd | 942/47, Charn Issara Tower 1 Building, Floor G, Rama IV Road, Suriyawong Sub-district, Bang Rak District, Bangkok., Bangkok, Tailandia";"";"26517.29";"2";"58";"9.0";"CLP";"2026-02-24"
"Tailandia";"Bangkok";"Espectáculo de Muay Thai Boxing";"https://www.civitatis.com/es/bangkok/espectaculo-muay-thai-live/";"Global Sport Ventures Co., Ltd.";"rsvn@gsv.co.th";"0827230664";"Global Sport Ventures Co., Ltd. | Plan B Tower, 15th floor, New Petchaburi, Bangkok, Tailandia";"";"73659.14";"58";"2289";"9.1";"CLP";"2026-02-24"
"Tailandia";"Bangkok";"Tour gastronómico nocturno en tuk tuk";"https://www.civitatis.com/es/bangkok/tour-gastronomico-tuk-tuk/";"Bangkok Food Tours";"info@bangkokfoodtours.com";"+66 0 959 439 222";"Navatas Hospitality Co., Ltd. | 203 Sihaburanukit Road, Minburi, Bangkok, Thailand 10510, Bangkok, Tailandia";"";"73659.14";"142";"1416";"9.4";"CLP";"2026-02-24"
"Tailandia";"Bangkok";"Crucero con cena por el río Chao Phraya";"https://www.civitatis.com/es/bangkok/crucero-cena-bangkok/";"​askdiscovery Tailandia Co. Ltd.";"booking@monkeytravelasia.com";"698126455";"Monkey Travel Asia Co., Ltd | 942/47, Charn Issara Tower 1 Building, Floor G, Rama IV Road, Suriyawong Sub-district, Bang Rak District, Bangkok., Bangkok, Tailandia";"";"61430.3";"196";"2683";"7.9";"CLP";"2026-02-24"
"Tailandia";"Bangkok";"Tailandia al completo en 11 días";"https://www.civitatis.com/es/bangkok/circuito-tailandia-11-dias/";"Mundo Nómada";"marcos@toursentailandia.com";"+34 93 242 55 52  -";"MUNDO NOMADA TRAVEL CO.,LTD. | 723 Suphakan Building, B-02, G Floor, Charoennakorn Soi 15A, Klong Ton Sai Klong San, Bangkok, Tailandia";"";"1493807.55";"42";"887";"9.3";"CLP";"2026-02-24"
"Tailandia";"Bangkok";"Tour en bicicleta por Bangkok";"https://www.civitatis.com/es/bangkok/tour-bicicleta-bangkok/";"Candbikebangkoktours";"prayuthkrub@gmail.com";"0968913347";"Prayut Tinnakron | 111 Phayaban Thahanrua 15 alley, Bangkok, Tailandia";"";"22097.74";"56";"452";"9.5";"CLP";"2026-02-24"
"Tailandia";"Bangkok";"Cena en el Baiyoke Sky Hotel";"https://www.civitatis.com/es/bangkok/cena-sky-hotel-bangkok/";"Globaltix Pte Ltd";"enquiry@globaltix.com";"+65 88287595";"GlobalTix Pte. Ltd. | 11 Bishan Street 21, #03-04 (Bosch Building) Singapore, Singapur, Singapur";"";"27000.51";"309";"3574";"7.7";"CLP";"2026-02-24"
"Tailandia";"Bangkok";"Tour en tuk tuk por Bangkok";"https://www.civitatis.com/es/bangkok/tour-tuk-tuk-bangkok/";"Wandersiam";"tours@wandersiam.com";"+66-99-3544046";"WanderSiam Company Limited | 111/84 M.6 Klongkum Buengkum Bangkok 10240hlongkum, Buengkum, Bangkok, Bangkok, Tailandia";"";"25928.02";"54";"512";"8.6";"CLP";"2026-02-24"
"Tailandia";"Bangkok";"Paseo en barco por los canales de Bangkok + Big Buda";"https://www.civitatis.com/es/bangkok/barco-canales-bangkok-big-buda/";"Wandersiam";"tours@wandersiam.com";"+66-99-3544046";"WanderSiam Company Limited | 111/84 M.6 Klongkum Buengkum Bangkok 10240hlongkum, Buengkum, Bangkok, Bangkok, Tailandia";"";"27106.56";"55";"700";"8.2";"CLP";"2026-02-24"
"Tailandia";"Bangkok";"Barco turístico de Bangkok";"https://www.civitatis.com/es/bangkok/barco-turistico-bangkok/";"Chao Phraya Tourist Boat";"qwanratn@chaophrayatouristboat.com";"+66867756578";"Chao Phraya Tourist Boat Co., Ltd | 1/11 Trok Mahathat, Maharaj Road, Phra Nakhon,, Bangkok, Tailandia";"";"4419.54";"34";"1018";"8.2";"CLP";"2026-02-24"
"Tailandia";"Bangkok";"Excursión privada desde Bangkok";"https://www.civitatis.com/es/bangkok/excursion-privada-bangkok/";"Mundo Nómada";"marcos@toursentailandia.com";"+34 93 242 55 52  -";"MUNDO NOMADA TRAVEL CO.,LTD. | 723 Suphakan Building, B-02, G Floor, Charoennakorn Soi 15A, Klong Ton Sai Klong San, Bangkok, Tailandia";"";"200352.88";"86";"1246";"9.5";"CLP";"2026-02-24"
"Tailandia";"Bangkok";"Tour por el Gran Palacio y el templo del Buda Esmeralda";"https://www.civitatis.com/es/bangkok/gran-palacio-templo-buda-esmeralda/";"Tu Guia En Tailandia";"civi.tuguia@gmail.com";"+66903241142";"TU GUIA EN TAILANDIA LTD.,PART | Address 111/142 M.5 T. maehia A. muang , Chiangmai , Tailandia";"";"44195.48";"82";"1450";"7.3";"CLP";"2026-02-24"
"Tailandia";"Bangkok";"Mercado flotante de Amphawa + Templos del Dragón y de las Raíces";"https://www.civitatis.com/es/bangkok/mercado-amphawa-templos-dragon-raices/";"Tu Guia En Tailandia";"civi.tuguia@gmail.com";"+66903241142";"TU GUIA EN TAILANDIA LTD.,PART | Address 111/142 M.5 T. maehia A. muang , Chiangmai , Tailandia";"";"88390.97";"0";"61";"0.0";"CLP";"2026-02-24"
"Tailandia";"Bangkok";"Excursión a Pattaya Beach y Ko Lan";"https://www.civitatis.com/es/bangkok/excursion-pattaya-beach-ko-lan/";"Tripguru Thailand";"reservations@thetripguru.com";"+1 254 454 4878";"The Trip Guru Limited | Room36 Entreprenuership Centre, I.T. Street. Level 3, Cyberport 3, 100 Cyberport Road, Pok Fu Lam, China";"";"66764.45";"53";"532";"7.6";"CLP";"2026-02-24"
"Tailandia";"Bangkok";"Excursión al parque de Khao Yai";"https://www.civitatis.com/es/bangkok/excursion-parque-khao-yai/";"Tripguru Thailand";"reservations@thetripguru.com";"+1 254 454 4878";"The Trip Guru Limited | Room36 Entreprenuership Centre, I.T. Street. Level 3, Cyberport 3, 100 Cyberport Road, Pok Fu Lam, China";"";"68593.62";"31";"273";"9.0";"CLP";"2026-02-24"
"Tailandia";"Bangkok";"Tour de arte urbano por Bangkok";"https://www.civitatis.com/es/bangkok/tour-arte-urbano-bangkok/";"Tu Guia En Tailandia";"civi.tuguia@gmail.com";"+66903241142";"TU GUIA EN TAILANDIA LTD.,PART | Address 111/142 M.5 T. maehia A. muang , Chiangmai , Tailandia";"";"14731.82";"1";"20";"10.0";"CLP";"2026-02-24"
"Tailandia";"Bangkok";"Entrada al mirador del Baiyoke Sky Hotel";"https://www.civitatis.com/es/bangkok/entrada-mirador-baiyoke-sky-hotel/";"Globaltix Pte Ltd";"enquiry@globaltix.com";"+65 88287595";"GlobalTix Pte. Ltd. | 11 Bishan Street 21, #03-04 (Bosch Building) Singapore, Singapur, Singapur";"";"12706.12";"6";"69";"8.7";"CLP";"2026-02-24"
"Tailandia";"Bangkok";"Autobús turístico de Bangkok";"https://www.civitatis.com/es/bangkok/autobus-turistico-bangkok/";"City Sightseeing Usd";"bookings@city-sightseeing.com";"+44 0 1789 299123";"City Sightseeing Ltd | Suite 8 Floor 3 Grosvenor House Redditch, Worcestershire, Reino Unido";"";"24236.41";"67";"955";"7.0";"CLP";"2026-02-24"
"Tailandia";"Bangkok";"Circuito de 5 días desde Bangkok hasta Chiang Mai";"https://www.civitatis.com/es/bangkok/circuito-5-dias-bangkok-chiang-mai/";"Mundo Nómada";"marcos@toursentailandia.com";"+34 93 242 55 52  -";"MUNDO NOMADA TRAVEL CO.,LTD. | 723 Suphakan Building, B-02, G Floor, Charoennakorn Soi 15A, Klong Ton Sai Klong San, Bangkok, Tailandia";"";"1040067.19";"21";"212";"9.5";"CLP";"2026-02-24"
"Tailandia";"Bangkok";"Bangkok, Chiang Rai y Chiang Mai en 8 días";"https://www.civitatis.com/es/bangkok/tailandia-cultural-completo-8-dias/";"Mundo Nómada";"marcos@toursentailandia.com";"+34 93 242 55 52  -";"MUNDO NOMADA TRAVEL CO.,LTD. | 723 Suphakan Building, B-02, G Floor, Charoennakorn Soi 15A, Klong Ton Sai Klong San, Bangkok, Tailandia";"";"1125511.81";"19";"147";"9.7";"CLP";"2026-02-24"
"Tailandia";"Bangkok";"Tour gastronómico por Bangkok";"https://www.civitatis.com/es/bangkok/tour-gastronomico-chinatown/";"Tu Guia En Tailandia";"civi.tuguia@gmail.com";"+66903241142";"TU GUIA EN TAILANDIA LTD.,PART | Address 111/142 M.5 T. maehia A. muang , Chiangmai , Tailandia";"";"44195.48";"14";"139";"8.6";"CLP";"2026-02-24"
"Tailandia";"Bangkok";"Tour nocturno por Bangkok con visita al Mercado de las Flores";"https://www.civitatis.com/es/bangkok/tour-nocturno-bangkok-mercado-flores/";"Tu Guia En Tailandia";"civi.tuguia@gmail.com";"+66903241142";"TU GUIA EN TAILANDIA LTD.,PART | Address 111/142 M.5 T. maehia A. muang , Chiangmai , Tailandia";"";"67766.41";"12";"104";"8.7";"CLP";"2026-02-24"
"Tailandia";"Bangkok";"Tour privado por Bangkok para cruceros";"https://www.civitatis.com/es/bangkok/tour-bangkok-cruceros/";"Tu Guia En Tailandia";"civi.tuguia@gmail.com";"+66903241142";"TU GUIA EN TAILANDIA LTD.,PART | Address 111/142 M.5 T. maehia A. muang , Chiangmai , Tailandia";"";"456686.72";"3";"156";"8.7";"CLP";"2026-02-24"
"Tailandia";"Bangkok";"Tour de 3 días por Kanchanaburi, Erawan y Ayutthaya";"https://www.civitatis.com/es/bangkok/tour-2-dias-kanchanaburi-erawan/";"Mundo Nómada";"marcos@toursentailandia.com";"+34 93 242 55 52  -";"MUNDO NOMADA TRAVEL CO.,LTD. | 723 Suphakan Building, B-02, G Floor, Charoennakorn Soi 15A, Klong Ton Sai Klong San, Bangkok, Tailandia";"";"612844.12";"0";"94";"0.0";"CLP";"2026-02-24"
"Tailandia";"Bangkok";"Excursión al Mercado Flotante de Damuan Saduak y el río Kwai";"https://www.civitatis.com/es/bangkok/mercado-flotante-damuan-saduak-rio-kwai/";"Asia Travel And Estate Co.,ltd.";"rsv@asiatravelestate.com";"+66919186497";"Asia Travel and estate Co.,Ltd. | 35/4 Soi Ratchadaphisek 32, Bangkok, Tailandia";"";"86610.88";"6";"100";"6.3";"CLP";"2026-02-24"
"Tailandia";"Bangkok";"Tour privado por el Mercado de las Flores";"https://www.civitatis.com/es/bangkok/tour-mercado-flores/";"Thailand Insight Travel";"hello@thistravel.net";"+66896808685";"Thailand Insight Travel (by Mr. Theeradej Suabtrirat) | 71  Sukhapiban 2 Road, Dok Mai, Prawet, Bangkok, Tailandia";"";"134265.89";"0";"72";"0.0";"CLP";"2026-02-24"
"Tailandia";"Bangkok";"Clase de Muay Thai en Bangkok";"https://www.civitatis.com/es/bangkok/clase-muay-thai-bangkok/";"Khongsittha Muay Thai";"dunk@kstmuaythai.com";"0878009456";"Khongsittha Co., Ltd | 23 Sukhonthasawat Road, Ladphrao, Ladphrao, Bangkok, Tailandia";"";"37566.16";"5";"31";"9.2";"CLP";"2026-02-24"
"Tailandia";"Bangkok";"Pub Crawl ¡Tour de fiesta por Bangkok!";"https://www.civitatis.com/es/bangkok/pub-crawl-bangkok/";"Pub Crawls Thailand";"wstravelgroup@gmail.com";"0863276184";"T.G holdings | No.90 Airport Business Park Building (Building A), Mahidol Road, Hai Ya, Mueang Chiang Mai, Chiang Mai Province 50100, No.90, Chiang Mai, Tailandia";"";"21876.76";"5";"110";"4.8";"CLP";"2026-02-24"
"Tailandia";"Chiang Mai";"Excursión a Chiang Rai con guía: templos Blanco y Azul";"https://www.civitatis.com/es/chiang-mai/excursion-chiang-rai/";"Tu Guia En Tailandia";"civi.tuguia@gmail.com";"+66903241142";"TU GUIA EN TAILANDIA LTD.,PART | Address 111/142 M.5 T. maehia A. muang , Chiangmai , Tailandia";"";"103122.8";"692";"24620";"9.2";"CLP";"2026-02-24"
"Tailandia";"Chiang Mai";"Excursión a Chiang Rai con guía: templos Blanco y Azul";"https://www.civitatis.com/es/chiang-mai/excursion-chiang-rai/";"Tripguru Thailand";"reservations@thetripguru.com";"+1 254 454 4878";"The Trip Guru Limited | Room36 Entreprenuership Centre, I.T. Street. Level 3, Cyberport 3, 100 Cyberport Road, Pok Fu Lam, China";"";"103122.8";"692";"24620";"9.2";"CLP";"2026-02-24"
"Tailandia";"Chiang Mai";"Oferta: Excursión al santuario de elefantes + Doi Inthanon";"https://www.civitatis.com/es/chiang-mai/santuario-elefantes-doi-inthanon/";"Tu Guia En Tailandia";"civi.tuguia@gmail.com";"+66903241142";"TU GUIA EN TAILANDIA LTD.,PART | Address 111/142 M.5 T. maehia A. muang , Chiangmai , Tailandia";"";"103122.8";"99";"1474";"9.3";"CLP";"2026-02-24"
"Tailandia";"Chiang Mai";"Excursión al santuario de elefantes";"https://www.civitatis.com/es/chiang-mai/excursion-santuario-elefantes-chiang-mai/";"Elephant Jungle Sanctuary Co.,ltd   (Chiang Mai)";"elephant.ejs@gmail.com";"+66-053-273415";"Elephant Jungle Sanctuary Co., Ltd. | 119/10 Thapae Road, Changklan Sub-District, Muang Chiang Mai District,, Chiang Mai, Tailandia";"";"55980.95";"604";"9094";"9.1";"CLP";"2026-02-24"
"Tailandia";"Chiang Mai";"Excursión a una protectora de elefantes";"https://www.civitatis.com/es/chiang-mai/excursion-refugio-elefantes/";"El Norte De Tailandia";"info@elnortedetailandia.com";"+66996162047";"Elephant camp 2018 (Thailand) | 54 RACHAMANKA SOI 6, Chiang Mai, Tailandia";"";"89020.06";"225";"2483";"9.6";"CLP";"2026-02-24"
"Tailandia";"Chiang Mai";"Excursión a Doi Inthanon";"https://www.civitatis.com/es/chiang-mai/excursion-doi-inthanon/";"Tripguru Thailand";"reservations@thetripguru.com";"+1 254 454 4878";"The Trip Guru Limited | Room36 Entreprenuership Centre, I.T. Street. Level 3, Cyberport 3, 100 Cyberport Road, Pok Fu Lam, China";"";"50301.98";"179";"2124";"8.6";"CLP";"2026-02-24"
"Tailandia";"Chiang Mai";"Free tour por Chiang Mai";"https://www.civitatis.com/es/chiang-mai/free-tour-chiang-mai/";"Tu Guia En Tailandia";"civi.tuguia@gmail.com";"+66903241142";"TU GUIA EN TAILANDIA LTD.,PART | Address 111/142 M.5 T. maehia A. muang , Chiangmai , Tailandia";"";"0.0";"867";"21174";"8.4";"CLP";"2026-02-24"
"Tailandia";"Chiang Mai";"Traslados en Chiang Mai";"https://www.civitatis.com/es/chiang-mai/traslados/";"No especificado / Único";"N/A";"N/A";"N/A";"";"20733.56";"105";"5553";"8.5";"CLP";"2026-02-24"
"Tailandia";"Chiang Mai";"Tour por los templos de Chiang Mai";"https://www.civitatis.com/es/chiang-mai/tour-templos-chiang-mai/";"Mundo Nómada";"marcos@toursentailandia.com";"+34 93 242 55 52  -";"MUNDO NOMADA TRAVEL CO.,LTD. | 723 Suphakan Building, B-02, G Floor, Charoennakorn Soi 15A, Klong Ton Sai Klong San, Bangkok, Tailandia";"";"67766.41";"77";"1083";"9.3";"CLP";"2026-02-24"
"Tailandia";"Chiang Mai";"Tour por los templos de Chiang Mai";"https://www.civitatis.com/es/chiang-mai/tour-templos-chiang-mai/";"Temple Of Elephants";"paloma@templeofelephants.com";"+660917788825";"Temple of Elephants Co., Ltd. | 132/45 Thiraya Village No. 6, Mae Khue Subdistrict, Doi Saket District, Chiang Mai, Tailandia";"";"67766.41";"77";"1083";"9.3";"CLP";"2026-02-24"
"Tailandia";"Chiang Mai";"Tour por Doi Suthep al atardecer";"https://www.civitatis.com/es/chiang-mai/tour-doi-suthep-atardecer/";"Tu Guia En Tailandia";"civi.tuguia@gmail.com";"+66903241142";"TU GUIA EN TAILANDIA LTD.,PART | Address 111/142 M.5 T. maehia A. muang , Chiangmai , Tailandia";"";"36829.57";"107";"1988";"8.4";"CLP";"2026-02-24"
"Tailandia";"Chiang Mai";"Tour por Doi Suthep al atardecer";"https://www.civitatis.com/es/chiang-mai/tour-doi-suthep-atardecer/";"Tripguru Thailand";"reservations@thetripguru.com";"+1 254 454 4878";"The Trip Guru Limited | Room36 Entreprenuership Centre, I.T. Street. Level 3, Cyberport 3, 100 Cyberport Road, Pok Fu Lam, China";"";"36829.57";"107";"1988";"8.4";"CLP";"2026-02-24"
"Tailandia";"Chiang Mai";"Excursión privada a Chiang Rai y el Triángulo de Oro";"https://www.civitatis.com/es/chiang-mai/excursion-chiang-rai-triangulo-oro/";"Guía Bee Warunee Chidmit";"abeja.bee@gmail.com";"+66 818815412";"Miss Warunee Chidmit | Chiang Mai, Chiang Mai, Tailandia";"";"349880.96";"55";"5123";"9.2";"CLP";"2026-02-24"
"Tailandia";"Chiang Mai";"Excursión privada a Chiang Rai y el Triángulo de Oro";"https://www.civitatis.com/es/chiang-mai/excursion-chiang-rai-triangulo-oro/";"Tu Guia En Tailandia";"civi.tuguia@gmail.com";"+66903241142";"TU GUIA EN TAILANDIA LTD.,PART | Address 111/142 M.5 T. maehia A. muang , Chiangmai , Tailandia";"";"349880.96";"55";"5123";"9.2";"CLP";"2026-02-24"
"Tailandia";"Chiang Mai";"Clase de cocina tailandesa";"https://www.civitatis.com/es/chiang-mai/clase-cocina-tailandesa/";"Naidee Assets Co.,ltd";"fc@grandmasvillagefarm.com";"+66828509999";"Naidee Assets Company Limited | 172/7 Moo 8, Saraphi Saraphi, Chiangmai, Tailandia";"";"35061.75";"61";"586";"9.6";"CLP";"2026-02-24"
"Tailandia";"Chiang Mai";"Tirolina en Chiang Mai";"https://www.civitatis.com/es/chiang-mai/tirolina-chiang-mai/";"Thrilling Thai Tours";"thrillingthaitours@gmail.com";"+66943141609";"Thrilling Thai Tours Co.,Ltd. | 16/8 Moo 3 Chalong sub-district , Muang Phuket district, 83130 Phuket Province, Bangkok, Tailandia";"";"54783.43";"18";"156";"9.0";"CLP";"2026-02-24"
"Tailandia";"Chiang Mai";"Tour privado por los templos de Chiang Mai";"https://www.civitatis.com/es/chiang-mai/excursion-templos-chiang-mai/";"Guía Bee Warunee Chidmit";"abeja.bee@gmail.com";"+66 818815412";"Miss Warunee Chidmit | Chiang Mai, Chiang Mai, Tailandia";"";"265172.93";"31";"1744";"9.4";"CLP";"2026-02-24"
"Tailandia";"Chiang Mai";"Tour privado por los templos de Chiang Mai";"https://www.civitatis.com/es/chiang-mai/excursion-templos-chiang-mai/";"Temple Of Elephants";"paloma@templeofelephants.com";"+660917788825";"Temple of Elephants Co., Ltd. | 132/45 Thiraya Village No. 6, Mae Khue Subdistrict, Doi Saket District, Chiang Mai, Tailandia";"";"265172.93";"31";"1744";"9.4";"CLP";"2026-02-24"
"Tailandia";"Chiang Mai";"Masaje tailandés en Chiang Mai";"https://www.civitatis.com/es/chiang-mai/masaje-tailandes-tradicional/";"Fah Lanna Spa";"fahlannaspa@gmail.com";"053416191";"Fah Suvarnabhumi Co., Ltd. | 57,57/1 Jhaban Road, Sripoom, A. Muang, Chiang Mai, Tailandia";"";"23570.92";"51";"497";"9.8";"CLP";"2026-02-24"
"Tailandia";"Chiang Mai";"Excursión privada a Doi Inthanon";"https://www.civitatis.com/es/chiang-mai/excursion-privada-doi-inthanon/";"Guía Bee Warunee Chidmit";"abeja.bee@gmail.com";"+66 818815412";"Miss Warunee Chidmit | Chiang Mai, Chiang Mai, Tailandia";"";"331466.17";"21";"768";"9.0";"CLP";"2026-02-24"
"Tailandia";"Chiang Mai";"Espectáculo de cabaret Siam Dragon";"https://www.civitatis.com/es/chiang-mai/espectaculo-cabaret-siam-dragon/";"Siam Dragon Cabaret Show";"weeraphon@siamdragonshow.com";"0996494799";"Siam Show Entertainment Co.,Ltd. | 12 Huaykaew Rd.,, Chiang Mai, Tailandia";"";"21213.83";"13";"143";"7.8";"CLP";"2026-02-24"
"Tailandia";"Chiang Mai";"Tour privado por Doi Suthep y Wat Pha Lat";"https://www.civitatis.com/es/chiang-mai/privado-doi-suthep-wat-pha-lat/";"Tripguru Thailand";"reservations@thetripguru.com";"+1 254 454 4878";"The Trip Guru Limited | Room36 Entreprenuership Centre, I.T. Street. Level 3, Cyberport 3, 100 Cyberport Road, Pok Fu Lam, China";"";"137187.24";"10";"123";"5.6";"CLP";"2026-02-24"
"Tailandia";"Chiang Mai";"Boda tailandesa ¡Cásate con el rito tradicional!";"https://www.civitatis.com/es/chiang-mai/boda-tailandesa/";"Mundo Nómada";"marcos@toursentailandia.com";"+34 93 242 55 52  -";"MUNDO NOMADA TRAVEL CO.,LTD. | 723 Suphakan Building, B-02, G Floor, Charoennakorn Soi 15A, Klong Ton Sai Klong San, Bangkok, Tailandia";"";"586326.83";"7";"58";"9.4";"CLP";"2026-02-24"
"Tailandia";"Chiang Mai";"Tour gastronómico por Chiang Mai";"https://www.civitatis.com/es/chiang-mai/tour-gastronomico-chiang-mai/";"Tu Guia En Tailandia";"civi.tuguia@gmail.com";"+66903241142";"TU GUIA EN TAILANDIA LTD.,PART | Address 111/142 M.5 T. maehia A. muang , Chiangmai , Tailandia";"";"36829.57";"6";"30";"9.0";"CLP";"2026-02-24"
"Tailandia";"Chiang Mai";"Excursión privada a Pai";"https://www.civitatis.com/es/chiang-mai/excursion-privada-pai/";"Tu Guia En Tailandia";"civi.tuguia@gmail.com";"+66903241142";"TU GUIA EN TAILANDIA LTD.,PART | Address 111/142 M.5 T. maehia A. muang , Chiangmai , Tailandia";"";"300529.33";"0";"36";"0.0";"CLP";"2026-02-24"
"Tailandia";"Chiang Mai";"Excursión a Chiang Rai con audioguía: templos Blanco, Azul y Huay Pla Kang";"https://www.civitatis.com/es/chiang-mai/excursion-chiang-rai-templos/";"​askdiscovery Tailandia Co. Ltd.";"booking@monkeytravelasia.com";"698126455";"Monkey Travel Asia Co., Ltd | 942/47, Charn Issara Tower 1 Building, Floor G, Rama IV Road, Suriyawong Sub-district, Bang Rak District, Bangkok., Bangkok, Tailandia";"";"37720.36";"0";"0";"0.0";"CLP";"2026-02-24"
"Tailandia";"Phuket";"Excursión a las islas Phi Phi en lancha rápida";"https://www.civitatis.com/es/phuket/excursion-phi-phi-khai/";"Tu Guia En Tailandia";"civi.tuguia@gmail.com";"+66903241142";"TU GUIA EN TAILANDIA LTD.,PART | Address 111/142 M.5 T. maehia A. muang , Chiangmai , Tailandia";"";"114908.27";"541";"6472";"9.0";"CLP";"2026-02-24"
"Tailandia";"Phuket";"Excursión privada desde Phuket en lancha rápida";"https://www.civitatis.com/es/phuket/excusion-privada-phuket-lancha-rapida/";"5 Star Marine";"more@5starmarinephuket.com";"+66 649457357";"5 Star Marine CO. LTD. | 73, 20, Ko Kaeo, Mueang Phuket District, Phuket 83000, Thailand, Phuket, Tailandia";"";"636415.05";"0";"201";"0.0";"CLP";"2026-02-24"
"Tailandia";"Phuket";"Isla James Bond + Cueva de los Monos";"https://www.civitatis.com/es/phuket/isla-james-bond-cueva-monos/";"Thrilling Thai Tours";"thrillingthaitours@gmail.com";"+66943141609";"Thrilling Thai Tours Co.,Ltd. | 16/8 Moo 3 Chalong sub-district , Muang Phuket district, 83130 Phuket Province, Bangkok, Tailandia";"";"47741.16";"185";"2232";"8.7";"CLP";"2026-02-24"
"Tailandia";"Phuket";"Excursión a las islas de Krabi + Snorkel";"https://www.civitatis.com/es/phuket/excursion-islas-krabi-snorkel/";"Tu Guia En Tailandia";"civi.tuguia@gmail.com";"+66903241142";"TU GUIA EN TAILANDIA LTD.,PART | Address 111/142 M.5 T. maehia A. muang , Chiangmai , Tailandia";"";"120801.0";"45";"467";"8.9";"CLP";"2026-02-24"
"Tailandia";"Phuket";"Excursión a la isla de James Bond en lancha rápida";"https://www.civitatis.com/es/phuket/excursion-isla-james-bond/";"Tu Guia En Tailandia";"civi.tuguia@gmail.com";"+66903241142";"TU GUIA EN TAILANDIA LTD.,PART | Address 111/142 M.5 T. maehia A. muang , Chiangmai , Tailandia";"";"114908.27";"222";"3464";"9.1";"CLP";"2026-02-24"
"Tailandia";"Phuket";"Excursión a la isla de James Bond en lancha rápida";"https://www.civitatis.com/es/phuket/excursion-isla-james-bond/";"Amazing Canoeing Co., Ltd.";"info@amazingcanoeing.com";"+66954245382";"Amazing Canoeing Co., Ltd. | Phuket Boat Lagoon Marina 20/28, T. Koh Kaew, A. Muang, Phuket, Tailandia";"";"114908.27";"222";"3464";"9.1";"CLP";"2026-02-24"
"Tailandia";"Phuket";"Traslados en Phuket";"https://www.civitatis.com/es/phuket/traslados/";"No especificado / Único";"N/A";"N/A";"N/A";"";"27437.44";"269";"8157";"9.2";"CLP";"2026-02-24"
"Tailandia";"Phuket";"Ferry a las islas Phi Phi";"https://www.civitatis.com/es/phuket/ferry-islas-phi-phi/";"Chaokoh Group";"am_a_muslim@hotmail.com";"+66098-0172564";"CHAOKOH CORPORATION GROUP CO., LDT | 157 MO0.7 AONANG MUANG KRABI, Krabi, Tailandia";"";"17678.19";"27";"1007";"7.5";"CLP";"2026-02-24"
"Tailandia";"Phuket";"Tour por la Isla de Raya + Snorkel";"https://www.civitatis.com/es/phuket/tour-isla-raya-snorkel/";"Thrilling Thai Tours";"thrillingthaitours@gmail.com";"+66943141609";"Thrilling Thai Tours Co.,Ltd. | 16/8 Moo 3 Chalong sub-district , Muang Phuket district, 83130 Phuket Province, Bangkok, Tailandia";"";"47558.24";"18";"213";"8.1";"CLP";"2026-02-24"
"Tailandia";"Phuket";"Excursión a las islas Mai Thon, Racha y Coral";"https://www.civitatis.com/es/phuket/excursion-mai-thon-racha-coral/";"Oh-Hoo Travel";"ohhootravel@gmail.com";"6675630618";"Siam Scape Journeys Co., Ltd | 73/1 Uttarakit Road, Pak Nam, Mueang Krabi, Krabi, Tailandia";"";"50522.81";"38";"467";"5.4";"CLP";"2026-02-24"
"Tailandia";"Phuket";"Excursión al Jungle Elephant Sanctuary";"https://www.civitatis.com/es/phuket/excursion-phang-nga-elephant-park/";"Elephant Jungle Sanctuary Co.,ltd   (Phuket)";"ejsinphuket@gmail.com";"+66946636592";"Elephant Jungle Sanctuary Phuket Co., Ltd. | 148/44 Moo.7 Kathu, Kathu, Phuket 83000, Phuket, Tailandia";"";"85444.61";"125";"2334";"9.5";"CLP";"2026-02-24"
"Tailandia";"Phuket";"Crucero por las islas Phi Phi";"https://www.civitatis.com/es/phuket/crucero-islas-phi-phi/";"Oh-Hoo Travel";"ohhootravel@gmail.com";"6675630618";"Siam Scape Journeys Co., Ltd | 73/1 Uttarakit Road, Pak Nam, Mueang Krabi, Krabi, Tailandia";"";"50524.28";"56";"1432";"6.0";"CLP";"2026-02-24"
"Tailandia";"Phuket";"Snorkel en las islas Similan";"https://www.civitatis.com/es/phuket/snorkel-islas-similan/";"Tu Guia En Tailandia";"civi.tuguia@gmail.com";"+66903241142";"TU GUIA EN TAILANDIA LTD.,PART | Address 111/142 M.5 T. maehia A. muang , Chiangmai , Tailandia";"";"126693.73";"4";"247";"9.0";"CLP";"2026-02-24"
"Tailandia";"Phuket";"Tour en quad por Phuket";"https://www.civitatis.com/es/phuket/tour-quad-phuket/";"Oh-Hoo Travel";"ohhootravel@gmail.com";"6675630618";"Siam Scape Journeys Co., Ltd | 73/1 Uttarakit Road, Pak Nam, Mueang Krabi, Krabi, Tailandia";"";"65680.98";"30";"445";"9.2";"CLP";"2026-02-24"
"Tailandia";"Phuket";"Excursión a Coral Island en lancha rápida";"https://www.civitatis.com/es/phuket/snorkel-coral-island/";"Oh-Hoo Travel";"ohhootravel@gmail.com";"6675630618";"Siam Scape Journeys Co., Ltd | 73/1 Uttarakit Road, Pak Nam, Mueang Krabi, Krabi, Tailandia";"";"46538.73";"35";"510";"7.0";"CLP";"2026-02-24"
"Tailandia";"Phuket";"Excursión a la isla de James Bond en barco";"https://www.civitatis.com/es/phuket/excursion-barco-isla-james-bond/";"Amazing Canoeing Co., Ltd.";"info@amazingcanoeing.com";"+66954245382";"Amazing Canoeing Co., Ltd. | Phuket Boat Lagoon Marina 20/28, T. Koh Kaew, A. Muang, Phuket, Tailandia";"";"79551.88";"96";"1060";"8.6";"CLP";"2026-02-24"
"Tailandia";"Phuket";"Tour privado por Phuket";"https://www.civitatis.com/es/phuket/tour-privado-phuket/";"Tu Guia En Tailandia";"civi.tuguia@gmail.com";"+66903241142";"TU GUIA EN TAILANDIA LTD.,PART | Address 111/142 M.5 T. maehia A. muang , Chiangmai , Tailandia";"";"247494.74";"30";"706";"9.2";"CLP";"2026-02-24"
"Tailandia";"Phuket";"Excursión a la isla de James Bond y Krabi";"https://www.civitatis.com/es/phuket/excursion-james-bond-krabi/";"Amazing Canoeing Co., Ltd.";"info@amazingcanoeing.com";"+66954245382";"Amazing Canoeing Co., Ltd. | Phuket Boat Lagoon Marina 20/28, T. Koh Kaew, A. Muang, Phuket, Tailandia";"";"176781.95";"21";"432";"9.2";"CLP";"2026-02-24"
"Tailandia";"Phuket";"Paseo en balsa de bambú por el río Song Phreak";"https://www.civitatis.com/es/phuket/balsa-bambu-rio-song-phreak/";"Oh-Hoo Travel";"ohhootravel@gmail.com";"6675630618";"Siam Scape Journeys Co., Ltd | 73/1 Uttarakit Road, Pak Nam, Mueang Krabi, Krabi, Tailandia";"";"56587.61";"25";"300";"6.7";"CLP";"2026-02-24"
"Tailandia";"Phuket";"Excursión a las islas Khai en lancha rápida";"https://www.civitatis.com/es/phuket/excursion-islas-khai-lancha-rapida/";"Thai Adventure Club";"rsvn@thaiadventureclub.com";"+66928877813";"Thai Adventure Club Co., Ltd | 113/255 Moo.7, T.kathu, A.Kathu, Phuket 83120, Phuket, Tailandia";"";"29463.65";"19";"213";"7.5";"CLP";"2026-02-24"
"Tailandia";"Phuket";"Tour de aventura por Phuket";"https://www.civitatis.com/es/phuket/tour-aventura-phuket/";"Thrilling Thai Tours";"thrillingthaitours@gmail.com";"+66943141609";"Thrilling Thai Tours Co.,Ltd. | 16/8 Moo 3 Chalong sub-district , Muang Phuket district, 83130 Phuket Province, Bangkok, Tailandia";"";"43899.91";"11";"150";"6.9";"CLP";"2026-02-24"
"Tailandia";"Phuket";"Buceo en la isla de Racha Yai";"https://www.civitatis.com/es/phuket/buceo-isla-racha-yai/";"Sss Phuket";"janb.san@gmail.com";"+66895869920";"SSS Phuket Limited partnership | 40, 14 Kata Rd, Karon, Muang, Phuket 83100, Phuket, Tailandia";"";"143635.34";"8";"67";"9.8";"CLP";"2026-02-24"
"Tailandia";"Phuket";"Entradas para el Simon Cabaret";"https://www.civitatis.com/es/phuket/entradas-simon-cabaret/";"Be My Guest";"natalie.ng@bemyguest.com.sg";"+65 3158 0490";"Bemyguest Pte Ltd | 80 Changi Road, #03-01, The Centropod , Singapur, Singapur";"";"23823.98";"8";"75";"9.0";"CLP";"2026-02-24"
"Tailandia";"Phuket";"Tirolina en Phuket";"https://www.civitatis.com/es/phuket/tirolina-phuket/";"Thrilling Thai Tours";"thrillingthaitours@gmail.com";"+66943141609";"Thrilling Thai Tours Co.,Ltd. | 16/8 Moo 3 Chalong sub-district , Muang Phuket district, 83130 Phuket Province, Bangkok, Tailandia";"";"55789.47";"0";"20";"0.0";"CLP";"2026-02-24"
"Tailandia";"Phuket";"Excursión a las islas Surin en lancha rápida";"https://www.civitatis.com/es/phuket/excursion-islas-surin/";"Tu Guia En Tailandia";"civi.tuguia@gmail.com";"+66903241142";"TU GUIA EN TAILANDIA LTD.,PART | Address 111/142 M.5 T. maehia A. muang , Chiangmai , Tailandia";"";"120801.0";"2";"20";"9.0";"CLP";"2026-02-24"
"Tailandia";"Phuket";"Rafting en el río Song Phreak";"https://www.civitatis.com/es/phuket/rafting-rio-song-phreak/";"Oh-Hoo Travel";"ohhootravel@gmail.com";"6675630618";"Siam Scape Journeys Co., Ltd | 73/1 Uttarakit Road, Pak Nam, Mueang Krabi, Krabi, Tailandia";"";"48503.66";"4";"29";"6.0";"CLP";"2026-02-24"
"Tailandia";"Phuket";"Paddle surf en Phuket";"https://www.civitatis.com/es/phuket/paddle-surf-phuket/";"Talay Surf";"surf@talaysurf.com";"+66 989367163";"Talay Industries Co., Ltd | 211 Paklok - Muang Mai Road, Paklok, Thalang, Phuket 83110., Phuket, Tailandia";"";"26517.29";"0";"0";"0.0";"CLP";"2026-02-24"
"Tailandia";"Phuket";"Curso de buceo PADI Open Water";"https://www.civitatis.com/es/phuket/curso-padi-open-water/";"Sss Phuket";"janb.san@gmail.com";"+66895869920";"SSS Phuket Limited partnership | 40, 14 Kata Rd, Karon, Muang, Phuket 83100, Phuket, Tailandia";"";"468472.19";"0";"0";"0.0";"CLP";"2026-02-24"
"Tailandia";"Phuket";"Visita guiada por Phuket";"https://www.civitatis.com/es/phuket/visita-guiada-phuket/";"Sun Leisure World Corporation Company Limited";"amit@sunleisureworld.com";"814409926";"Sun Leisure World Corporation | 293/118 Sukhnivat 2 Sukhsawat Soi 64 Bangmod, Bangkok, Bangkok, Tailandia";"";"30936.84";"41";"418";"7.7";"CLP";"2026-02-24"
"Tailandia";"Phuket";"Tarjeta SIM con Internet";"https://www.civitatis.com/es/phuket/tarjeta-sim-phuket/";"Be My Guest";"natalie.ng@bemyguest.com.sg";"+65 3158 0490";"Bemyguest Pte Ltd | 80 Changi Road, #03-01, The Centropod , Singapur, Singapur";"";"10107.14";"12";"133";"8.0";"CLP";"2026-02-24"
"Tailandia";"Phuket";"Tour en moto de agua por la bahía de Phang Nga";"https://www.civitatis.com/es/phuket/tour-moto-agua-phang-nga/";"Oh-Hoo Travel";"ohhootravel@gmail.com";"6675630618";"Siam Scape Journeys Co., Ltd | 73/1 Uttarakit Road, Pak Nam, Mueang Krabi, Krabi, Tailandia";"";"283322.55";"7";"51";"7.7";"CLP";"2026-02-24"
"Tailandia";"Koh Samui";"Excursión a la isla de los cerdos y Koh Teand";"https://www.civitatis.com/es/koh-samui/excursion-isla-cerdos/";"Tripguru Thailand";"reservations@thetripguru.com";"+1 254 454 4878";"The Trip Guru Limited | Room36 Entreprenuership Centre, I.T. Street. Level 3, Cyberport 3, 100 Cyberport Road, Pok Fu Lam, China";"";"50301.98";"10";"387";"9.2";"CLP";"2026-02-24"
"Tailandia";"Koh Samui";"Excursión a Ang Thong en barco";"https://www.civitatis.com/es/koh-samui/excursion-ang-thong-barco/";"Highway Travel Booking (1989) Ltd.,part";"Highsea@highseatour.com";"+66 818431533";"HIGHWAY TRAVEL BOOKING (1989) LTD. | 11/15 M.3 Angthong Koh Samui Suratthani 84140, Koh Samui, Tailandia";"";"32410.02";"61";"1231";"7.4";"CLP";"2026-02-24"
"Tailandia";"Koh Samui";"Excursión a Ang Thong en lancha rápida";"https://www.civitatis.com/es/koh-samui/excursion-ang-thong-lancha/";"Thai Marano Travel";"nitit@maranotravel.com";"+66851389986";"Thai Marano Travel Co.,Ltd. | 50/1  Moo 3, Ta Talad, Samphran, Nakorn Pathom, Tailandia";"";"97230.07";"55";"542";"8.4";"CLP";"2026-02-24"
"Tailandia";"Koh Samui";"Visita guiada por Koh Samui";"https://www.civitatis.com/es/koh-samui/visita-guiada-koh-samui/";"Thai Marano Travel";"nitit@maranotravel.com";"+66851389986";"Thai Marano Travel Co.,Ltd. | 50/1  Moo 3, Ta Talad, Samphran, Nakorn Pathom, Tailandia";"";"36829.57";"17";"172";"7.8";"CLP";"2026-02-24"
"Tailandia";"Koh Samui";"Espectáculo de Muay Thai en Koh Samui";"https://www.civitatis.com/es/koh-samui/espectaculo-muay-thai/";"Oh-Hoo Travel";"ohhootravel@gmail.com";"6675630618";"Siam Scape Journeys Co., Ltd | 73/1 Uttarakit Road, Pak Nam, Mueang Krabi, Krabi, Tailandia";"";"50524.57";"0";"27";"0.0";"CLP";"2026-02-24"
"Tailandia";"Koh Samui";"Excursión al santuario de elefantes de Samui";"https://www.civitatis.com/es/koh-samui/excursion-santuario-elefantes-samui/";"Elephant Jungle Sanctuary Co.,ltd   (Samui)";"samui@elephantjunglesanctuary.com";"+66-099-2954551";"Elephant Jungle Sanctuary Samui Co., Ltd. | 28/165 Moo. 1, Mae Nam, Koh Samui, Surat Thani, Samui, Tailandia";"";"88390.97";"29";"487";"9.2";"CLP";"2026-02-24"
"Tailandia";"Koh Samui";"Traslados en Koh Samui";"https://www.civitatis.com/es/koh-samui/traslados/";"No especificado / Único";"N/A";"N/A";"N/A";"";"32924.93";"37";"1424";"8.5";"CLP";"2026-02-24"
"Tailandia";"Koh Samui";"Snorkel en Koh Tao";"https://www.civitatis.com/es/koh-samui/snorkel-koh-tao/";"Discovery Dive Centre";"info@discoverydivers.com";"+6677310764";"Samui Discovery Divers Co Ltd | Amari Hotel, 14/3 Moo 1, Tambon Bophu, Koh Samui, Tailandia";"";"95756.89";"4";"98";"9.5";"CLP";"2026-02-24"
"Tailandia";"Koh Samui";"Crucero de lujo por Ang Thong";"https://www.civitatis.com/es/koh-samui/crucero-lujo-ang-thong/";"Oh-Hoo Travel";"ohhootravel@gmail.com";"6675630618";"Siam Scape Journeys Co., Ltd | 73/1 Uttarakit Road, Pak Nam, Mueang Krabi, Krabi, Tailandia";"";"126940.34";"22";"267";"8.1";"CLP";"2026-02-24"
"Tailandia";"Koh Samui";"Excursión a Koh Nang Yuan en lancha rápida";"https://www.civitatis.com/es/koh-samui/excursion-barco-koh-nang-yuan/";"Thai Marano Travel";"nitit@maranotravel.com";"+66851389986";"Thai Marano Travel Co.,Ltd. | 50/1  Moo 3, Ta Talad, Samphran, Nakorn Pathom, Tailandia";"";"97230.07";"18";"214";"8.6";"CLP";"2026-02-24"
"Tailandia";"Koh Samui";"Tour en quad por Koh Samui";"https://www.civitatis.com/es/koh-samui/tour-quad-elefante/";"Oh-Hoo Travel";"ohhootravel@gmail.com";"6675630618";"Siam Scape Journeys Co., Ltd | 73/1 Uttarakit Road, Pak Nam, Mueang Krabi, Krabi, Tailandia";"";"60629.43";"6";"116";"8.7";"CLP";"2026-02-24"
"Tailandia";"Koh Samui";"Tour de aventura en 4x4 por Koh Samui";"https://www.civitatis.com/es/koh-samui/tour-aventura-koh-samui/";"Thai Marano Travel";"nitit@maranotravel.com";"+66851389986";"Thai Marano Travel Co.,Ltd. | 50/1  Moo 3, Ta Talad, Samphran, Nakorn Pathom, Tailandia";"";"60783.53";"10";"125";"8.6";"CLP";"2026-02-24"
"Tailandia";"Koh Samui";"Buceo en Koh Tao";"https://www.civitatis.com/es/koh-samui/buceo-koh-tao/";"Discovery Dive Centre";"info@discoverydivers.com";"+6677310764";"Samui Discovery Divers Co Ltd | Amari Hotel, 14/3 Moo 1, Tambon Bophu, Koh Samui, Tailandia";"";"169416.04";"2";"40";"10.0";"CLP";"2026-02-24"
"Tailandia";"Koh Samui";"Tour en moto de agua por Koh Samui";"https://www.civitatis.com/es/koh-samui/tour-moto-agua-koh-samui/";"Oh-Hoo Travel";"ohhootravel@gmail.com";"6675630618";"Siam Scape Journeys Co., Ltd | 73/1 Uttarakit Road, Pak Nam, Mueang Krabi, Krabi, Tailandia";"";"186697.65";"5";"27";"8.4";"CLP";"2026-02-24"
"Tailandia";"Koh Samui";"Paseo en barco tradicional con cena";"https://www.civitatis.com/es/koh-samui/paseo-barco-tradicional-cena/";"Oh-Hoo Travel";"ohhootravel@gmail.com";"6675630618";"Siam Scape Journeys Co., Ltd | 73/1 Uttarakit Road, Pak Nam, Mueang Krabi, Krabi, Tailandia";"";"88923.09";"0";"8";"0.0";"CLP";"2026-02-24"
"Tailandia";"Koh Samui";"Buceo en Sail Rock";"https://www.civitatis.com/es/koh-samui/buceo-sail-rock/";"Discovery Dive Centre";"info@discoverydivers.com";"+6677310764";"Samui Discovery Divers Co Ltd | Amari Hotel, 14/3 Moo 1, Tambon Bophu, Koh Samui, Tailandia";"";"165733.08";"1";"11";"8.0";"CLP";"2026-02-24"
"Tailandia";"Koh Samui";"Full Moon Party en la playa de Koh Phangan";"https://www.civitatis.com/es/koh-samui/full-moon-party-koh-phangan/";"Thai Marano Travel";"nitit@maranotravel.com";"+66851389986";"Thai Marano Travel Co.,Ltd. | 50/1  Moo 3, Ta Talad, Samphran, Nakorn Pathom, Tailandia";"";"62610.27";"0";"136";"0.0";"CLP";"2026-02-24"
"Tailandia";"Koh Samui";"Snorkel y kayak en las islas de Koh Samui";"https://www.civitatis.com/es/koh-samui/snorkel-kayak-islas-koh-samui/";"Thrilling Thai Tours";"thrillingthaitours@gmail.com";"+66943141609";"Thrilling Thai Tours Co.,Ltd. | 16/8 Moo 3 Chalong sub-district , Muang Phuket district, 83130 Phuket Province, Bangkok, Tailandia";"";"53960.31";"4";"49";"4.5";"CLP";"2026-02-24"
"Tailandia";"Koh Samui";"Curso de buceo PADI Open Water";"https://www.civitatis.com/es/koh-samui/curso-buceo-padi-open-water/";"Discovery Dive Centre";"info@discoverydivers.com";"+6677310764";"Samui Discovery Divers Co Ltd | Amari Hotel, 14/3 Moo 1, Tambon Bophu, Koh Samui, Tailandia";"";"655566.43";"0";"2";"0.0";"CLP";"2026-02-24"
"Tailandia";"Koh Samui";"Curso PADI Advanced Open Water Diver";"https://www.civitatis.com/es/koh-samui/curso-padi-advanced-open-water-diver/";"Discovery Dive Centre";"info@discoverydivers.com";"+6677310764";"Samui Discovery Divers Co Ltd | Amari Hotel, 14/3 Moo 1, Tambon Bophu, Koh Samui, Tailandia";"";"541394.75";"0";"0";"0.0";"CLP";"2026-02-24"
"Tailandia";"Krabi";"Excursión a las islas Phi Phi en lancha rápida";"https://www.civitatis.com/es/krabi/excursion-islas-phi-phi/";"Krabi Ezytrails";"krabiezytrails@gmail.com";"+66 86 470 3996";"Mr. Teerawat Nitiwattanaphong | 359 Moo 8 Soi Sibpinong, Tupprik Subdistrict, Muang District, Krabi, Tailandia";"";"73659.14";"610";"5950";"9.6";"CLP";"2026-02-24"
"Tailandia";"Krabi";"Excursión a la isla de James Bond, Koh Yao e isla Hong en barco";"https://www.civitatis.com/es/krabi/isla-james-bond-koh-yao-hong/";"Thalassa Tour";"contact@thalassatour.com";"+66 843043451";"Thalassa Tour Co. Ltd. | 37/1 M2 SOI 1, AO NANG, Krabi, Tailandia";"";"110488.72";"268";"2182";"9.7";"CLP";"2026-02-24"
"Tailandia";"Krabi";"Excursión a las islas de Krabi y la playa Railay";"https://www.civitatis.com/es/krabi/excursion-islas-krabi-playa-railay/";"Thalassa Tour";"contact@thalassatour.com";"+66 843043451";"Thalassa Tour Co. Ltd. | 37/1 M2 SOI 1, AO NANG, Krabi, Tailandia";"";"97230.07";"141";"1404";"9.3";"CLP";"2026-02-24"
"Tailandia";"Krabi";"Templo del Tigre, Piscina Esmeralda y fuentes termales";"https://www.civitatis.com/es/krabi/templo-tigre-piscina-esmeralda/";"Tripguru Thailand";"reservations@thetripguru.com";"+1 254 454 4878";"The Trip Guru Limited | Room36 Entreprenuership Centre, I.T. Street. Level 3, Cyberport 3, 100 Cyberport Road, Pok Fu Lam, China";"";"50301.98";"44";"424";"7.8";"CLP";"2026-02-24"
"Tailandia";"Krabi";"Traslados en Krabi";"https://www.civitatis.com/es/krabi/traslados/";"No especificado / Único";"N/A";"N/A";"N/A";"";"29266.61";"88";"3495";"9.1";"CLP";"2026-02-24"
"Tailandia";"Krabi";"Excursión al lago Cheow Lan";"https://www.civitatis.com/es/krabi/excursion-lago-cheow-lan/";"Oh-Hoo Travel";"ohhootravel@gmail.com";"6675630618";"Siam Scape Journeys Co., Ltd | 73/1 Uttarakit Road, Pak Nam, Mueang Krabi, Krabi, Tailandia";"";"113170.8";"25";"256";"8.2";"CLP";"2026-02-24"
"Tailandia";"Krabi";"Ferry a las islas Phi Phi";"https://www.civitatis.com/es/krabi/ferry-islas-phi-phi/";"Andaman Wave Master Co., Ltd.";"rsvn.andamanboat@gmail.com";"076614135";"Andaman Wave Master | 21 Moo 1, Tambol Rassada, Ampur Muang,, Phuket, Tailandia";"";"14437.19";"0";"44";"0.0";"CLP";"2026-02-24"
"Tailandia";"Krabi";"Excursión a las islas Hong + Plancton luminiscente";"https://www.civitatis.com/es/krabi/excursion-islas-hong-plancton-luminiscente/";"Oh-Hoo Travel";"ohhootravel@gmail.com";"6675630618";"Siam Scape Journeys Co., Ltd | 73/1 Uttarakit Road, Pak Nam, Mueang Krabi, Krabi, Tailandia";"";"50524.57";"70";"819";"8.1";"CLP";"2026-02-24"
"Tailandia";"Krabi";"Excursión al santuario de elefantes de Ao Nang";"https://www.civitatis.com/es/krabi/excursion-santuario-elefantes-aonang/";"Aonang Elephant Sanctuary";"info@aesaonang.com";"+66653909925";"Supphawit Thinphibun | 272 M.2 Aonang, Muang Krabi, Krabi, Tailandia";"";"73659.14";"47";"734";"9.3";"CLP";"2026-02-24"
"Tailandia";"Krabi";"Excursión a las islas de Krabi";"https://www.civitatis.com/es/krabi/excursion-islas-krabi/";"Oh-Hoo Travel";"ohhootravel@gmail.com";"6675630618";"Siam Scape Journeys Co., Ltd | 73/1 Uttarakit Road, Pak Nam, Mueang Krabi, Krabi, Tailandia";"";"36377.6";"41";"508";"6.6";"CLP";"2026-02-24"
"Tailandia";"Krabi";"Excursión a las islas Hong en lancha rápida";"https://www.civitatis.com/es/krabi/excursion-islas-hong/";"Oh-Hoo Travel";"ohhootravel@gmail.com";"6675630618";"Siam Scape Journeys Co., Ltd | 73/1 Uttarakit Road, Pak Nam, Mueang Krabi, Krabi, Tailandia";"";"52545.49";"48";"466";"6.8";"CLP";"2026-02-24"
"Tailandia";"Krabi";"Tour en kayak por la laguna de cristal de Krabi";"https://www.civitatis.com/es/krabi/kayak-laguna-cristal-krabi/";"Thrilling Thai Tours";"thrillingthaitours@gmail.com";"+66943141609";"Thrilling Thai Tours Co.,Ltd. | 16/8 Moo 3 Chalong sub-district , Muang Phuket district, 83130 Phuket Province, Bangkok, Tailandia";"";"38686.8";"46";"410";"8.1";"CLP";"2026-02-24"
"Tailandia";"Krabi";"Tour del plancton luminiscente";"https://www.civitatis.com/es/krabi/tour-plancton-luminiscente/";"Oh-Hoo Travel";"ohhootravel@gmail.com";"6675630618";"Siam Scape Journeys Co., Ltd | 73/1 Uttarakit Road, Pak Nam, Mueang Krabi, Krabi, Tailandia";"";"42440.33";"30";"333";"6.1";"CLP";"2026-02-24"
"Tailandia";"Krabi";"Traslado a las islas Phi Phi en lancha rápida";"https://www.civitatis.com/es/krabi/excursion-lancha-islas-phi-phi/";"Chaokoh Group";"am_a_muslim@hotmail.com";"+66098-0172564";"CHAOKOH CORPORATION GROUP CO., LDT | 157 MO0.7 AONANG MUANG KRABI, Krabi, Tailandia";"";"29463.65";"2";"209";"10.0";"CLP";"2026-02-24"
"Tailandia";"Krabi";"Tour por las islas de Krabi + Cena en Poda Island";"https://www.civitatis.com/es/krabi/islas-krabi-cena-railay-beach/";"Oh-Hoo Travel";"ohhootravel@gmail.com";"6675630618";"Siam Scape Journeys Co., Ltd | 73/1 Uttarakit Road, Pak Nam, Mueang Krabi, Krabi, Tailandia";"";"50524.57";"18";"253";"6.8";"CLP";"2026-02-24"
"Tailandia";"Krabi";"Tour en kayak por Ao Thalane";"https://www.civitatis.com/es/krabi/tour-kayak-ao-thalane/";"Oh-Hoo Travel";"ohhootravel@gmail.com";"6675630618";"Siam Scape Journeys Co., Ltd | 73/1 Uttarakit Road, Pak Nam, Mueang Krabi, Krabi, Tailandia";"";"35646.01";"13";"114";"7.4";"CLP";"2026-02-24"
"Tailandia";"Krabi";"Tour en quad por Krabi";"https://www.civitatis.com/es/krabi/tour-quad-krabi/";"Thrilling Thai Tours";"thrillingthaitours@gmail.com";"+66943141609";"Thrilling Thai Tours Co.,Ltd. | 16/8 Moo 3 Chalong sub-district , Muang Phuket district, 83130 Phuket Province, Bangkok, Tailandia";"";"41156.17";"2";"60";"10.0";"CLP";"2026-02-24"
"Tailandia";"Krabi";"Clase de cocina tailandesa";"https://www.civitatis.com/es/krabi/clase-cocina-tailandesa/";"Oh-Hoo Travel";"ohhootravel@gmail.com";"6675630618";"Siam Scape Journeys Co., Ltd | 73/1 Uttarakit Road, Pak Nam, Mueang Krabi, Krabi, Tailandia";"";"50524.28";"5";"33";"9.6";"CLP";"2026-02-24"
"Tailandia";"Krabi";"Rafting en el río Song Phreak";"https://www.civitatis.com/es/krabi/rafting-rio-song-phreak/";"Oh-Hoo Travel";"ohhootravel@gmail.com";"6675630618";"Siam Scape Journeys Co., Ltd | 73/1 Uttarakit Road, Pak Nam, Mueang Krabi, Krabi, Tailandia";"";"36349.61";"5";"45";"6.4";"CLP";"2026-02-24"
"Tailandia";"Krabi";"Paseo a caballo por Krabi";"https://www.civitatis.com/es/krabi/paseo-caballo-krabi/";"Thrilling Thai Tours";"thrillingthaitours@gmail.com";"+66943141609";"Thrilling Thai Tours Co.,Ltd. | 16/8 Moo 3 Chalong sub-district , Muang Phuket district, 83130 Phuket Province, Bangkok, Tailandia";"";"55332.18";"3";"16";"8.0";"CLP";"2026-02-24"
"Tailandia";"Krabi";"Tour por los manglares de Krabi";"https://www.civitatis.com/es/krabi/tour-manglares-krabi/";"Suanpalm Kayaking Klongrud";"winprofitscompany@gmail.com";"0820911555";"Wira Kasikhun | 99/129 K-Avenue Naphajaras paknam Mueang Krabi 81000, Krabi, Tailandia";"";"44195.48";"0";"52";"0.0";"CLP";"2026-02-24"
"Tailandia";"Krabi";"Excursión a las islas de Krabi y Hong en lancha rápida";"https://www.civitatis.com/es/krabi/excursion-islas-krabi-hong/";"Krabi Ezytrails";"krabiezytrails@gmail.com";"+66 86 470 3996";"Mr. Teerawat Nitiwattanaphong | 359 Moo 8 Soi Sibpinong, Tupprik Subdistrict, Muang District, Krabi, Tailandia";"";"66293.23";"0";"0";"0.0";"CLP";"2026-02-24"
"Tailandia";"Krabi";"Excursión a las islas Phi Phi en catamarán";"https://www.civitatis.com/es/krabi/excursion-islas-phi-phi-catamaran/";"Smt Marine Service Co., Ltd.";"ecom@panankrabiresort.com";"+66 0 75 817 788";"SMT Marine Service Co., Ltd. | 945 Moo 2 Aonang, Muang, Krabi, Tailandia";"";"73659.14";"0";"8";"0.0";"CLP";"2026-02-24"
"Tailandia";"Chiang Rai";"Tour por Chiang Rai";"https://www.civitatis.com/es/chiang-rai/tour-chiang-rai/";"Tu Guia En Tailandia";"civi.tuguia@gmail.com";"+66903241142";"TU GUIA EN TAILANDIA LTD.,PART | Address 111/142 M.5 T. maehia A. muang , Chiangmai , Tailandia";"";"103122.8";"54";"685";"9.2";"CLP";"2026-02-24"
"Tailandia";"Chiang Rai";"Tour privado por Chiang Rai y el Triángulo de Oro";"https://www.civitatis.com/es/chiang-rai/tour-panoramico-chiang-rai/";"Guía Bee Warunee Chidmit";"abeja.bee@gmail.com";"+66 818815412";"Miss Warunee Chidmit | Chiang Mai, Chiang Mai, Tailandia";"";"368295.74";"13";"315";"8.8";"CLP";"2026-02-24"
"Tailandia";"Chiang Rai";"Tour en buggy por Chiang Rai";"https://www.civitatis.com/es/chiang-rai/tour-buggy-chiang-rai/";"Chiang Rai Utv Adventure Tours";"crbigbikerental@gmail.com";"+66871820414";"Bryan Wyatt SLU | 1025/8 Jed Yod Soi 3 Wiang Mueang, Chiang Rai, Tailandia";"";"117854.63";"0";"8";"0.0";"CLP";"2026-02-24"
"Tailandia";"Chiang Rai";"Tour en buggy + Kayak por Chiang Rai";"https://www.civitatis.com/es/chiang-rai/tour-buggy-kayak-chiang-rai/";"Chiang Rai Utv Adventure Tours";"crbigbikerental@gmail.com";"+66871820414";"Bryan Wyatt SLU | 1025/8 Jed Yod Soi 3 Wiang Mueang, Chiang Rai, Tailandia";"";"176781.95";"0";"14";"0.0";"CLP";"2026-02-24"
"Tailandia";"Chiang Rai";"Tour en bicicleta por Chiang Rai";"https://www.civitatis.com/es/chiang-rai/tour-bicicleta-chiang-rai/";"Chiang Rai Bicycle Tour";"chiangraibicycletour@yahoo.com";"+66856624347";"Chiang Rai Bicycle Tour Limited PArtnership | 222/6 Moo 3 ,Thasai Sub District, Muang Chiang Rai District, Muang Chiang Rai, Tailandia";"";"41156.17";"7";"56";"10.0";"CLP";"2026-02-24"
"Tailandia";"Chiang Rai";"Ruta privada de trekking de 2 o 3 días por Chiang Rai";"https://www.civitatis.com/es/chiang-rai/trekking-2-dias-chiang-rai/";"Mundo Nómada";"marcos@toursentailandia.com";"+34 93 242 55 52  -";"MUNDO NOMADA TRAVEL CO.,LTD. | 723 Suphakan Building, B-02, G Floor, Charoennakorn Soi 15A, Klong Ton Sai Klong San, Bangkok, Tailandia";"";"289804.55";"9";"61";"9.8";"CLP";"2026-02-24"
"Tailandia";"Chiang Rai";"Alquiler de moto en Chiang Rai";"https://www.civitatis.com/es/chiang-rai/alquiler-moto-chiang-rai/";"Chiang Rai Utv Adventure Tours";"crbigbikerental@gmail.com";"+66871820414";"Bryan Wyatt SLU | 1025/8 Jed Yod Soi 3 Wiang Mueang, Chiang Rai, Tailandia";"";"8839.09";"0";"2";"0.0";"CLP";"2026-02-24"
"Tailandia";"Ko Lanta Yai";"Excursión a las islas de Koh Lanta y la Cueva Esmeralda en barca";"https://www.civitatis.com/es/ko-lanta-yai/excursion-lancha-sur-koh-lanta/";"Tipper Tours";"discoverphiphi@gmail.com";"+66802960180";"C N DO Co., Ltd. | 258/1 Moo 5, Ao Nang, Mueang Krabi, Tailandia";"";"25986.94";"1";"19";"8.0";"CLP";"2026-02-24"
"Tailandia";"Ko Lanta Yai";"Excursión a las islas de Ko Lanta Yai en lancha";"https://www.civitatis.com/es/ko-lanta-yai/tour-islas-mar-andaman/";"Trip Store Krabi";"info@tripstorekrabi.com";"+66641894777";"Trip Store Krabi Co., Ltd. | 508 Slingkarn Patana Road, Krabi Yai, Muang Krabi, Krabi, Tailandia";"";"47141.85";"0";"20";"0.0";"CLP";"2026-02-24"
"Tailandia";"Ko Lanta Yai";"Excursión a las islas Phi Phi";"https://www.civitatis.com/es/ko-lanta-yai/excursion-islas-phi-phi/";"Opal Travel";"opallanta@hotmail.com";"0981260876";"OPAL TRAVEL CO.,LTD. | 12/2 m.2 Koh Lanta Yai, Krabi, Tailandia";"";"44195.48";"2";"36";"8.0";"CLP";"2026-02-24"
"Tailandia";"Ko Lanta Yai";"Excursión a las islas Koh Haa y Koh Rok";"https://www.civitatis.com/es/ko-lanta-yai/excursion-islas-koh-haa-rok/";"Tipper Tours";"discoverphiphi@gmail.com";"+66802960180";"C N DO Co., Ltd. | 258/1 Moo 5, Ao Nang, Mueang Krabi, Tailandia";"";"47465.95";"0";"1";"0.0";"CLP";"2026-02-24"
"Tailandia";"Ko Lanta Yai";"Ferry a las islas Phi Phi";"https://www.civitatis.com/es/ko-lanta-yai/ferry-islas-phi-phi/";"Chaokoh Group";"am_a_muslim@hotmail.com";"+66098-0172564";"CHAOKOH CORPORATION GROUP CO., LDT | 157 MO0.7 AONANG MUANG KRABI, Krabi, Tailandia";"";"14731.82";"0";"8";"0.0";"CLP";"2026-02-24"
"Tailandia";"Ko Lanta Yai";"Tour en kayak por los manglares de Ko Lanta Yai";"https://www.civitatis.com/es/ko-lanta-yai/kayak-manglares-ko-lanta-yai/";"Oh-Hoo Travel";"ohhootravel@gmail.com";"6675630618";"Siam Scape Journeys Co., Ltd | 73/1 Uttarakit Road, Pak Nam, Mueang Krabi, Krabi, Tailandia";"";"44461.54";"0";"0";"0.0";"CLP";"2026-02-24"
"Tailandia";"Pattaya";"Visita al santuario de elefantes";"https://www.civitatis.com/es/pattaya/visita-santuario-elefantes/";"Elephant Jungle Sanctuary Co.,ltd   (Pattaya)";"elephant.ejspattaya@gmail.com";"+66-094-6562361";"Elephant Jungle Sanctuary Pattaya Co., Ltd. | 3/347 Moo.6 Na Kluea, Bang Lamung, Chonburi , Tailandia";"";"85444.61";"7";"77";"8.0";"CLP";"2026-02-24"
"Tailandia";"Pattaya";"Buceo en Pattaya";"https://www.civitatis.com/es/pattaya/buceo-pattaya/";"Trip Thai Tour";"chatreechampi@gmail.com";"+66899496235";"Chatree Champi | 158/142 Charansanitwong Soi 8, Bangkok, Tailandia";"";"136269.42";"1";"4";"10.0";"CLP";"2026-02-24"
"Tailandia";"Pattaya";"Aventura acuática en la bahía de Pattaya";"https://www.civitatis.com/es/pattaya/aventura-acuatica-bahia-pattaya/";"Manta Marina Co.,ltd.";"mantamarina.boat@gmail.com";"66 942639422";"Manta Marina | 224/31 Moo 10 Pattaya Beach Rd, Nongprue Banglamung Chonburi, Pattaya, Tailandia";"";"29463.65";"1";"16";"10.0";"CLP";"2026-02-24"
"Tailandia";"Pattaya";"Excursión a Coral Island en lancha rápida";"https://www.civitatis.com/es/pattaya/excursion-coral-island-lancha-rapida/";"Trip Thai Tour";"chatreechampi@gmail.com";"+66899496235";"Chatree Champi | 158/142 Charansanitwong Soi 8, Bangkok, Tailandia";"";"44195.48";"6";"40";"7.3";"CLP";"2026-02-24"
"Tailandia";"Pattaya";"Visita guiada a la colina del Gran Buda";"https://www.civitatis.com/es/pattaya/visita-guiada-gran-buda/";"Thai Marano Travel";"nitit@maranotravel.com";"+66851389986";"Thai Marano Travel Co.,Ltd. | 50/1  Moo 3, Ta Talad, Samphran, Nakorn Pathom, Tailandia";"";"30583.27";"0";"1";"0.0";"CLP";"2026-02-24"
"Tailandia";"Pattaya";"Traslados en Pattaya";"https://www.civitatis.com/es/pattaya/traslados/";"No especificado / Único";"N/A";"N/A";"N/A";"";"49387.4";"4";"129";"6.0";"CLP";"2026-02-24"
"Tailandia";"Pattaya";"Masaje tailandés";"https://www.civitatis.com/es/pattaya/masaje-tailandes-tradicional/";"Grace Spa";"gracespapattayabsk@gmail.com";"869989250";"BSK (Tailandia) Company Limited. | 202/266 Moo 9 Nongprue Banglamung, Pattaya, Tailandia";"";"29463.65";"0";"12";"0.0";"CLP";"2026-02-24"
"Tailandia";"Pattaya";"Entrada al Santuario de la Verdad";"https://www.civitatis.com/es/pattaya/entrada-santuario-verdad/";"Be My Guest";"natalie.ng@bemyguest.com.sg";"+65 3158 0490";"Bemyguest Pte Ltd | 80 Changi Road, #03-01, The Centropod , Singapur, Singapur";"";"14373.8";"7";"125";"9.7";"CLP";"2026-02-24"
"Tailandia";"Pattaya";"Autobús turístico de Pattaya, City Sightseeing";"https://www.civitatis.com/es/pattaya/autobus-pattaya-city-sightseeing/";"City Sightseeing Usd";"bookings@city-sightseeing.com";"+44 0 1789 299123";"City Sightseeing Ltd | Suite 8 Floor 3 Grosvenor House Redditch, Worcestershire, Reino Unido";"";"16462.46";"0";"1";"0.0";"CLP";"2026-02-24"
"Tailandia";"Koh Tao";"Tour por las playas de Koh Tao";"https://www.civitatis.com/es/koh-tao/tour-playas-koh-tao/";"La Bombona Diving Koh Tao";"info@lbdivingkohtao.com";"+66802230529";"MARIA ROCIO GARCIA | 40/1 MOO 2. 84360 KOH TAO. KOH PHANGAN, Ko Pha Ngan, Tailandia";"";"103122.8";"12";"83";"9.5";"CLP";"2026-02-24"
"Tailandia";"Koh Tao";"Snorkel en Koh Tao";"https://www.civitatis.com/es/koh-tao/snorkel-koh-tao/";"La Bombona Diving Koh Tao";"info@lbdivingkohtao.com";"+66802230529";"MARIA ROCIO GARCIA | 40/1 MOO 2. 84360 KOH TAO. KOH PHANGAN, Ko Pha Ngan, Tailandia";"";"29463.65";"16";"178";"8.8";"CLP";"2026-02-24"
"Tailandia";"Koh Tao";"Bautismo de buceo en Koh Tao";"https://www.civitatis.com/es/koh-tao/bautismo-buceo-koh-tao/";"La Bombona Diving Koh Tao";"info@lbdivingkohtao.com";"+66802230529";"MARIA ROCIO GARCIA | 40/1 MOO 2. 84360 KOH TAO. KOH PHANGAN, Ko Pha Ngan, Tailandia";"";"73659.14";"7";"91";"9.4";"CLP";"2026-02-24"
"Tailandia";"Koh Tao";"Paddle surf al atardecer";"https://www.civitatis.com/es/koh-tao/paddle-surf-atardecer/";"La Bombona Diving Koh Tao";"info@lbdivingkohtao.com";"+66802230529";"MARIA ROCIO GARCIA | 40/1 MOO 2. 84360 KOH TAO. KOH PHANGAN, Ko Pha Ngan, Tailandia";"";"37713.48";"1";"40";"10.0";"CLP";"2026-02-24"
"Tailandia";"Koh Tao";"Curso de buceo PADI Open Water";"https://www.civitatis.com/es/koh-tao/curso-buceo-padi-open-water/";"La Bombona Diving Koh Tao";"info@lbdivingkohtao.com";"+66802230529";"MARIA ROCIO GARCIA | 40/1 MOO 2. 84360 KOH TAO. KOH PHANGAN, Ko Pha Ngan, Tailandia";"";"324100.25";"1";"10";"10.0";"CLP";"2026-02-24"
"Tailandia";"Koh Tao";"Buceo en Sail Rock";"https://www.civitatis.com/es/koh-tao/buceo-sail-rock/";"La Bombona Diving Koh Tao";"info@lbdivingkohtao.com";"+66802230529";"MARIA ROCIO GARCIA | 40/1 MOO 2. 84360 KOH TAO. KOH PHANGAN, Ko Pha Ngan, Tailandia";"";"82498.24";"1";"8";"10.0";"CLP";"2026-02-24"
"Tailandia";"Koh Tao";"Buceo en Koh Tao";"https://www.civitatis.com/es/koh-tao/buceo-koh-tao/";"La Bombona Diving Koh Tao";"info@lbdivingkohtao.com";"+66802230529";"MARIA ROCIO GARCIA | 40/1 MOO 2. 84360 KOH TAO. KOH PHANGAN, Ko Pha Ngan, Tailandia";"";"58927.31";"1";"6";"10.0";"CLP";"2026-02-24"
"Tailandia";"Koh Tao";"Buceo nocturno en Koh Tao";"https://www.civitatis.com/es/koh-tao/buceo-nocturno-koh-tao/";"La Bombona Diving Koh Tao";"info@lbdivingkohtao.com";"+66802230529";"MARIA ROCIO GARCIA | 40/1 MOO 2. 84360 KOH TAO. KOH PHANGAN, Ko Pha Ngan, Tailandia";"";"41249.12";"1";"3";"10.0";"CLP";"2026-02-24"
"Tailandia";"Koh Tao";"Ferry entre Koh Tao y Koh Pha Ngan";"https://www.civitatis.com/es/koh-tao/ferry-koh-tao-pha-ngan/";"Ferryhopper";"t.saralegui@ferryhopper.com";"+30 21 1198 3159";"Ferryhopper SA | Thessalonikis 147 Moschato, Atenas, Grecia";"";"16402.96";"0";"0";"0.0";"CLP";"2026-02-24"
"Tailandia";"Koh Chang";"Tour por las islas de Koh Chang";"https://www.civitatis.com/es/koh-chang/tour-islas-koh-chang/";"Thrilling Thai Tours";"thrillingthaitours@gmail.com";"+66943141609";"Thrilling Thai Tours Co.,Ltd. | 16/8 Moo 3 Chalong sub-district , Muang Phuket district, 83130 Phuket Province, Bangkok, Tailandia";"";"51216.57";"0";"17";"0.0";"CLP";"2026-02-24"
"Tailandia";"Koh Chang";"Snorkel y pesca en las islas de Koh Chang";"https://www.civitatis.com/es/koh-chang/snorkel-pesca-islas-koh-chang/";"Thai Marano Travel";"nitit@maranotravel.com";"+66851389986";"Thai Marano Travel Co.,Ltd. | 50/1  Moo 3, Ta Talad, Samphran, Nakorn Pathom, Tailandia";"";"40512.53";"0";"14";"0.0";"CLP";"2026-02-24"
"Tailandia";"Koh Chang";"Tour en paddle surf por Koh Chang";"https://www.civitatis.com/es/koh-chang/tour-paddle-surf-koh-chang/";"Thai Marano Travel";"nitit@maranotravel.com";"+66851389986";"Thai Marano Travel Co.,Ltd. | 50/1  Moo 3, Ta Talad, Samphran, Nakorn Pathom, Tailandia";"";"29463.65";"0";"3";"0.0";"CLP";"2026-02-24"
"Tailandia";"Koh Chang";"Snorkel en Koh Rang";"https://www.civitatis.com/es/koh-chang/snorkel-koh-rang/";"Bb Divers Koh Chang";"info@bbdivers.com";"+66 086 155 6212";"Bb Divers Co. Ltd | 16/2 Moo1 Bangbao, Koh Chang, Tailandia";"";"44195.48";"1";"6";"10.0";"CLP";"2026-02-24"
"Tailandia";"Koh Chang";"Tour por Koh Chang";"https://www.civitatis.com/es/koh-chang/tour-koh-chang/";"Destination Services Thailand";"yield.ota@musement.com";"+66081 352 6559";"TUI Destination Experiences (Thailand) Ltd | No. 511 Sri Ayuthaya Road, Thanon Phaya Thai Sub-District, Ratchathewi District, Bangkok, Tailandia";"";"71337.36";"0";"0";"0.0";"CLP";"2026-02-24"
"Tailandia";"Koh Chang";"Buceo en Koh Rang";"https://www.civitatis.com/es/koh-chang/buceo-koh-rang/";"Bb Divers Koh Chang";"info@bbdivers.com";"+66 086 155 6212";"Bb Divers Co. Ltd | 16/2 Moo1 Bangbao, Koh Chang, Tailandia";"";"103122.8";"0";"0";"0.0";"CLP";"2026-02-24"
"Tailandia";"Koh Chang";"Buceo en el naufragio HTMS Chang";"https://www.civitatis.com/es/koh-chang/buceo-naufragio-htms-chang/";"Bb Divers Koh Chang";"info@bbdivers.com";"+66 086 155 6212";"Bb Divers Co. Ltd | 16/2 Moo1 Bangbao, Koh Chang, Tailandia";"";"103122.8";"0";"1";"0.0";"CLP";"2026-02-24"
"Tailandia";"Koh Chang";"Snorkel en Koh Chang";"https://www.civitatis.com/es/koh-chang/snorkel-koh-chang/";"Bb Divers Koh Chang";"info@bbdivers.com";"+66 086 155 6212";"Bb Divers Co. Ltd | 16/2 Moo1 Bangbao, Koh Chang, Tailandia";"";"44195.48";"0";"0";"0.0";"CLP";"2026-02-24"
"Tailandia";"Koh Chang";"Curso de buceo PADI Open Water";"https://www.civitatis.com/es/koh-chang/curso-buceo-padi-open-water/";"Bb Divers Koh Chang";"info@bbdivers.com";"+66 086 155 6212";"Bb Divers Co. Ltd | 16/2 Moo1 Bangbao, Koh Chang, Tailandia";"";"456686.72";"1";"2";"10.0";"CLP";"2026-02-24"
"Tailandia";"Koh Chang";"Buceo en Koh Chang";"https://www.civitatis.com/es/koh-chang/buceo-koh-chang/";"Bb Divers Koh Chang";"info@bbdivers.com";"+66 086 155 6212";"Bb Divers Co. Ltd | 16/2 Moo1 Bangbao, Koh Chang, Tailandia";"";"103122.8";"2";"3";"10.0";"CLP";"2026-02-24"
"Tailandia";"Ko Pha Ngan";"Excursión al Parque Nacional Marino Ang Thong";"https://www.civitatis.com/es/ko-pha-ngan/excursion-parque-marino-ang-thong/";"Tipper Tours";"discoverphiphi@gmail.com";"+66802960180";"C N DO Co., Ltd. | 258/1 Moo 5, Ao Nang, Mueang Krabi, Tailandia";"";"66028.06";"1";"79";"10.0";"CLP";"2026-02-24"
"Tailandia";"Ko Pha Ngan";"Excursión a Koh Tao y Koh Nang Yuan en lancha rápida";"https://www.civitatis.com/es/ko-pha-ngan/excursion-koh-tao-nang-yuan/";"Trip Store Krabi";"info@tripstorekrabi.com";"+66641894777";"Trip Store Krabi Co., Ltd. | 508 Slingkarn Patana Road, Krabi Yai, Muang Krabi, Krabi, Tailandia";"";"66785.27";"3";"80";"8.0";"CLP";"2026-02-24"
"Tailandia";"Ko Pha Ngan";"Tour en quad por Ko Pha Ngan";"https://www.civitatis.com/es/ko-pha-ngan/tour-quad-ko-pha-ngan/";"Oh-Hoo Travel";"ohhootravel@gmail.com";"6675630618";"Siam Scape Journeys Co., Ltd | 73/1 Uttarakit Road, Pak Nam, Mueang Krabi, Krabi, Tailandia";"";"76797.32";"1";"2";"10.0";"CLP";"2026-02-24"
"Tailandia";"Ko Pha Ngan";"Ferry entre Koh Tao y Koh Pha Ngan";"https://www.civitatis.com/es/ko-pha-ngan/ferry-koh-tao-pha-ngan/";"Ferryhopper";"t.saralegui@ferryhopper.com";"+30 21 1198 3159";"Ferryhopper SA | Thessalonikis 147 Moschato, Atenas, Grecia";"";"16402.96";"0";"0";"0.0";"CLP";"2026-02-24"
"Tailandia";"Ko Pha Ngan";"Tour en moto de agua por Ko Pha Ngan";"https://www.civitatis.com/es/ko-pha-ngan/moto-agua-ko-pha-ngan/";"Oh-Hoo Travel";"ohhootravel@gmail.com";"6675630618";"Siam Scape Journeys Co., Ltd | 73/1 Uttarakit Road, Pak Nam, Mueang Krabi, Krabi, Tailandia";"";"230140.64";"0";"5";"0.0";"CLP";"2026-02-24"
"Tailandia";"Ko Phi Phi Don";"Tour por las islas Phi Phi en lancha rápida";"https://www.civitatis.com/es/ko-phi-phi-don/tour-islas-phi-phi/";"Phi Phi Local Tour";"phiphilocaltour@gmail.com";"+66 81 368 8193";"Miss Nawarat Plodsawas | 289/3 No. 3 Moo 7 Koh Phi Phi Don, Krabi, Tailandia";"";"53034.58";"42";"655";"9.3";"CLP";"2026-02-24"
"Tailandia";"Ko Phi Phi Don";"Ferry a Phuket";"https://www.civitatis.com/es/ko-phi-phi-don/ferry-phuket/";"Chaokoh Group";"am_a_muslim@hotmail.com";"+66098-0172564";"CHAOKOH CORPORATION GROUP CO., LDT | 157 MO0.7 AONANG MUANG KRABI, Krabi, Tailandia";"";"17678.19";"18";"586";"8.1";"CLP";"2026-02-24"
"Tailandia";"Ko Phi Phi Don";"Excursión a la bahía bioluminiscente de Maya Bay";"https://www.civitatis.com/es/ko-phi-phi-don/excursion-bahia-bioluminiscente-maya-bay/";"Maya Bay Tours";"philraby@hotmail.com";"+66824146931";"Krabi Konnect by Siripan Soraksa | 139/8, Moo 7, Phi Phi Don, Tailandia";"";"58927.31";"21";"382";"7.6";"CLP";"2026-02-24"
"Tailandia";"Ko Phi Phi Don";"Paseo en barco privado por Ko Phi Phi Lee";"https://www.civitatis.com/es/ko-phi-phi-don/barco-privado-ko-phi-phi-lee/";"Tipper Tours";"discoverphiphi@gmail.com";"+66802960180";"C N DO Co., Ltd. | 258/1 Moo 5, Ao Nang, Mueang Krabi, Tailandia";"";"75574.28";"5";"169";"9.6";"CLP";"2026-02-24"
"Tailandia";"Ko Phi Phi Don";"Traslado a Krabi en lancha rápida";"https://www.civitatis.com/es/ko-phi-phi-don/traslado-krabi-lancha-rapida/";"Chaokoh Group";"am_a_muslim@hotmail.com";"+66098-0172564";"CHAOKOH CORPORATION GROUP CO., LDT | 157 MO0.7 AONANG MUANG KRABI, Krabi, Tailandia";"";"29463.65";"4";"150";"8.0";"CLP";"2026-02-24"
"Tailandia";"Ko Phi Phi Don";"Ferry de Phi Phi a Krabi";"https://www.civitatis.com/es/ko-phi-phi-don/ferry-krabi/";"Andaman Wave Master Co., Ltd.";"rsvn.andamanboat@gmail.com";"076614135";"Andaman Wave Master | 21 Moo 1, Tambol Rassada, Ampur Muang,, Phuket, Tailandia";"";"13258.64";"0";"42";"0.0";"CLP";"2026-02-24"
"Tailandia";"Ko Phi Phi Don";"Bautismo de buceo en Koh Phi Phi Lee";"https://www.civitatis.com/es/ko-phi-phi-don/buceo-koh-phi-phi-lee/";"Princess Divers";"info@princessdivers.com";"+66812624062";"PRINCESS DIVERS CO.,LTD | Phi Phi Island, 103, Moo 7, T. Ao Nang, A. Muang, Krabi, Tailandia";"";"106069.17";"31";"236";"10.0";"CLP";"2026-02-24"
"Tailandia";"Ko Phi Phi Don";"Crucero de 2 días por las islas Phi Phi";"https://www.civitatis.com/es/ko-phi-phi-don/crucero-2-dias-islas-phi-phi/";"Maya Bay Tours";"philraby@hotmail.com";"+66824146931";"Krabi Konnect by Siripan Soraksa | 139/8, Moo 7, Phi Phi Don, Tailandia";"";"103122.8";"10";"137";"7.8";"CLP";"2026-02-24"
"Tailandia";"Ko Phi Phi Don";"Buceo en el Parque Marino de Phi Phi";"https://www.civitatis.com/es/ko-phi-phi-don/buceo-parque-marino-phi-phi/";"Princess Divers";"info@princessdivers.com";"+66812624062";"PRINCESS DIVERS CO.,LTD | Phi Phi Island, 103, Moo 7, T. Ao Nang, A. Muang, Krabi, Tailandia";"";"64820.05";"4";"27";"10.0";"CLP";"2026-02-24"
"Tailandia";"Ko Phi Phi Don";"Ferry a Ko Lanta Yai";"https://www.civitatis.com/es/ko-phi-phi-don/ferry-ko-lanta-yai/";"Chaokoh Group";"am_a_muslim@hotmail.com";"+66098-0172564";"CHAOKOH CORPORATION GROUP CO., LDT | 157 MO0.7 AONANG MUANG KRABI, Krabi, Tailandia";"";"20624.56";"0";"9";"0.0";"CLP";"2026-02-24"
"Tailandia";"Ko Phi Phi Don";"Curso de buceo SSI Open Water en Koh Phi Phi Lee";"https://www.civitatis.com/es/ko-phi-phi-don/curso-buceo-islas-phi-phi/";"Princess Divers";"info@princessdivers.com";"+66812624062";"PRINCESS DIVERS CO.,LTD | Phi Phi Island, 103, Moo 7, T. Ao Nang, A. Muang, Krabi, Tailandia";"";"380081.21";"2";"11";"9.0";"CLP";"2026-02-24"
"Tailandia";"Koh Kut";"Snorkel en Koh Kut";"https://www.civitatis.com/es/koh-kut/snorkel-koh-kut/";"Bb Divers Koh Kood";"kohkood@bbdivers.com";"+66822206006";"B Divers.Co.Ltd. | 16/2 Moo1 Bangbao, Koh Chang, Tailandia";"";"29463.65";"0";"18";"0.0";"CLP";"2026-02-24"
"Tailandia";"Koh Kut";"Buceo en Koh Kut";"https://www.civitatis.com/es/koh-kut/buceo-koh-kut/";"Bb Divers Koh Kood";"kohkood@bbdivers.com";"+66822206006";"B Divers.Co.Ltd. | 16/2 Moo1 Bangbao, Koh Chang, Tailandia";"";"103122.8";"0";"0";"0.0";"CLP";"2026-02-24"
"Tailandia";"Koh Kut";"Snorkel en Koh Chang";"https://www.civitatis.com/es/koh-kut/snorkel-koh-chang/";"Bb Divers Koh Kood";"kohkood@bbdivers.com";"+66822206006";"B Divers.Co.Ltd. | 16/2 Moo1 Bangbao, Koh Chang, Tailandia";"";"29463.65";"0";"7";"0.0";"CLP";"2026-02-24"
"Tailandia";"Koh Kut";"Buceo en Koh Chang";"https://www.civitatis.com/es/koh-kut/buceo-koh-chang/";"Bb Divers Koh Kood";"kohkood@bbdivers.com";"+66822206006";"B Divers.Co.Ltd. | 16/2 Moo1 Bangbao, Koh Chang, Tailandia";"";"117854.63";"0";"0";"0.0";"CLP";"2026-02-24"
"Tailandia";"Koh Kut";"Curso de buceo PADI Open Water";"https://www.civitatis.com/es/koh-kut/curso-padi-open-water/";"Bb Divers Koh Kood";"kohkood@bbdivers.com";"+66822206006";"B Divers.Co.Ltd. | 16/2 Moo1 Bangbao, Koh Chang, Tailandia";"";"456686.72";"0";"1";"0.0";"CLP";"2026-02-24"
"Tailandia";"Khao Lak";"Safari por el Parque Nacional de Khao Sok";"https://www.civitatis.com/es/khao-lak/safari-parque-khao-sok/";"Eco Khaolak Adventure";"info@ecokhaolak.com";"+66 94 807 78 75";"Eco Khaolak Adventure Ltd. | 26/63 Moo 7 Khao Lak Grand Plaza Khuk khak Takuapa Phang-Nga, Khao Lak, Tailandia";"";"106069.17";"5";"102";"9.2";"CLP";"2026-02-24"
"Tailandia";"Khao Lak";"Excursión a la isla de James Bond en barco";"https://www.civitatis.com/es/khao-lak/excursion-isla-james-bond/";"Eco Khaolak Adventure";"info@ecokhaolak.com";"+66 94 807 78 75";"Eco Khaolak Adventure Ltd. | 26/63 Moo 7 Khao Lak Grand Plaza Khuk khak Takuapa Phang-Nga, Khao Lak, Tailandia";"";"73659.14";"5";"67";"8.0";"CLP";"2026-02-24"
"Tailandia";"Khao Lak";"Tour por los templos budistas de Phang Nga";"https://www.civitatis.com/es/khao-lak/tour-templos-budistas-phang-nga/";"Eco Khaolak Adventure";"info@ecokhaolak.com";"+66 94 807 78 75";"Eco Khaolak Adventure Ltd. | 26/63 Moo 7 Khao Lak Grand Plaza Khuk khak Takuapa Phang-Nga, Khao Lak, Tailandia";"";"64820.05";"1";"41";"10.0";"CLP";"2026-02-24"
"Tailandia";"Khao Lak";"Excursión a las islas Surin en lancha rápida";"https://www.civitatis.com/es/khao-lak/excursion-islas-surin/";"Destination Services Thailand";"yield.ota@musement.com";"+66081 352 6559";"TUI Destination Experiences (Thailand) Ltd | No. 511 Sri Ayuthaya Road, Thanon Phaya Thai Sub-District, Ratchathewi District, Bangkok, Tailandia";"";"107920.63";"3";"34";"8.7";"CLP";"2026-02-24"
"Tailandia";"Khao Lak";"Excursión a las islas Phi Phi en lancha rápida";"https://www.civitatis.com/es/khao-lak/excursion-islas-phi-phi/";"Destination Services Thailand";"yield.ota@musement.com";"+66081 352 6559";"TUI Destination Experiences (Thailand) Ltd | No. 511 Sri Ayuthaya Road, Thanon Phaya Thai Sub-District, Ratchathewi District, Bangkok, Tailandia";"";"102433.14";"0";"41";"0.0";"CLP";"2026-02-24"
"Tailandia";"Khao Lak";"Excursión a las islas Similan en lancha rápida";"https://www.civitatis.com/es/khao-lak/excursion-islas-similan/";"Destination Services Thailand";"yield.ota@musement.com";"+66081 352 6559";"TUI Destination Experiences (Thailand) Ltd | No. 511 Sri Ayuthaya Road, Thanon Phaya Thai Sub-District, Ratchathewi District, Bangkok, Tailandia";"";"102433.14";"4";"68";"7.0";"CLP";"2026-02-24"
"Tailandia";"Khao Lak";"Excursión a la isla de James Bond en barca tradicional";"https://www.civitatis.com/es/khao-lak/isla-james-bond-barca-tradicional/";"Eco Khaolak Adventure";"info@ecokhaolak.com";"+66 94 807 78 75";"Eco Khaolak Adventure Ltd. | 26/63 Moo 7 Khao Lak Grand Plaza Khuk khak Takuapa Phang-Nga, Khao Lak, Tailandia";"";"100176.44";"1";"14";"10.0";"CLP";"2026-02-24"
"Tailandia";"Khao Lak";"Clase de cocina tailandesa en Khao Lak";"https://www.civitatis.com/es/khao-lak/clase-cocina-tailandesa-khao-lak/";"Destination Services Thailand";"yield.ota@musement.com";"+66081 352 6559";"TUI Destination Experiences (Thailand) Ltd | No. 511 Sri Ayuthaya Road, Thanon Phaya Thai Sub-District, Ratchathewi District, Bangkok, Tailandia";"";"69508.2";"0";"0";"0.0";"CLP";"2026-02-24"
"Tailandia";"Khao Lak";"Excursión a la bahía de Phang Nga en lancha rápida";"https://www.civitatis.com/es/khao-lak/excursion-bahia-phang-nga/";"Destination Services Thailand";"yield.ota@musement.com";"+66081 352 6559";"TUI Destination Experiences (Thailand) Ltd | No. 511 Sri Ayuthaya Road, Thanon Phaya Thai Sub-District, Ratchathewi District, Bangkok, Tailandia";"";"99689.39";"0";"8";"0.0";"CLP";"2026-02-24"
"Tailandia";"Koh Samet";"Tour por las islas de Khao Laem Ya-Mu Koh Samet";"https://www.civitatis.com/es/koh-samet/tour-islas-khao-laem-ya-mu/";"Thai Marano Travel";"nitit@maranotravel.com";"+66851389986";"Thai Marano Travel Co.,Ltd. | 50/1  Moo 3, Ta Talad, Samphran, Nakorn Pathom, Tailandia";"";"28933.31";"0";"59";"0.0";"CLP";"2026-02-24"
