"pais";"destino";"actividad";"url_actividad";"operador";"email";"telefono";"direccion";"descripcion";"precio_real";"opiniones";"viajeros";"rating";"moneda";"fecha_scan"
"Canadá";"Vancouver";"Excursión a Whistler";"https://www.civitatis.com/es/vancouver/excursion-whistler/";"Dominion Tours Inc";"dispatch@dominiontours.com";"+1 6042985995  91 829 2551";"Dominion Tours Inc. | 3839 Kitchener Street. Burnaby, BC. , Vancouver, Canadá";"";"112971.67";"148";"1757";"9.3";"CLP";"2026-02-16"
"Canadá";"Vancouver";"Excursión a Victoria";"https://www.civitatis.com/es/vancouver/excursion-victoria/";"Dominion Tours Inc";"dispatch@dominiontours.com";"+1 6042985995  91 829 2551";"Dominion Tours Inc. | 3839 Kitchener Street. Burnaby, BC. , Vancouver, Canadá";"";"189845.89";"260";"2979";"9.0";"CLP";"2026-02-16"
"Canadá";"Vancouver";"Free tour por Vancouver";"https://www.civitatis.com/es/vancouver/free-tour-vancouver/";"Toonie Tours";"guide@toonietours.ca";"866-643-1847";"Vancouver Toonie Tours | 123 Cambie Street, Vancouver, Canadá";"";"0.0";"572";"9367";"9.0";"CLP";"2026-02-16"
"Canadá";"Vancouver";"Puente colgante de Capilano y monte Grouse";"https://www.civitatis.com/es/vancouver/puente-capilano-monte-grouse/";"Dominion Tours Inc";"dispatch@dominiontours.com";"+1 6042985995  91 829 2551";"Dominion Tours Inc. | 3839 Kitchener Street. Burnaby, BC. , Vancouver, Canadá";"";"159764.67";"176";"1898";"9.4";"CLP";"2026-02-16"
"Canadá";"Vancouver";"Entradas para la NHL: Vancouver Canucks";"https://www.civitatis.com/es/vancouver/entradas-vancouver-canucks/";"Whereiam Group Pty Ltd";"alex.brennan@sportswhereiam.com";"+61341517525";"WHEREIAM GROUP PTY LTD | 10-20 Gwynne St, Cremorne, Australia";"";"58656.47";"0";"20";"0.0";"CLP";"2026-02-16"
"Canadá";"Vancouver";"Traslados en Vancouver";"https://www.civitatis.com/es/vancouver/traslados/";"No especificado / Único";"N/A";"N/A";"N/A";"";"57331.62";"191";"3242";"8.6";"CLP";"2026-02-16"
"Canadá";"Vancouver";"Tour por Vancouver y Granville Island";"https://www.civitatis.com/es/vancouver/visita-guiada-vancouver/";"Dominion Tours Inc";"dispatch@dominiontours.com";"+1 6042985995  91 829 2551";"Dominion Tours Inc. | 3839 Kitchener Street. Burnaby, BC. , Vancouver, Canadá";"";"64173.26";"108";"1344";"8.6";"CLP";"2026-02-16"
"Canadá";"Vancouver";"Entrada a Capilano Suspension Bridge Park";"https://www.civitatis.com/es/vancouver/entrada-capilano-suspension-bridge-park/";"Capilano Suspension Bridge Park";"fmckinnon@capbridge.com";"6049857474";"Capilano Suspension Bridge Ltd. | 3735 Capilano Road, North Vancouver, Canadá";"";"54747.81";"39";"965";"8.7";"CLP";"2026-02-16"
"Canadá";"Vancouver";"Autobús turístico de Vancouver";"https://www.civitatis.com/es/vancouver/autobus-turistico-vancouver/";"Big Bus Tours Cad";"partnersupport@bigbustours.com";"";"Big Bus Tours Vancouver Limited | PO BOX 8419 RPO BANBRIDGE BURNABY BC, Vancouver, Canadá";"";"48129.94";"21";"520";"6.9";"CLP";"2026-02-16"
"Canadá";"Vancouver";"Visita guiada por Vancouver";"https://www.civitatis.com/es/vancouver/visita-guiada-gastown/";"Hola Canada Tours";"roberto@talentodesign.ca";"6043777394";"Talento Design Corp | 2040 E 25th Ave, Vancouver, Canadá";"";"29947.52";"12";"278";"8.0";"CLP";"2026-02-16"
"Canadá";"Vancouver";"Tour por el Parque Stanley";"https://www.civitatis.com/es/vancouver/tour-parque-stanley/";"Toonie Tours";"guide@toonietours.ca";"866-643-1847";"Vancouver Toonie Tours | 123 Cambie Street, Vancouver, Canadá";"";"31841.8";"2";"132";"9.0";"CLP";"2026-02-16"
"Canadá";"Vancouver";"Tour en bicicleta por Vancouver";"https://www.civitatis.com/es/vancouver/tour-bicicleta-vancouver/";"Hola Canada Tours";"roberto@talentodesign.ca";"6043777394";"Talento Design Corp | 2040 E 25th Ave, Vancouver, Canadá";"";"89842.56";"4";"76";"9.0";"CLP";"2026-02-16"
"Canadá";"Vancouver";"Tour privado por Vancouver";"https://www.civitatis.com/es/vancouver/tour-privado-vancouver/";"Dominion Tours Inc";"dispatch@dominiontours.com";"+1 6042985995  91 829 2551";"Dominion Tours Inc. | 3839 Kitchener Street. Burnaby, BC. , Vancouver, Canadá";"";"536381.49";"13";"313";"9.5";"CLP";"2026-02-16"
"Canadá";"Vancouver";"Tour por la costa de British Columbia y Whistler";"https://www.civitatis.com/es/vancouver/tour-costa-british-columbia/";"Dominion Tours Inc";"dispatch@dominiontours.com";"+1 6042985995  91 829 2551";"Dominion Tours Inc. | 3839 Kitchener Street. Burnaby, BC. , Vancouver, Canadá";"";"152411.49";"18";"158";"9.6";"CLP";"2026-02-16"
"Canadá";"Vancouver";"Excursión privada desde Vancouver";"https://www.civitatis.com/es/vancouver/excursion-privada-vancouver/";"Dominion Tours Inc";"dispatch@dominiontours.com";"+1 6042985995  91 829 2551";"Dominion Tours Inc. | 3839 Kitchener Street. Burnaby, BC. , Vancouver, Canadá";"";"1392091.81";"1";"61";"10.0";"CLP";"2026-02-16"
"Canadá";"Vancouver";"Tour gastronómico por Vancouver";"https://www.civitatis.com/es/vancouver/tour-gastronomico-vancouver/";"Secret Food Tours";"support@secretfoodtours.com";"33970735298";"Essor LTD | 6-8 Bonhill Street, Londres, Reino Unido";"";"78107.5";"1";"31";"10.0";"CLP";"2026-02-16"
"Canadá";"Vancouver";"Tarjeta eSIM con Internet para Canadá";"https://www.civitatis.com/es/vancouver/tarjeta-esim-canada/";"Xplori";"go@xplori.world";"+84852186217";"WM&B Limited | 93-97 Des Voeux Road West, Hong Kong Island, China";"";"26845.75";"12";"98";"5.3";"CLP";"2026-02-16"
"Canadá";"Vancouver";"Tour de arte urbano por Vancouver + Cata de cervezas";"https://www.civitatis.com/es/vancouver/tour-arte-urbano-cata-cervezas/";"Toonie Tours";"guide@toonietours.ca";"866-643-1847";"Vancouver Toonie Tours | 123 Cambie Street, Vancouver, Canadá";"";"80992.29";"0";"0";"0.0";"CLP";"2026-02-16"
"Canadá";"Vancouver";"Avistamiento de ballenas en Vancouver";"https://www.civitatis.com/es/vancouver/avistamiento-orcas-vancouver/";"Prince Of Whales";"sales@princeofwhales.com";"18883834884";"Inter Island Launch Ltd. | 812 Wharf St, Victoria, Canadá";"";"171964.28";"33";"450";"9.3";"CLP";"2026-02-16"
"Canadá";"Vancouver";"Tour panorámico nocturno por Vancouver";"https://www.civitatis.com/es/vancouver/tour-panoramico-nocturno-vancouver/";"Big Bus Tours Cad";"partnersupport@bigbustours.com";"";"Big Bus Tours Vancouver Limited | PO BOX 8419 RPO BANBRIDGE BURNABY BC, Vancouver, Canadá";"";"74019.84";"12";"130";"8.7";"CLP";"2026-02-16"
"Canadá";"Vancouver";"Tour navideño por Vancouver";"https://www.civitatis.com/es/vancouver/tour-navidad-vancouver-victoria/";"Dominion Tours Inc";"dispatch@dominiontours.com";"+1 6042985995  91 829 2551";"Dominion Tours Inc. | 3839 Kitchener Street. Burnaby, BC. , Vancouver, Canadá";"";"115645.56";"1";"59";"10.0";"CLP";"2026-02-16"
"Canadá";"Vancouver";"Paseo en barco por Vancouver";"https://www.civitatis.com/es/vancouver/paseo-barco-vancouver/";"Prince Of Whales";"sales@princeofwhales.com";"18883834884";"Inter Island Launch Ltd. | 812 Wharf St, Victoria, Canadá";"";"73698.97";"2";"32";"10.0";"CLP";"2026-02-16"
"Canadá";"Vancouver";"Rafting en el río Elaho";"https://www.civitatis.com/es/vancouver/rafting-rio-elaho/";"Canadian Outback Rafting";"Sarah@canadianoutbackrafting.com";"604-898-2363";"Canadian Outback Rafting Co Ltd | 332 East Esplanade, North Vancouver, Canadá";"";"175467.07";"4";"28";"10.0";"CLP";"2026-02-16"
"Canadá";"Vancouver";"Tour de 2 días por Victoria";"https://www.civitatis.com/es/vancouver/tour-2-dias-victoria/";"Dominion Tours Inc";"dispatch@dominiontours.com";"+1 6042985995  91 829 2551";"Dominion Tours Inc. | 3839 Kitchener Street. Burnaby, BC. , Vancouver, Canadá";"";"673150.76";"3";"16";"8.7";"CLP";"2026-02-16"
"Canadá";"Vancouver";"Tour del arte urbano por Vancouver + Taller de café artesanal";"https://www.civitatis.com/es/vancouver/tour-arte-urbano-vancouver-taller-cafe/";"Toonie Tours";"guide@toonietours.ca";"866-643-1847";"Vancouver Toonie Tours | 123 Cambie Street, Vancouver, Canadá";"";"62791.77";"1";"18";"10.0";"CLP";"2026-02-16"
"Canadá";"Vancouver";"Tour de 2 días por Whistler";"https://www.civitatis.com/es/vancouver/tour-2-dias-whistler/";"Dominion Tours Inc";"dispatch@dominiontours.com";"+1 6042985995  91 829 2551";"Dominion Tours Inc. | 3839 Kitchener Street. Burnaby, BC. , Vancouver, Canadá";"";"524081.62";"1";"3";"8.0";"CLP";"2026-02-16"
"Canadá";"Vancouver";"Circuito de 5 días por las Rocosas Canadienses";"https://www.civitatis.com/es/vancouver/circuito-5-dias-rocosas-canadienses/";"Dominion Tours Inc";"dispatch@dominiontours.com";"+1 6042985995  91 829 2551";"Dominion Tours Inc. | 3839 Kitchener Street. Burnaby, BC. , Vancouver, Canadá";"";"1783936.41";"1";"1";"10.0";"CLP";"2026-02-16"
"Canadá";"Vancouver";"Tour de dónuts por Vancouver";"https://www.civitatis.com/es/vancouver/tour-donuts-vancouver/";"Hola Canada Tours";"roberto@talentodesign.ca";"6043777394";"Talento Design Corp | 2040 E 25th Ave, Vancouver, Canadá";"";"89842.56";"0";"0";"0.0";"CLP";"2026-02-16"
"Canadá";"Toronto";"Free tour por Toronto";"https://www.civitatis.com/es/toronto/free-tour-toronto/";"Toonie Tours";"guide@toonietours.ca";"866-643-1847";"Vancouver Toonie Tours | 123 Cambie Street, Vancouver, Canadá";"";"0.0";"1022";"18053";"8.8";"CLP";"2026-02-16"
"Canadá";"Toronto";"Tour privado por Toronto";"https://www.civitatis.com/es/toronto/tour-privado-toronto/";"Toonie Tours";"guide@toonietours.ca";"866-643-1847";"Vancouver Toonie Tours | 123 Cambie Street, Vancouver, Canadá";"";"135593.83";"100";"1781";"8.7";"CLP";"2026-02-16"
"Canadá";"Toronto";"Excursión a las Cataratas del Niágara";"https://www.civitatis.com/es/toronto/excursion-cataratas-niagara/";"Global Tourisme";"mpepin@globaltourisme.com";"4186840662";"Global Tourisme International INC | 275 rue du Parvis, porte 320, Quebec, Canadá";"";"199872.96";"501";"10454";"8.8";"CLP";"2026-02-16"
"Canadá";"Toronto";"Excursión a las Cataratas del Niágara con espectáculo nocturno de luces";"https://www.civitatis.com/es/toronto/excursion-nocturna-cataratas-niagara/";"Queen Tour";"reservations@tourstoniagarafalls.com";"4167927968";"C U TOURS INC | 1131 Steeles Ave West, 1402, North York, Ontario, Canada, Toronto, Canadá";"";"82335.62";"60";"779";"8.6";"CLP";"2026-02-16"
"Canadá";"Toronto";"Visita guiada por Kensington Market y Chinatown";"https://www.civitatis.com/es/toronto/visita-guiada-mercado-kensington-chinatown/";"Urban Adventure Limited Cad";"reservations@urbanadventures.com";"00000000";"Urban Adventures Global Pty Ltd | Hong Kong Company Number, Melbourne, Australia";"";"56820.07";"9";"129";"8.2";"CLP";"2026-02-16"
"Canadá";"Toronto";"Traslados en Toronto";"https://www.civitatis.com/es/toronto/traslados/";"No especificado / Único";"N/A";"N/A";"N/A";"";"62791.77";"187";"3723";"8.6";"CLP";"2026-02-16"
"Canadá";"Toronto";"Entrada al Museo Real de Ontario";"https://www.civitatis.com/es/toronto/entrada-museo-real-ontario/";"Rom 14165868000";"promotions@rom.on.ca";"14165865748";"Royal Ontario Museum | 100 Queen's Park, Toronto, Canadá";"";"17380.25";"2";"99";"10.0";"CLP";"2026-02-16"
"Canadá";"Toronto";"Visita guiada por Discovery District";"https://www.civitatis.com/es/toronto/visita-guiada-discovery-district/";"Toonie Tours";"guide@toonietours.ca";"866-643-1847";"Vancouver Toonie Tours | 123 Cambie Street, Vancouver, Canadá";"";"31841.8";"2";"48";"10.0";"CLP";"2026-02-16"
"Canadá";"Toronto";"Visita guiada por Distillery District";"https://www.civitatis.com/es/toronto/visita-guiada-distillery-district/";"Segway Of Ontario And Go Tours Canada";"jason@segwayofontario.com";"416-642-0008";"6307787 Canada Inc. | 11 Gristmill Lane, Toronto, Ontario, , Toronto, Canadá";"";"18884.31";"3";"74";"9.3";"CLP";"2026-02-16"
"Canadá";"Toronto";"Excursión privada a las Cataratas del Niágara";"https://www.civitatis.com/es/toronto/excursion-privada-cataratas-niagara/";"Toniagara Tours";"info@toniagaratours.com";"1-800-653-2242";"ToNiagara Tours | 208-5 Brisdale Drive, Brampton, Canadá";"";"1137532.18";"12";"468";"7.7";"CLP";"2026-02-16"
"Canadá";"Toronto";"Autobús turístico de Toronto";"https://www.civitatis.com/es/toronto/autobus-turistico-toronto/";"City Sightseeing Usd";"bookings@city-sightseeing.com";"+44 0 1789 299123";"City Sightseeing Ltd | Suite 8 Floor 3 Grosvenor House Redditch, Worcestershire, Reino Unido";"";"45046.27";"40";"889";"7.9";"CLP";"2026-02-16"
"Canadá";"Toronto";"Tour en segway por el Distillery District";"https://www.civitatis.com/es/toronto/tour-segway-distillery-district/";"Segway Of Ontario And Go Tours Canada";"jason@segwayofontario.com";"416-642-0008";"6307787 Canada Inc. | 11 Gristmill Lane, Toronto, Ontario, , Toronto, Canadá";"";"32481.02";"9";"143";"9.3";"CLP";"2026-02-16"
"Canadá";"Toronto";"Excursión a las Cataratas del Niágara + SkyWheel + Espectáculo nocturno";"https://www.civitatis.com/es/toronto/cataratas-niagara-skywheel-espectaculo-nocturno/";"Zoom Tours Inc";"info@niagarafallsbustours.ca";"14162769127";"Zoom Tours Inc | 206 - 215 Carlingview Drive, Toronto, Canadá";"";"153079.96";"5";"45";"8.4";"CLP";"2026-02-16"
"Canadá";"Toronto";"Tour de dónuts por Toronto";"https://www.civitatis.com/es/toronto/tour-donuts-toronto/";"Underground Donut Tour";"info@undergrounddonuttour.com";"844-366-8848";"Underground Donut Tour, LLC | 2922 W. Lyndale, Unit 2, Chicago, Estados Unidos";"";"40951.15";"1";"24";"10.0";"CLP";"2026-02-16"
"Canadá";"Toronto";"Tarjeta eSIM con Internet para Canadá";"https://www.civitatis.com/es/toronto/tarjeta-esim-canada/";"Xplori";"go@xplori.world";"+84852186217";"WM&B Limited | 93-97 Des Voeux Road West, Hong Kong Island, China";"";"26845.75";"12";"98";"5.3";"CLP";"2026-02-16"
"Canadá";"Toronto";"Tour de la cerveza por Toronto";"https://www.civitatis.com/es/toronto/tour-cerveza-toronto/";"Urban Adventure Limited Cad";"reservations@urbanadventures.com";"00000000";"Urban Adventures Global Pty Ltd | Hong Kong Company Number, Melbourne, Australia";"";"59493.95";"3";"26";"10.0";"CLP";"2026-02-16"
"Canadá";"Toronto";"Entradas para la NHL: Toronto Maple Leafs";"https://www.civitatis.com/es/toronto/entradas-toronto-maple-leafs/";"Whereiam Group Pty Ltd";"alex.brennan@sportswhereiam.com";"+61341517525";"WHEREIAM GROUP PTY LTD | 10-20 Gwynne St, Cremorne, Australia";"";"155987.55";"0";"6";"0.0";"CLP";"2026-02-16"
"Canadá";"Toronto";"Entradas para la NBA: Toronto Raptors";"https://www.civitatis.com/es/toronto/entradas-nba-toronto-raptors/";"Whereiam Group Pty Ltd";"alex.brennan@sportswhereiam.com";"+61341517525";"WHEREIAM GROUP PTY LTD | 10-20 Gwynne St, Cremorne, Australia";"";"90240.73";"0";"9";"0.0";"CLP";"2026-02-16"
"Canadá";"Toronto";"Tour nocturno por Toronto en grupo reducido + CN Tower o paseo en barco";"https://www.civitatis.com/es/toronto/tour-nocturno-toronto-cn-tower-barco/";"See Sight Tours Cad";"bookings@seesight-tours.com";"+1 888-961-6584";"See Sight Tours INC | 5779 Desson Ave, Cataratas del Niágara, Canadá";"";"64393.85";"13";"193";"8.9";"CLP";"2026-02-16"
"Canadá";"Toronto";"Circuito de 8 días por lo mejor de Canadá";"https://www.civitatis.com/es/toronto/circuito-8-dias-canada/";"City Tours Usa";"customerservice@citytours.com";"+1 800 248 9868";"City Tours USA, INC | 299 Murray Hill Parkway- East Rutherford NJ 07073, Nueva York, Estados Unidos";"";"1587994.92";"11";"139";"8.5";"CLP";"2026-02-16"
"Canadá";"Toronto";"Tour nocturno en autobús descapotable";"https://www.civitatis.com/es/toronto/tour-nocturno-toronto/";"City Sightseeing Usd";"bookings@city-sightseeing.com";"+44 0 1789 299123";"City Sightseeing Ltd | Suite 8 Floor 3 Grosvenor House Redditch, Worcestershire, Reino Unido";"";"33215.93";"13";"139";"7.5";"CLP";"2026-02-16"
"Canadá";"Toronto";"Tour en bicicleta por Toronto";"https://www.civitatis.com/es/toronto/tour-bicicleta-toronto/";"Toronto Bicycle Tours Incorporated";"admin@torontobicycletours.com";"+1 416-477-2184";"Toronto Bicycle Tours Incorporated | 196 Gloucester Grove, Toronto, ON, Canada, M6E 2E9, Toronto, Canadá";"";"83091.0";"5";"49";"9.2";"CLP";"2026-02-16"
"Canadá";"Toronto";"Excursión a Niagara-on-the-Lake + Fábrica de chocolate y bodega";"https://www.civitatis.com/es/toronto/niagara-lake-fabrica-chocolate-bodega/";"Queen Tour";"reservations@tourstoniagarafalls.com";"4167927968";"C U TOURS INC | 1131 Steeles Ave West, 1402, North York, Ontario, Canada, Toronto, Canadá";"";"112971.67";"2";"17";"8.0";"CLP";"2026-02-16"
"Canadá";"Victoria";"Free tour por Victoria";"https://www.civitatis.com/es/victoria/free-tour-victoria/";"Toonie Tours";"guide@toonietours.ca";"866-643-1847";"Vancouver Toonie Tours | 123 Cambie Street, Vancouver, Canadá";"";"0.0";"81";"1920";"8.8";"CLP";"2026-02-16"
"Canadá";"Victoria";"Tour privado por Victoria";"https://www.civitatis.com/es/victoria/tour-privado-victoria/";"Toonie Tours";"guide@toonietours.ca";"866-643-1847";"Vancouver Toonie Tours | 123 Cambie Street, Vancouver, Canadá";"";"126493.57";"0";"35";"0.0";"CLP";"2026-02-16"
"Canadá";"Victoria";"Excursión a los jardines Butchart";"https://www.civitatis.com/es/victoria/excursion-jardines-butchart/";"Gray Line Sightseeing Victoria";"Info@sightseeingvictoria.com";"2503856553";"PACIFIC NORTHWEST TRANSPORTATION SERVICE | 4196 Glanford Ave., Victoria, BC, Canadá";"";"41411.8";"4";"69";"5.5";"CLP";"2026-02-16"
"Canadá";"Victoria";"Tarjeta eSIM con Internet para Canadá";"https://www.civitatis.com/es/victoria/tarjeta-esim-canada/";"Xplori";"go@xplori.world";"+84852186217";"WM&B Limited | 93-97 Des Voeux Road West, Hong Kong Island, China";"";"26845.75";"12";"98";"5.3";"CLP";"2026-02-16"
"Canadá";"Victoria";"Autobús turístico de Victoria";"https://www.civitatis.com/es/victoria/autobus-turistico-victoria/";"Gray Line Sightseeing Victoria";"Info@sightseeingvictoria.com";"2503856553";"PACIFIC NORTHWEST TRANSPORTATION SERVICE | 4196 Glanford Ave., Victoria, BC, Canadá";"";"48430.75";"4";"77";"5.5";"CLP";"2026-02-16"
"Canadá";"Victoria";"Tour en bicicleta por Victoria";"https://www.civitatis.com/es/victoria/tour-bicicleta-victoria/";"Toonie Tours";"guide@toonietours.ca";"866-643-1847";"Vancouver Toonie Tours | 123 Cambie Street, Vancouver, Canadá";"";"80992.29";"0";"9";"0.0";"CLP";"2026-02-16"
"Canadá";"Victoria";"Paseo en barco por el estrecho de Juan de Fuca";"https://www.civitatis.com/es/victoria/paseo-barco-estrecho-juan-fuca/";"Eagle Wing Whale & Wildlife Watching Tours";"brett@eaglewingtours.com";"250-580-2814";"Eagle Wing Tours Ltd. | 1 Dallas Rd (location), Victoria, Canadá";"";"117650.97";"2";"12";"8.0";"CLP";"2026-02-16"
"Canadá";"Victoria";"Tour gastronómico por Victoria";"https://www.civitatis.com/es/victoria/tour-gastronomico-victoria/";"Off The Eaten Track";"bonnie@offtheeatentracktours.ca";"7789184584";"Off The Eaten Track | 10-6961 East Saanich Road, Victoria, Canadá";"";"80216.57";"0";"4";"0.0";"CLP";"2026-02-16"
"Canadá";"Victoria";"Avistamiento de ballenas en Victoria";"https://www.civitatis.com/es/victoria/avistamiento-ballenas-victoria/";"Eagle Wing Whale & Wildlife Watching Tours";"brett@eaglewingtours.com";"250-580-2814";"Eagle Wing Tours Ltd. | 1 Dallas Rd (location), Victoria, Canadá";"";"135699.7";"1";"53";"8.0";"CLP";"2026-02-16"
"Canadá";"Victoria";"Avistamiento de ballenas en lancha rápida";"https://www.civitatis.com/es/victoria/avistamiento-ballenas-lancha-rapida/";"Eagle Wing Whale & Wildlife Watching Tours";"brett@eaglewingtours.com";"250-580-2814";"Eagle Wing Tours Ltd. | 1 Dallas Rd (location), Victoria, Canadá";"";"135699.7";"2";"28";"10.0";"CLP";"2026-02-16"
"Canadá";"Victoria";"Avistamiento de ballenas al atardecer";"https://www.civitatis.com/es/victoria/avistamiento-ballenas-atardecer/";"Eagle Wing Whale & Wildlife Watching Tours";"brett@eaglewingtours.com";"250-580-2814";"Eagle Wing Tours Ltd. | 1 Dallas Rd (location), Victoria, Canadá";"";"128346.52";"2";"30";"9.0";"CLP";"2026-02-16"
"Canadá";"Victoria";"Tour de arte urbano por Victoria + Cata de cervezas";"https://www.civitatis.com/es/victoria/tour-arte-urbano-cata-cervezas/";"Toonie Tours";"guide@toonietours.ca";"866-643-1847";"Vancouver Toonie Tours | 123 Cambie Street, Vancouver, Canadá";"";"80992.29";"0";"0";"0.0";"CLP";"2026-02-16"
"Canadá";"Montreal";"Free tour por Montreal";"https://www.civitatis.com/es/montreal/free-tour-montreal/";"Toonie Tours";"guide@toonietours.ca";"866-643-1847";"Vancouver Toonie Tours | 123 Cambie Street, Vancouver, Canadá";"";"0.0";"280";"4836";"8.6";"CLP";"2026-02-16"
"Canadá";"Montreal";"Entrada a La Grande Roue de Montréal";"https://www.civitatis.com/es/montreal/entrada-grande-roue-montreal/";"Ctrip Travel Holding Hong Kong Ltd";"ken.lau@trip.com";"+852 6731 5054";"CTRIP TRAVEL HOLDING HONG KONG LTD | Flat/RM 3012 30/F PAUL Y.CENTRE NO.51 HUNG TO ROAD KWUN TONG, Hong Kong, China";"";"22741.54";"14";"589";"9.1";"CLP";"2026-02-16"
"Canadá";"Montreal";"Tour privado por Montreal";"https://www.civitatis.com/es/montreal/tour-privado-montreal/";"Guidatour";"info@guidatour.qc.ca";"514 844 4021";"Guidatour | 360, rue Saint-François-Xavier, bureau 400, Montreal, Canadá";"";"174471.05";"74";"2287";"9.1";"CLP";"2026-02-16"
"Canadá";"Montreal";"Visita guiada por Montreal";"https://www.civitatis.com/es/montreal/visita-guiada-montreal/";"Guidatour";"info@guidatour.qc.ca";"514 844 4021";"Guidatour | 360, rue Saint-François-Xavier, bureau 400, Montreal, Canadá";"";"23396.5";"55";"764";"9.1";"CLP";"2026-02-16"
"Canadá";"Montreal";"Safari por Omega Park";"https://www.civitatis.com/es/montreal/safari-omega-park/";"North Adventures";"alejandro.marin@north-adventures.com";"5147707478";"9529-7396 Quebec Inc | 283 Rue Hyman Drive, Dollard des Ormeaux, Canadá";"";"260703.86";"9";"120";"10.0";"CLP";"2026-02-16"
"Canadá";"Montreal";"Traslados en Montreal";"https://www.civitatis.com/es/montreal/traslados/";"No especificado / Único";"N/A";"N/A";"N/A";"";"54601.54";"114";"2136";"8.4";"CLP";"2026-02-16"
"Canadá";"Montreal";"Visita guiada por el Montreal subterráneo y el Downtown";"https://www.civitatis.com/es/montreal/visita-guiada-montreal-subterraneo/";"Mtl Detours";"info@mtldetours.ca";"+1-514-293-2109";"MTL Detours (Lesley Thompson) | 4373 boul. Lasalle, Verdun, QC, H4G 2B2, Canada, Montreal, Canadá";"";"30081.21";"16";"184";"9.6";"CLP";"2026-02-16"
"Canadá";"Montreal";"Paseo en helicóptero por Montreal";"https://www.civitatis.com/es/montreal/paseo-helicoptero-montreal/";"Helicraft";"b.toigo@helicraft.ca";"5146867046";"Services Helicocorp Inc | 6500 chemin de la savane, Saint-Hubert, Canadá";"";"145258.84";"14";"165";"9.4";"CLP";"2026-02-16"
"Canadá";"Montreal";"Tarjeta eSIM con Internet para Canadá";"https://www.civitatis.com/es/montreal/tarjeta-esim-canada/";"Xplori";"go@xplori.world";"+84852186217";"WM&B Limited | 93-97 Des Voeux Road West, Hong Kong Island, China";"";"26845.75";"12";"98";"5.3";"CLP";"2026-02-16"
"Canadá";"Montreal";"Tour gastronómico por Montreal";"https://www.civitatis.com/es/montreal/tour-gastronomico-montreal/";"Secret Food Tours";"support@secretfoodtours.com";"33970735298";"Essor LTD | 6-8 Bonhill Street, Londres, Reino Unido";"";"62354.96";"0";"64";"0.0";"CLP";"2026-02-16"
"Canadá";"Montreal";"Entradas para la NHL: Montreal Canadiens";"https://www.civitatis.com/es/montreal/entradas-montreal-canadiens/";"Whereiam Group Pty Ltd";"alex.brennan@sportswhereiam.com";"+61341517525";"WHEREIAM GROUP PTY LTD | 10-20 Gwynne St, Cremorne, Australia";"";"174035.7";"0";"3";"0.0";"CLP";"2026-02-16"
"Canadá";"Montreal";"Excursión a Quebec";"https://www.civitatis.com/es/montreal/excursion-quebec/";"City Tours Usa";"customerservice@citytours.com";"+1 800 248 9868";"City Tours USA, INC | 299 Murray Hill Parkway- East Rutherford NJ 07073, Nueva York, Estados Unidos";"";"191105.4";"72";"863";"9.3";"CLP";"2026-02-16"
"Canadá";"Montreal";"Tour panorámico por Montreal";"https://www.civitatis.com/es/montreal/tour-panoramico-montreal/";"City Tours Usa";"customerservice@citytours.com";"+1 800 248 9868";"City Tours USA, INC | 299 Murray Hill Parkway- East Rutherford NJ 07073, Nueva York, Estados Unidos";"";"88272.49";"32";"460";"8.8";"CLP";"2026-02-16"
"Canadá";"Montreal";"Paseo en barco por Montreal";"https://www.civitatis.com/es/montreal/paseo-barco-montreal/";"Croisieres Aml";"experience@croisieresaml.com";"+15148429300";"Croisières AML Inc | 124 rue saint pierre, Quebec, Canadá";"";"40101.6";"7";"200";"7.4";"CLP";"2026-02-16"
"Canadá";"Montreal";"Paseo en barco nocturno por Montreal";"https://www.civitatis.com/es/montreal/paseo-barco-atardecer-montreal/";"Croisieres Aml";"experience@croisieresaml.com";"+15148429300";"Croisières AML Inc | 124 rue saint pierre, Quebec, Canadá";"";"57481.86";"6";"154";"6.7";"CLP";"2026-02-16"
"Canadá";"Montreal";"Tour teatralizado de los fantasmas de Montreal";"https://www.civitatis.com/es/montreal/tour-teatralizado-fantasmas-montreal/";"Guidatour";"info@guidatour.qc.ca";"514 844 4021";"Guidatour | 360, rue Saint-François-Xavier, bureau 400, Montreal, Canadá";"";"23396.5";"0";"74";"0.0";"CLP";"2026-02-16"
"Canadá";"Montreal";"Tour en bicicleta por Montreal";"https://www.civitatis.com/es/montreal/tour-bicicleta-montreal/";"Ça Roule Montréal";"info@caroulemontreal.com";"514-866-0633";"Ça Roule Montreal Inc | 27 de la Commune Est, Montreal, Canadá";"";"63023.48";"5";"48";"10.0";"CLP";"2026-02-16"
"Canadá";"Montreal";"Visita guiada por Plateau Mont-Royal y Mile End";"https://www.civitatis.com/es/montreal/tour-plateau-mont-royal-mile-end/";"Mtl Detours";"info@mtldetours.ca";"+1-514-293-2109";"MTL Detours (Lesley Thompson) | 4373 boul. Lasalle, Verdun, QC, H4G 2B2, Canada, Montreal, Canadá";"";"46124.53";"1";"18";"10.0";"CLP";"2026-02-16"
"Canadá";"Niagara-on-the-Lake";"Paseo en avioneta sobre las Cataratas del Niágara";"https://www.civitatis.com/es/niagara-on-the-lake/paseo-avioneta-cataratas-niagara/";"Niagara Falls Air Tours Inc.";"ian@niagarafallsairtours.com";"2892414544";"Niagara Falls Air Tours Inc. | 202-48 Front Street South, Thorold, Canadá";"";"123332.98";"0";"62";"0.0";"CLP";"2026-02-16"
"Canadá";"Calgary";"Free tour por Calgary";"https://www.civitatis.com/es/calgary/free-tour-calgary/";"Toonie Tours";"guide@toonietours.ca";"866-643-1847";"Vancouver Toonie Tours | 123 Cambie Street, Vancouver, Canadá";"";"0.0";"82";"2119";"9.3";"CLP";"2026-02-16"
"Canadá";"Calgary";"Tour por Banff y la montaña Sulphur + Cañón Johnston o lagos de Grassi";"https://www.civitatis.com/es/calgary/tour-banff-montana-sulphur/";"Vistachase";"naveensahraay@gmail.com";"+18257349456";"D TOURIST INC | 1915 32 AVE NE, Calgary, AB, Calgary, Canadá";"";"166449.39";"2";"30";"9.0";"CLP";"2026-02-16"
"Canadá";"Calgary";"Tour del arte urbano por Calgary + Cata de cervezas";"https://www.civitatis.com/es/calgary/tour-arte-urbano-calgary-cata-cervezas/";"Toonie Tours";"guide@toonietours.ca";"866-643-1847";"Vancouver Toonie Tours | 123 Cambie Street, Vancouver, Canadá";"";"80992.29";"0";"10";"0.0";"CLP";"2026-02-16"
"Canadá";"Calgary";"Entradas para la NHL: Calgary Flames";"https://www.civitatis.com/es/calgary/entradas-calgary-flames/";"Whereiam Group Pty Ltd";"alex.brennan@sportswhereiam.com";"+61341517525";"WHEREIAM GROUP PTY LTD | 10-20 Gwynne St, Cremorne, Australia";"";"48343.25";"0";"1";"0.0";"CLP";"2026-02-16"
"Canadá";"Calgary";"Tour por los lagos del Parque Nacional Banff";"https://www.civitatis.com/es/calgary/tour-lagos-banff/";"Banff Journey";"info@banffjourney.org";"+14039757280";"Banff Journey Limited | 500 4th Avenue SW, Suite 2500, Altius Centre, Calgary, Canadá";"";"112971.67";"12";"155";"9.0";"CLP";"2026-02-16"
"Canadá";"Calgary";"Tour de 6 días por las Rocosas Canadienses finalizando en Vancouver";"https://www.civitatis.com/es/calgary/tour-6-dias-rocosas-vancouver/";"Dominion Tours Inc";"dispatch@dominiontours.com";"+1 6042985995  91 829 2551";"Dominion Tours Inc. | 3839 Kitchener Street. Burnaby, BC. , Vancouver, Canadá";"";"2056539.07";"6";"70";"8.3";"CLP";"2026-02-16"
"Canadá";"Calgary";"Tour en bicicleta por Calgary";"https://www.civitatis.com/es/calgary/tour-bicicleta-calgary/";"Toonie Tours";"guide@toonietours.ca";"866-643-1847";"Vancouver Toonie Tours | 123 Cambie Street, Vancouver, Canadá";"";"90092.54";"0";"8";"0.0";"CLP";"2026-02-16"
"Canadá";"Calgary";"Tour en patinete eléctrico por Calgary";"https://www.civitatis.com/es/calgary/tour-patinete-electrico-calgary/";"Toonie Tours";"guide@toonietours.ca";"866-643-1847";"Vancouver Toonie Tours | 123 Cambie Street, Vancouver, Canadá";"";"70071.98";"0";"2";"0.0";"CLP";"2026-02-16"
"Canadá";"Whitehorse";"Tour de la aurora boreal";"https://www.civitatis.com/es/whitehorse/excursion-aurora-boreal/";"Arctic Range Adventure";"info@arcticrange.com";"+1-867-667-2209";"Arctic Range Adventure | PO Box 30140, Whitehorse, Canadá";"";"111601.31";"8";"325";"9.5";"CLP";"2026-02-16"
"Canadá";"Whitehorse";"Reserva de Vida Salvaje de Yukón + Aguas Termales de Eclipse Nordic";"https://www.civitatis.com/es/whitehorse/reserva-yukon-aguas-termales-eclipse-nordic/";"Arctic Range Adventure";"info@arcticrange.com";"+1-867-667-2209";"Arctic Range Adventure | PO Box 30140, Whitehorse, Canadá";"";"174771.86";"0";"99";"0.0";"CLP";"2026-02-16"
"Canadá";"Whitehorse";"Paseo con raquetas de nieve";"https://www.civitatis.com/es/whitehorse/paseo-raquetas-nieve/";"Arctic Range Adventure";"info@arcticrange.com";"+1-867-667-2209";"Arctic Range Adventure | PO Box 30140, Whitehorse, Canadá";"";"111601.31";"0";"37";"0.0";"CLP";"2026-02-16"
"Canadá";"Whitehorse";"Pesca en el hielo en Whitehorse + Raquetas de nieve";"https://www.civitatis.com/es/whitehorse/pesca-hielo-whitehorse/";"Arctic Range Adventure";"info@arcticrange.com";"+1-867-667-2209";"Arctic Range Adventure | PO Box 30140, Whitehorse, Canadá";"";"174771.86";"0";"13";"0.0";"CLP";"2026-02-16"
"Canadá";"Whitehorse";"Tarjeta eSIM con Internet para Canadá";"https://www.civitatis.com/es/whitehorse/tarjeta-esim-canada/";"Xplori";"go@xplori.world";"+84852186217";"WM&B Limited | 93-97 Des Voeux Road West, Hong Kong Island, China";"";"26845.75";"12";"98";"5.3";"CLP";"2026-02-16"
"Canadá";"Whitehorse";"Excursión al Parque Nacional de Kluane";"https://www.civitatis.com/es/whitehorse/excursion-parque-kluane/";"Arctic Range Adventure";"info@arcticrange.com";"+1-867-667-2209";"Arctic Range Adventure | PO Box 30140, Whitehorse, Canadá";"";"216885.56";"1";"38";"8.0";"CLP";"2026-02-16"
"Canadá";"Whitehorse";"Tour de auroras boreales por Whitehorse en 4 días";"https://www.civitatis.com/es/whitehorse/tour-4-dias-auroras-boreales/";"Dominion Tours Inc";"dispatch@dominiontours.com";"+1 6042985995  91 829 2551";"Dominion Tours Inc. | 3839 Kitchener Street. Burnaby, BC. , Vancouver, Canadá";"";"618336.1";"5";"94";"9.6";"CLP";"2026-02-16"
"Canadá";"Whitehorse";"Senderismo por el cañón Miles";"https://www.civitatis.com/es/whitehorse/senderismo-canon-miles/";"Arctic Range Adventure";"info@arcticrange.com";"+1-867-667-2209";"Arctic Range Adventure | PO Box 30140, Whitehorse, Canadá";"";"111601.31";"0";"0";"0.0";"CLP";"2026-02-16"
"Canadá";"Whitehorse";"Tour por Whitehorse";"https://www.civitatis.com/es/whitehorse/tour-whitehorse/";"Epic North Tour Experiences";"Info@epic-north.com";"8674573800";"EPIC North Tour Experiences Inc | PO BOX 11028, Whitehorse, Canadá";"";"106567.72";"0";"0";"0.0";"CLP";"2026-02-16"
"Canadá";"Whitehorse";"Excursión al lago Esmeralda y el desierto de Carcross";"https://www.civitatis.com/es/whitehorse/excursion-lago-esmeralda-desierto-carcross/";"Epic North Tour Experiences";"Info@epic-north.com";"8674573800";"EPIC North Tour Experiences Inc | PO BOX 11028, Whitehorse, Canadá";"";"189177.42";"0";"0";"0.0";"CLP";"2026-02-16"
"Canadá";"Whitehorse";"Excursión a Skagway, lago Esmeralda y desierto de Carcross";"https://www.civitatis.com/es/whitehorse/skagway-lago-esmeralda-desierto-carcross/";"Epic North Tour Experiences";"Info@epic-north.com";"8674573800";"EPIC North Tour Experiences Inc | PO BOX 11028, Whitehorse, Canadá";"";"252682.21";"0";"0";"0.0";"CLP";"2026-02-16"
"Canadá";"Cataratas del Niágara";"Paseo en helicóptero sobre las Cataratas del Niágara";"https://www.civitatis.com/es/cataratas-niagara-canada/paseo-helicoptero-cataratas-niagara/";"Niagara Helicopters Limited";"sales@niagarahelicopters.com";"905-357-5672";"Niagara Helicopters (2024) Limited | 3731 Victoria Avenue, Niagara Fallas, Canadá";"";"135699.7";"23";"369";"9.1";"CLP";"2026-02-16"
"Canadá";"Cataratas del Niágara";"Excursión a las Cataratas del Niágara con espectáculo nocturno de luces";"https://www.civitatis.com/es/cataratas-niagara-canada/excursion-nocturna-cataratas-niagara/";"Queen Tour";"reservations@tourstoniagarafalls.com";"4167927968";"C U TOURS INC | 1131 Steeles Ave West, 1402, North York, Ontario, Canada, Toronto, Canadá";"";"82335.62";"60";"779";"8.6";"CLP";"2026-02-16"
"Canadá";"Cataratas del Niágara";"Paseo en lancha rápida por el Río Niágara";"https://www.civitatis.com/es/cataratas-niagara-canada/lancha-rapida-rio-niagara/";"Whirlpool Jet Boat Tours";"tina@whirlpooljet.com";"905 468-4800";"Niagara Gorge Jet Boating Ltd | BOX 1215, 61 Melville St, Niagara on the Lake,, Canadá";"";"63217.34";"6";"216";"10.0";"CLP";"2026-02-16"
"Canadá";"Cataratas del Niágara";"Cataratas del Niágara al completo en 2 días";"https://www.civitatis.com/es/cataratas-niagara-canada/cataratas-niagara-completo/";"Vox City Usd";"hannah.hartigan@voxcity.com";"+44 7984 145966";"Vox City International Ltd | 277-279 Chiswick High Road, Londres, Reino Unido";"";"90243.64";"5";"171";"2.8";"CLP";"2026-02-16"
"Canadá";"Yellowknife";"Tour de la aurora boreal";"https://www.civitatis.com/es/yellowknife/tour-aurora-boreal/";"Arctic Tours Canada";"winfred@arctictourscanada.ca";"+1-867-446-7335";"Arctic Tours Canada | 4916 - 49 street, 2nd Floor, Yellowknife, Canadá";"";"80216.57";"6";"146";"8.3";"CLP";"2026-02-16"
"Canadá";"Yellowknife";"Paseo con raquetas de nieve por Great Slave Lake";"https://www.civitatis.com/es/yellowknife/raquetas-nieve-great-slave-lake/";"Arctic Tours Canada";"winfred@arctictourscanada.ca";"+1-867-446-7335";"Arctic Tours Canada | 4916 - 49 street, 2nd Floor, Yellowknife, Canadá";"";"66847.14";"3";"31";"10.0";"CLP";"2026-02-16"
"Canadá";"Yellowknife";"Aventura en moto de nieve";"https://www.civitatis.com/es/yellowknife/aventura-moto-nieve/";"Arctic Tours Canada";"winfred@arctictourscanada.ca";"+1-867-446-7335";"Arctic Tours Canada | 4916 - 49 street, 2nd Floor, Yellowknife, Canadá";"";"116982.5";"1";"12";"10.0";"CLP";"2026-02-16"
"Canadá";"Yellowknife";"Tour por la Carretera de Hielo";"https://www.civitatis.com/es/yellowknife/tour-carretera-hielo/";"Arctic Tours Canada";"winfred@arctictourscanada.ca";"+1-867-446-7335";"Arctic Tours Canada | 4916 - 49 street, 2nd Floor, Yellowknife, Canadá";"";"40108.28";"0";"6";"0.0";"CLP";"2026-02-16"
"Canadá";"Yellowknife";"Tour por Yellowknife";"https://www.civitatis.com/es/yellowknife/tour-yellowknife/";"Arctic Tours Canada";"winfred@arctictourscanada.ca";"+1-867-446-7335";"Arctic Tours Canada | 4916 - 49 street, 2nd Floor, Yellowknife, Canadá";"";"53477.71";"1";"18";"10.0";"CLP";"2026-02-16"
"Canadá";"Yellowknife";"Pesca en el hielo en el Great Slave Lake";"https://www.civitatis.com/es/yellowknife/pesca-hielo-great-slave-lake/";"Arctic Tours Canada";"winfred@arctictourscanada.ca";"+1-867-446-7335";"Arctic Tours Canada | 4916 - 49 street, 2nd Floor, Yellowknife, Canadá";"";"116982.5";"0";"5";"0.0";"CLP";"2026-02-16"
"Canadá";"Yellowknife";"Paseo en trineo de perros husky";"https://www.civitatis.com/es/yellowknife/paseo-trineo-perros-husky/";"Arctic Tours Canada";"winfred@arctictourscanada.ca";"+1-867-446-7335";"Arctic Tours Canada | 4916 - 49 street, 2nd Floor, Yellowknife, Canadá";"";"73531.86";"5";"69";"4.4";"CLP";"2026-02-16"
"Canadá";"Yellowknife";"Trekking por Cameron Falls";"https://www.civitatis.com/es/yellowknife/trekking-cameron-falls/";"Arctic Tours Canada";"winfred@arctictourscanada.ca";"+1-867-446-7335";"Arctic Tours Canada | 4916 - 49 street, 2nd Floor, Yellowknife, Canadá";"";"66847.14";"0";"0";"0.0";"CLP";"2026-02-16"
"Canadá";"Banff";"Excursión a las cascadas congeladas del Cañón Johnston";"https://www.civitatis.com/es/banff/excursion-cascadas-congeladas-canon-johnston/";"Discover Banff Tours";"info@banfftours.com";"4037605007";"Discover Banff Tours LTD | BOX 1566, Banff, Canadá";"";"83906.53";"1";"41";"10.0";"CLP";"2026-02-16"
"Canadá";"Banff";"Tour por Banff";"https://www.civitatis.com/es/banff/tour-banff/";"Discover Banff Tours";"info@banfftours.com";"4037605007";"Discover Banff Tours LTD | BOX 1566, Banff, Canadá";"";"76941.06";"3";"39";"9.3";"CLP";"2026-02-16"
"Canadá";"Banff";"Tour por Banff y la montaña Sulphur + Cañón Johnston o lagos de Grassi";"https://www.civitatis.com/es/banff/tour-banff-montana-sulphur/";"Vistachase";"naveensahraay@gmail.com";"+18257349456";"D TOURIST INC | 1915 32 AVE NE, Calgary, AB, Calgary, Canadá";"";"166449.39";"2";"30";"9.0";"CLP";"2026-02-16"
"Canadá";"Banff";"Paseo con raquetas de nieve por Banff";"https://www.civitatis.com/es/banff/paseo-raquetas-nieve/";"Discover Banff Tours";"info@banfftours.com";"4037605007";"Discover Banff Tours LTD | BOX 1566, Banff, Canadá";"";"65978.13";"0";"8";"0.0";"CLP";"2026-02-16"
"Canadá";"Banff";"Tour privado por Banff";"https://www.civitatis.com/es/banff/tour-privado-banff/";"Toonie Tours";"guide@toonietours.ca";"866-643-1847";"Vancouver Toonie Tours | 123 Cambie Street, Vancouver, Canadá";"";"126493.57";"0";"3";"0.0";"CLP";"2026-02-16"
"Canadá";"Banff";"Tour por los lagos del Parque Nacional Banff";"https://www.civitatis.com/es/banff/tour-lagos-banff/";"Banff Journey";"info@banffjourney.org";"+14039757280";"Banff Journey Limited | 500 4th Avenue SW, Suite 2500, Altius Centre, Calgary, Canadá";"";"112971.67";"12";"155";"9.0";"CLP";"2026-02-16"
"Canadá";"Banff";"Tour por Icefields Parkway";"https://www.civitatis.com/es/banff/tour-icefields-parkway/";"Discover Banff Tours";"info@banfftours.com";"4037605007";"Discover Banff Tours LTD | BOX 1566, Banff, Canadá";"";"220395.04";"4";"80";"9.5";"CLP";"2026-02-16"
"Canadá";"Banff";"Free tour por Banff";"https://www.civitatis.com/es/banff/free-tour-banff/";"Toonie Tours";"guide@toonietours.ca";"866-643-1847";"Vancouver Toonie Tours | 123 Cambie Street, Vancouver, Canadá";"";"0.0";"4";"101";"7.5";"CLP";"2026-02-16"
"Canadá";"Banff";"Excursión al Lago Louise";"https://www.civitatis.com/es/banff/excursion-lago-louise-canon-marble/";"Discover Banff Tours";"info@banfftours.com";"4037605007";"Discover Banff Tours LTD | BOX 1566, Banff, Canadá";"";"108091.83";"9";"71";"8.0";"CLP";"2026-02-16"
"Canadá";"Banff";"Excursión al lago Moraine al amanecer o al atardecer";"https://www.civitatis.com/es/banff/excursion-lago-moraine/";"Into The Wild Tours";"explore@intothewildtours.ca";"1-403-493-9103";"INTO THE WILD TOURS INC | 208B miskow close, canmore, Canadá";"";"94755.82";"2";"41";"10.0";"CLP";"2026-02-16"
"Canadá";"Banff";"Excursión a un refugio de osos grizzly";"https://www.civitatis.com/es/banff/excursion-refugio-osos-grizzly/";"Discover Banff Tours";"info@banfftours.com";"4037605007";"Discover Banff Tours LTD | BOX 1566, Banff, Canadá";"";"212674.19";"0";"23";"0.0";"CLP";"2026-02-16"
"Canadá";"Banff";"Senderismo por Banff";"https://www.civitatis.com/es/banff/senderismo-banff/";"Discover Banff Tours";"info@banfftours.com";"4037605007";"Discover Banff Tours LTD | BOX 1566, Banff, Canadá";"";"97563.4";"1";"18";"10.0";"CLP";"2026-02-16"
"Canadá";"Quebec";"Free tour por Quebec";"https://www.civitatis.com/es/quebec/free-tour-quebec/";"Toonie Tours";"guide@toonietours.ca";"866-643-1847";"Vancouver Toonie Tours | 123 Cambie Street, Vancouver, Canadá";"";"0.0";"22";"1053";"7.6";"CLP";"2026-02-16"
"Canadá";"Quebec";"Visita guiada por el castillo de Frontenac";"https://www.civitatis.com/es/quebec/visita-guiada-castillo-frontenac/";"Cicérone Tours";"marc@cicerone.ca";"+1 418 977-8977";"Cicérone inc. | 51 rue des Jardins suite 304, Quebec, Canadá";"";"15374.84";"83";"953";"9.2";"CLP";"2026-02-16"
"Canadá";"Quebec";"Tour privado por Quebec";"https://www.civitatis.com/es/quebec/tour-privado-quebec/";"Guydeez";"lauderic@guydeez.com";"+34 670 78 37 54";"GUYDEEZ TOUR - FZCO | IFZA Business Park, DDP, Dubái, Emiratos Árabes Unidos";"";"151169.47";"105";"1356";"9.0";"CLP";"2026-02-16"
"Canadá";"Quebec";"Visita guiada por Quebec";"https://www.civitatis.com/es/quebec/visita-guiada-quebec/";"Hq Services Touristiques";"info@hqst.ca";"4183306262";"9469-7570 Québec inc. | 112 rue Saint-Paul, Quebec, Canadá";"";"41445.23";"38";"678";"8.5";"CLP";"2026-02-16"
"Canadá";"Quebec";"Tarjeta eSIM con Internet para Canadá";"https://www.civitatis.com/es/quebec/tarjeta-esim-canada/";"Xplori";"go@xplori.world";"+84852186217";"WM&B Limited | 93-97 Des Voeux Road West, Hong Kong Island, China";"";"26845.75";"12";"98";"5.3";"CLP";"2026-02-16"
"Canadá";"Quebec";"Paseo en barco por Quebec";"https://www.civitatis.com/es/quebec/paseo-barco-quebec/";"Croisieres Aml";"experience@croisieresaml.com";"+15148429300";"Croisières AML Inc | 124 rue saint pierre, Quebec, Canadá";"";"43443.96";"15";"296";"7.1";"CLP";"2026-02-16"
"Canadá";"Quebec";"Tour navideño por Quebec";"https://www.civitatis.com/es/quebec/tour-navidad-quebec/";"Cicérone Tours";"marc@cicerone.ca";"+1 418 977-8977";"Cicérone inc. | 51 rue des Jardins suite 304, Quebec, Canadá";"";"22728.02";"3";"125";"8.0";"CLP";"2026-02-16"
"Canadá";"Quebec";"Paseo en barco nocturno por Quebec";"https://www.civitatis.com/es/quebec/paseo-barco-atardecer-quebec/";"Croisieres Aml";"experience@croisieresaml.com";"+15148429300";"Croisières AML Inc | 124 rue saint pierre, Quebec, Canadá";"";"38824.82";"5";"98";"9.6";"CLP";"2026-02-16"
"Canadá";"Quebec";"Tour en bicicleta eléctrica por la isla de Orleans";"https://www.civitatis.com/es/quebec/tour-bicicleta-electrica-isla-orleans/";"Quebec Aventure Tours";"info@quebecaventuretours.com";"418-564-3394";"Gestion Moritz Inc | 507 route Prevost, St laurent de l'ile d'Orléans, Canadá";"";"162894.6";"1";"10";"10.0";"CLP";"2026-02-16"
"Canadá";"Quebec";"Alquiler de bicicleta en la isla de Orleans";"https://www.civitatis.com/es/quebec/alquiler-bicicleta-isla-orleans/";"Quebec Aventure Tours";"info@quebecaventuretours.com";"418-564-3394";"Gestion Moritz Inc | 507 route Prevost, St laurent de l'ile d'Orléans, Canadá";"";"35491.0";"1";"20";"8.0";"CLP";"2026-02-16"
"Canadá";"Quebec";"Excursión a la isla Grosse en barco";"https://www.civitatis.com/es/quebec/excursion-isla-grosse/";"Croisieres Aml";"experience@croisieresaml.com";"+15148429300";"Croisières AML Inc | 124 rue saint pierre, Quebec, Canadá";"";"69153.37";"0";"7";"0.0";"CLP";"2026-02-16"
"Canadá";"Ottawa";"Free tour por Ottawa";"https://www.civitatis.com/es/ottawa/free-tour-ottawa/";"Toonie Tours";"guide@toonietours.ca";"866-643-1847";"Vancouver Toonie Tours | 123 Cambie Street, Vancouver, Canadá";"";"0.0";"77";"2462";"7.8";"CLP";"2026-02-16"
"Canadá";"Ottawa";"Tour privado por Ottawa";"https://www.civitatis.com/es/ottawa/tour-privado-ottawa/";"Guydeez";"lauderic@guydeez.com";"+34 670 78 37 54";"GUYDEEZ TOUR - FZCO | IFZA Business Park, DDP, Dubái, Emiratos Árabes Unidos";"";"75584.73";"47";"713";"8.3";"CLP";"2026-02-16"
"Canadá";"Ottawa";"Tarjeta eSIM con Internet para Canadá";"https://www.civitatis.com/es/ottawa/tarjeta-esim-canada/";"Xplori";"go@xplori.world";"+84852186217";"WM&B Limited | 93-97 Des Voeux Road West, Hong Kong Island, China";"";"26845.75";"12";"98";"5.3";"CLP";"2026-02-16"
"Canadá";"Ottawa";"Entradas para la NHL: Ottawa Senators";"https://www.civitatis.com/es/ottawa/entradas-ottawa-senators/";"Whereiam Group Pty Ltd";"alex.brennan@sportswhereiam.com";"+61341517525";"WHEREIAM GROUP PTY LTD | 10-20 Gwynne St, Cremorne, Australia";"";"22560.18";"0";"8";"0.0";"CLP";"2026-02-16"
"Canadá";"Ottawa";"Tour de la cerveza por Ottawa";"https://www.civitatis.com/es/ottawa/tour-cervaza-ottawa/";"Brew Donkey Inc";"admin@brewdonkey.ca";"6138820923";"Bradley Campeau | 1000 - 150 Elgin Street Ottawa ON K2P 1L4, Ottawa, Canadá";"";"68966.2";"0";"1";"0.0";"CLP";"2026-02-16"
"Canadá";"Ottawa";"Visita guiada por Ottawa";"https://www.civitatis.com/es/ottawa/visita-guiada-ottawa/";"Ottawa Walking Tours";"info@ottawawalkingtours.com";"6137991774";"Ottawa Walking Tours Inc | 100 florence street, Ottawa, Canadá";"";"64611.82";"17";"100";"9.4";"CLP";"2026-02-16"
"Canadá";"Whistler";"Tour panorámico por Whistler";"https://www.civitatis.com/es/whistler/tour-panoramico-whistler/";"Whistler Valley Tours";"ryan@whistlervalleytours.com";"+1 604 967 3509";"Whistler Valley Tours & Charters Inc. | Gondola Transit Exchange, Whistler BC, Canada, V0N1B4, Whistler, Canadá";"";"81613.68";"3";"106";"10.0";"CLP";"2026-02-16"
"Canadá";"Whistler";"Paseo en helicóptero por Whistler";"https://www.civitatis.com/es/whistler/paseo-helicoptero-whistler/";"Blackcomb Helicopters";"jnorris@blackcombhelicopters.com";"6049381700";"Blackcomb Helicopters Limited Partnership | 400-375 Water St, Vancouver, BC V6B 5C6, Whistler, Canadá";"";"150907.43";"1";"45";"10.0";"CLP";"2026-02-16"
"Canadá";"Whistler";"Visita a la destilería Montis";"https://www.civitatis.com/es/whistler/visita-destileria-montis/";"Whistler Valley Tours";"ryan@whistlervalleytours.com";"+1 604 967 3509";"Whistler Valley Tours & Charters Inc. | Gondola Transit Exchange, Whistler BC, Canada, V0N1B4, Whistler, Canadá";"";"66773.61";"0";"2";"0.0";"CLP";"2026-02-16"
"Canadá";"Whistler";"Rafting en el río Elaho";"https://www.civitatis.com/es/whistler/rafting-rio-elaho/";"Canadian Outback Rafting";"Sarah@canadianoutbackrafting.com";"604-898-2363";"Canadian Outback Rafting Co Ltd | 332 East Esplanade, North Vancouver, Canadá";"";"161429.17";"0";"16";"0.0";"CLP";"2026-02-16"
"Canadá";"Whistler";"Vía ferrata de la montaña Whistler";"https://www.civitatis.com/es/whistler/via-ferrata-montana-whistler/";"Mountain Skills Academy & Adventures";"info@mountainskillsacademy.com";"604 938 9242";"Whistler Alpine Guides Bureau Ltd | 207b-4368 Main St, Whistler, Canadá";"";"189845.89";"0";"0";"0.0";"CLP";"2026-02-16"
"Canadá";"Whistler";"Visita guiada por Whistler";"https://www.civitatis.com/es/whistler/visita-guiada-whistler/";"Whistler Valley Tours";"ryan@whistlervalleytours.com";"+1 604 967 3509";"Whistler Valley Tours & Charters Inc. | Gondola Transit Exchange, Whistler BC, Canada, V0N1B4, Whistler, Canadá";"";"44506.82";"1";"4";"10.0";"CLP";"2026-02-16"
"Canadá";"Tadoussac";"Paseo en barco con avistamiento de ballenas";"https://www.civitatis.com/es/tadoussac/paseo-barco-avistamiento-ballenas/";"Croisieres Aml";"experience@croisieresaml.com";"+15148429300";"Croisières AML Inc | 124 rue saint pierre, Quebec, Canadá";"";"106948.74";"11";"413";"6.9";"CLP";"2026-02-16"
"Canadá";"Tadoussac";"Paseo en zodiac con avistamiento de ballenas";"https://www.civitatis.com/es/tadoussac/paseo-zodiac-avistamiento-ballenas/";"Croisieres Aml";"experience@croisieresaml.com";"+15148429300";"Croisières AML Inc | 124 rue saint pierre, Quebec, Canadá";"";"93579.31";"17";"473";"8.4";"CLP";"2026-02-16"
"Canadá";"Halifax";"Tour por Halifax y Peggy's Cove";"https://www.civitatis.com/es/halifax/tour-halifax-peggys-cove/";"See Sight Tours Cad";"bookings@seesight-tours.com";"+1 888-961-6584";"See Sight Tours INC | 5779 Desson Ave, Cataratas del Niágara, Canadá";"";"84554.95";"0";"16";"0.0";"CLP";"2026-02-16"
"Canadá";"Halifax";"Excursión a Peggy's Cove";"https://www.civitatis.com/es/halifax/excursion-peggys-cove/";"Murphy's Sailing Tours";"amalloy@ambassatours.com";"9024201015";"Murphy's Sailing Tours | 1751 Lower Water Street, Halifax, Canadá";"";"68418.05";"0";"26";"0.0";"CLP";"2026-02-16"
"Canadá";"Halifax";"Autobús turístico de Halifax";"https://www.civitatis.com/es/halifax/autobus-turistico-halifax/";"Murphy's Sailing Tours";"amalloy@ambassatours.com";"9024201015";"Murphy's Sailing Tours | 1751 Lower Water Street, Halifax, Canadá";"";"38864.93";"1";"66";"10.0";"CLP";"2026-02-16"
"Canadá";"Halifax";"Tour en autobús anfibio por Halifax";"https://www.civitatis.com/es/halifax/tour-autobus-anfibio-halifax/";"Murphy's Sailing Tours";"amalloy@ambassatours.com";"9024201015";"Murphy's Sailing Tours | 1751 Lower Water Street, Halifax, Canadá";"";"43604.39";"0";"6";"0.0";"CLP";"2026-02-16"
"Canadá";"Halifax";"Ferry a Georges Island";"https://www.civitatis.com/es/halifax/ferry-georges-island/";"Murphy's Sailing Tours";"amalloy@ambassatours.com";"9024201015";"Murphy's Sailing Tours | 1751 Lower Water Street, Halifax, Canadá";"";"20054.14";"0";"2";"0.0";"CLP";"2026-02-16"
"Canadá";"Halifax";"Paseo en goleta por Halifax";"https://www.civitatis.com/es/halifax/paseo-goleta-halifax/";"Murphy's Sailing Tours";"amalloy@ambassatours.com";"9024201015";"Murphy's Sailing Tours | 1751 Lower Water Street, Halifax, Canadá";"";"40489.31";"0";"3";"0.0";"CLP";"2026-02-16"
"Canadá";"Cline River";"Paseo en helicóptero por las Montañas Rocosas";"https://www.civitatis.com/es/cline-river/paseo-helicoptero-montanas-rocosas/";"Rockies Heli Tour Canada Inc";"icefield@rockiesheli.com";"403-721-2100";"Airborne Logistics Inc. | Hangar #1 Whitecourt Airport, Whitecourt, AB, Canadá";"";"153748.43";"1";"23";"10.0";"CLP";"2026-02-16"
"Canadá";"Cline River";"Paseo en helicóptero y raquetas de nieve por las Montañas Rocosas";"https://www.civitatis.com/es/cline-river/helicoptero-raquetas-nieve-montanas-rocosas/";"Rockies Heli Tour Canada Inc";"icefield@rockiesheli.com";"403-721-2100";"Airborne Logistics Inc. | Hangar #1 Whitecourt Airport, Whitecourt, AB, Canadá";"";"315518.52";"0";"0";"0.0";"CLP";"2026-02-16"
"Canadá";"Cline River";"Paseo en helicóptero y senderismo por las Montañas Rocosas";"https://www.civitatis.com/es/cline-river/paseo-helicoptero-senderismo-montanas-rocosas/";"Rockies Heli Tour Canada Inc";"icefield@rockiesheli.com";"403-721-2100";"Airborne Logistics Inc. | Hangar #1 Whitecourt Airport, Whitecourt, AB, Canadá";"";"209900.03";"0";"0";"0.0";"CLP";"2026-02-16"
"Canadá";"Saint John";"Visita guiada por Saint John";"https://www.civitatis.com/es/saint-john-canada/visita-guiada-saint-john/";"See Sight Tours Cad";"bookings@seesight-tours.com";"+1 888-961-6584";"See Sight Tours INC | 5779 Desson Ave, Cataratas del Niágara, Canadá";"";"82455.95";"0";"8";"0.0";"CLP";"2026-02-16"
"Canadá";"Charlottetown";"Visita guiada por Charlottetown";"https://www.civitatis.com/es/charlottetown/visita-guiada-charlottetown/";"See Sight Tours Cad";"bookings@seesight-tours.com";"+1 888-961-6584";"See Sight Tours INC | 5779 Desson Ave, Cataratas del Niágara, Canadá";"";"39172.42";"0";"10";"0.0";"CLP";"2026-02-16"
"Canadá";"Charlottetown";"Tour gastronómico por Charlottetown";"https://www.civitatis.com/es/charlottetown/tour-gastronomico-charlottetown/";"See Sight Tours Cad";"bookings@seesight-tours.com";"+1 888-961-6584";"See Sight Tours INC | 5779 Desson Ave, Cataratas del Niágara, Canadá";"";"82135.08";"0";"0";"0.0";"CLP";"2026-02-16"
"Canadá";"Charlottetown";"Tour por la Isla del Príncipe Eduardo";"https://www.civitatis.com/es/charlottetown/tour-isla-principe-eduardo/";"See Sight Tours Cad";"bookings@seesight-tours.com";"+1 888-961-6584";"See Sight Tours INC | 5779 Desson Ave, Cataratas del Niágara, Canadá";"";"102944.6";"0";"0";"0.0";"CLP";"2026-02-16"
"Canadá";"San Juan de Terranova";"Tour por San Juan de Terranova + Paseo en barco";"https://www.civitatis.com/es/san-juan-de-terranova/tour-san-juan-terranova-barco/";"See Sight Tours Cad";"bookings@seesight-tours.com";"+1 888-961-6584";"See Sight Tours INC | 5779 Desson Ave, Cataratas del Niágara, Canadá";"";"161609.66";"0";"0";"0.0";"CLP";"2026-02-16"
"Canadá";"Telegraph Cove";"Tour en kayak por Telegraph Cove";"https://www.civitatis.com/es/telegraph-cove/tour-kayak-telegraph-cove-atardecer/";"North Island Kayak";"tours@kayakbc.ca";"250 383-4884";"North Island Kayak Ltd. | 1610 Telegraph Cove Rd., Telegraph Cove, Canadá";"";"72863.38";"0";"5";"0.0";"CLP";"2026-02-16"
"Canadá";"Telegraph Cove";"Avistamiento de ballenas y delfines en el archipiélago de Broughton";"https://www.civitatis.com/es/telegraph-cove/avistamiento-cetaceos-archipielago-broughton/";"Prince Of Whales";"sales@princeofwhales.com";"18883834884";"Inter Island Launch Ltd. | 812 Wharf St, Victoria, Canadá";"";"136869.53";"0";"0";"0.0";"CLP";"2026-02-16"
"Canadá";"Jasper";"Rafting en el río Athabasca";"https://www.civitatis.com/es/jasper/rafting-rio-athabasca/";"Jasper Raft Tours";"katrina@jasperrafttours.com";"780-852-3613";"Jasper Raft Tours LTD | box 398 Jasper Alberta, Jasper, Canadá";"";"65276.23";"0";"4";"0.0";"CLP";"2026-02-16"
"Canadá";"Naramata";"Paseo en velero por el lago Okanagan";"https://www.civitatis.com/es/naramata/paseo-velero-lago-okanagan/";"Winds Of Change Experiences";"windsofchangeexperiences@gmail.com";"12503207479";"Winds of Change Experiences | PO Box 1273 Stn Main, Kamloops, Canadá";"";"204755.79";"0";"0";"0.0";"CLP";"2026-02-16"
"Canadá";"Edmonton";"Free tour por Edmonton";"https://www.civitatis.com/es/edmonton/free-tour-edmonton/";"Toonie Tours";"guide@toonietours.ca";"866-643-1847";"Vancouver Toonie Tours | 123 Cambie Street, Vancouver, Canadá";"";"0.0";"0";"5";"0.0";"CLP";"2026-02-16"
"Canadá";"Edmonton";"Tour en bicicleta por Edmonton";"https://www.civitatis.com/es/edmonton/tour-bicicleta-edmonton/";"Toonie Tours";"guide@toonietours.ca";"866-643-1847";"Vancouver Toonie Tours | 123 Cambie Street, Vancouver, Canadá";"";"85223.91";"0";"0";"0.0";"CLP";"2026-02-16"
"Canadá";"Edmonton";"Tour en patinete eléctrico por Edmonton";"https://www.civitatis.com/es/edmonton/tour-patinete-electrico-edmonton/";"Toonie Tours";"guide@toonietours.ca";"866-643-1847";"Vancouver Toonie Tours | 123 Cambie Street, Vancouver, Canadá";"";"68006.22";"0";"0";"0.0";"CLP";"2026-02-16"
