"pais";"destino";"actividad";"url_actividad";"operador";"email";"telefono";"direccion";"descripcion";"precio_real";"opiniones";"viajeros";"rating";"moneda";"fecha_scan"
"Ecuador";"Quito";"Excursión a Baños de Agua Santa";"https://www.civitatis.com/es/quito/excursion-banos-agua-santa/";"Johan Caruci";"johancaruci@gmail.com";"+593 963136972";"Johan Caruci | Díaz de la Madrid 157 y Francisco Lizarazu, Quito, Ecuador";"";"59447.8";"108";"1031";"9.1";"CLP";"2026-02-24"
"Ecuador";"Quito";"Excursión a Cotopaxi y el mirador de Quilotoa";"https://www.civitatis.com/es/quito/excursion-cotopaxi-quilotoa/";"Overland Adventure";"gerencia@overladventure.com";"+593 98 188 4297";"OVERLAND ADVENTURE OVERLANDECUADOR S.A.S | manuel cornejo E5-105 y simon cardenas, Quito, Ecuador";"";"76824.85";"243";"2142";"8.9";"CLP";"2026-02-24"
"Ecuador";"Quito";"Free tour por Quito";"https://www.civitatis.com/es/quito/free-tour-quito/";"Johan Caruci";"johancaruci@gmail.com";"+593 963136972";"Johan Caruci | Díaz de la Madrid 157 y Francisco Lizarazu, Quito, Ecuador";"";"0.0";"784";"12621";"9.7";"CLP";"2026-02-24"
"Ecuador";"Quito";"Free tour por Quito";"https://www.civitatis.com/es/quito/free-tour-quito/";"Kunakkuna Experiences";"kunakkuna.experiences@gmail.com";"0963237172";"Grace Belén Ribadeneira López | Leonidas Plaza 24-54 y Wilson, Quito, Ecuador";"";"0.0";"784";"12621";"9.7";"CLP";"2026-02-24"
"Ecuador";"Quito";"Excursión a Otavalo";"https://www.civitatis.com/es/quito/excursion-mercados-otavalo-cotacachi/";"Liv Ecuador";"ana.paez@liv.ec";"+593 994794299";"Proactivo Capital Group, LLC | 3029 NE 188th Street # 604, Miami, Estados Unidos";"";"63106.13";"65";"462";"9.0";"CLP";"2026-02-24"
"Ecuador";"Quito";"Traslados en Quito";"https://www.civitatis.com/es/quito/traslados/";"No especificado / Único";"N/A";"N/A";"N/A";"";"36583.26";"82";"1411";"8.8";"CLP";"2026-02-24"
"Ecuador";"Quito";"Excursión a las termas de Papallacta";"https://www.civitatis.com/es/quito/excursion-termas-papallacta/";"Jhonny El Guía Tours";"jonathan.steven290@hotmail.com";"+593 98 329 0399";"Jonathan Chango | Santa Barbara Baja, Shagli Lote 25, Quito, Ecuador";"";"59447.8";"11";"97";"9.6";"CLP";"2026-02-24"
"Ecuador";"Quito";"Excursión a Mindo";"https://www.civitatis.com/es/quito/excursion-mindo/";"Johan Caruci";"johancaruci@gmail.com";"+593 963136972";"Johan Caruci | Díaz de la Madrid 157 y Francisco Lizarazu, Quito, Ecuador";"";"59447.8";"25";"352";"9.2";"CLP";"2026-02-24"
"Ecuador";"Quito";"Excursión a la Mitad del Mundo";"https://www.civitatis.com/es/quito/excursion-mitad-mundo/";"Liv Ecuador";"ana.paez@liv.ec";"+593 994794299";"Proactivo Capital Group, LLC | 3029 NE 188th Street # 604, Miami, Estados Unidos";"";"35668.68";"116";"1693";"8.5";"CLP";"2026-02-24"
"Ecuador";"Quito";"Excursión a la Mitad del Mundo";"https://www.civitatis.com/es/quito/excursion-mitad-mundo/";"Global Land Tour Globaland Cia Ltda";"management@globallandtour.com";"593999712102";"GLOBAL LAND TOUR GLOBALAND CIA. LTDA. | Vicente Ramón Roca E4-49 y Av. Amazonas, Quito, Ecuador";"";"35668.68";"116";"1693";"8.5";"CLP";"2026-02-24"
"Ecuador";"Quito";"Autobús turístico de Quito";"https://www.civitatis.com/es/quito/autobus-turistico-quito/";"Quito Tour Bus";"dcarrasco@quindetour.com";"0983359796";"Quindetour Cia. Ltda | Paris N41-43 entre Granados y Pinzón - Quito - Ecuador, Quito, Ecuador";"";"13718.72";"15";"309";"7.3";"CLP";"2026-02-24"
"Ecuador";"Quito";"Excursión al volcán Chimborazo";"https://www.civitatis.com/es/quito/excursion-volcan-chimborazo/";"Quilla Tours Ec";"robert_balc@hotmail.com";"+593 995035835";"BALSECA MEJIA ROBERTO DANIEL | 12 de octubre y veintimilla, Quito, Ecuador";"";"64020.71";"0";"48";"0.0";"CLP";"2026-02-24"
"Ecuador";"Quito";"Free tour gastronómico por Quito";"https://www.civitatis.com/es/quito/free-tour-gastronomico-quito/";"Johan Caruci";"johancaruci@gmail.com";"+593 963136972";"Johan Caruci | Díaz de la Madrid 157 y Francisco Lizarazu, Quito, Ecuador";"";"0.0";"9";"217";"9.8";"CLP";"2026-02-24"
"Ecuador";"Quito";"Tour por la Mitad del Mundo y el Museo Intiñan + Teleférico";"https://www.civitatis.com/es/quito/tour-mitad-mundo-intinan-teleferico/";"Quilla Tours Ec";"robert_balc@hotmail.com";"+593 995035835";"BALSECA MEJIA ROBERTO DANIEL | 12 de octubre y veintimilla, Quito, Ecuador";"";"59447.8";"76";"505";"9.7";"CLP";"2026-02-24"
"Ecuador";"Quito";"Trekking por el volcán Cotopaxi";"https://www.civitatis.com/es/quito/trekking-volcan-cotopaxi/";"Quinana Tours";"quinanatours@gmail.com";"+593 999840991";"JUSTIN FERNANDO BASANTES ANCHATIPAN | Quito Colonial, Rocafuerte y Cuenca, Quito, Ecuador";"";"64020.71";"14";"179";"8.6";"CLP";"2026-02-24"
"Ecuador";"Quito";"Tour de Quito al completo";"https://www.civitatis.com/es/quito/tour-quito-completo/";"Overland Adventure";"gerencia@overladventure.com";"+593 98 188 4297";"OVERLAND ADVENTURE OVERLANDECUADOR S.A.S | manuel cornejo E5-105 y simon cardenas, Quito, Ecuador";"";"69233.82";"10";"191";"9.8";"CLP";"2026-02-24"
"Ecuador";"Quito";"Free tour de compras por Quito";"https://www.civitatis.com/es/quito/free-tour-compras-quito/";"Kunakkuna Experiences";"kunakkuna.experiences@gmail.com";"0963237172";"Grace Belén Ribadeneira López | Leonidas Plaza 24-54 y Wilson, Quito, Ecuador";"";"0.0";"20";"404";"8.9";"CLP";"2026-02-24"
"Ecuador";"Quito";"Free tour de las mujeres ilustres de Ecuador";"https://www.civitatis.com/es/quito/free-tour-mujeres-ecuador/";"Johan Caruci";"johancaruci@gmail.com";"+593 963136972";"Johan Caruci | Díaz de la Madrid 157 y Francisco Lizarazu, Quito, Ecuador";"";"0.0";"10";"195";"9.0";"CLP";"2026-02-24"
"Ecuador";"Quito";"Excursión a las comunidades andinas del Quilotoa";"https://www.civitatis.com/es/quito/excursion-comunidades-andinas-quilotoa/";"Quinana Tours";"quinanatours@gmail.com";"+593 999840991";"JUSTIN FERNANDO BASANTES ANCHATIPAN | Quito Colonial, Rocafuerte y Cuenca, Quito, Ecuador";"";"64020.71";"14";"131";"9.9";"CLP";"2026-02-24"
"Ecuador";"Quito";"Excursión a Cruz Loma + Teleférico";"https://www.civitatis.com/es/quito/excursion-cruz-loma-teleferiqo/";"Kunakkuna Experiences";"kunakkuna.experiences@gmail.com";"0963237172";"Grace Belén Ribadeneira López | Leonidas Plaza 24-54 y Wilson, Quito, Ecuador";"";"59447.8";"9";"79";"9.6";"CLP";"2026-02-24"
"Ecuador";"Quito";"Excursión a Baeza y Puerto Misahuallí";"https://www.civitatis.com/es/quito/excursion-baeza-puerto-misahualli/";"Johan Caruci";"johancaruci@gmail.com";"+593 963136972";"Johan Caruci | Díaz de la Madrid 157 y Francisco Lizarazu, Quito, Ecuador";"";"73166.53";"5";"52";"9.2";"CLP";"2026-02-24"
"Ecuador";"Quito";"Tour de 2 días por la Avenida de los Volcanes";"https://www.civitatis.com/es/quito/tour-2-dias-avenida-volcanes/";"Quilla Tours Ec";"robert_balc@hotmail.com";"+593 995035835";"BALSECA MEJIA ROBERTO DANIEL | 12 de octubre y veintimilla, Quito, Ecuador";"";"164624.69";"9";"48";"8.9";"CLP";"2026-02-24"
"Ecuador";"Quito";"Tour nocturno en patinete eléctrico por Quito";"https://www.civitatis.com/es/quito/tour-nocturno-patinete-electrico-quito/";"Navel Expeditions";"navelexpeditions@gmail.com";"593961790030";"Miguel Gordillo Jaramillo | VICENTE RAMON ROCA E8-57, AV. 6 DE DICIEMBRE, Quito, Ecuador";"";"32924.93";"8";"38";"9.8";"CLP";"2026-02-24"
"Ecuador";"Quito";"Excursión al Parque Nacional Cayambe y Cueva de los Tayos";"https://www.civitatis.com/es/quito/excursion-parque-cayambe-cueva-tayos/";"Johan Caruci";"johancaruci@gmail.com";"+593 963136972";"Johan Caruci | Díaz de la Madrid 157 y Francisco Lizarazu, Quito, Ecuador";"";"86885.25";"0";"38";"0.0";"CLP";"2026-02-24"
"Ecuador";"Quito";"Tour privado por Quito";"https://www.civitatis.com/es/quito/tour-privado-quito/";"Pamtours";"pamtour@pamtour.com";"+593999459911";"PAMELA TOURS CIA LTDA | Luis Cordero E4-311, Quito, Ecuador";"";"155478.87";"3";"32";"9.3";"CLP";"2026-02-24"
"Ecuador";"Quito";"Excursión al Museo Solar Intiñán";"https://www.civitatis.com/es/quito/excursion-museo-solar-intinan/";"Guidecuador Travel Sas";"info@guidecuador.com";"593998734255";"Marco Alejandro Jacome Mosquera | Pasaje Miguel Angel y John F Kennedy, Quito, Ecuador";"";"64020.71";"0";"32";"0.0";"CLP";"2026-02-24"
"Ecuador";"Quito";"Tour por las iglesias de Quito con subida a las cúpulas";"https://www.civitatis.com/es/quito/tour-iglesias-quito-subida-cupulas/";"Kunakkuna Experiences";"kunakkuna.experiences@gmail.com";"0963237172";"Grace Belén Ribadeneira López | Leonidas Plaza 24-54 y Wilson, Quito, Ecuador";"";"32010.35";"3";"24";"9.3";"CLP";"2026-02-24"
"Ecuador";"Quito";"Excursión a la provincia de Santo Domingo de los Tsáchilas";"https://www.civitatis.com/es/quito/excursion-santo-domingo-tsachilas/";"Johan Caruci";"johancaruci@gmail.com";"+593 963136972";"Johan Caruci | Díaz de la Madrid 157 y Francisco Lizarazu, Quito, Ecuador";"";"59447.8";"0";"25";"0.0";"CLP";"2026-02-24"
"Ecuador";"Quito";"Excursión al Parque Nacional Antisana";"https://www.civitatis.com/es/quito/excursion-parque-antisana/";"Quinana Tours";"quinanatours@gmail.com";"+593 999840991";"JUSTIN FERNANDO BASANTES ANCHATIPAN | Quito Colonial, Rocafuerte y Cuenca, Quito, Ecuador";"";"86885.25";"3";"21";"10.0";"CLP";"2026-02-24"
"Ecuador";"Quito";"Tour de aventura en Quito";"https://www.civitatis.com/es/quito/tour-aventura-quito/";"Quito Tour Bus";"dcarrasco@quindetour.com";"0983359796";"Quindetour Cia. Ltda | Paris N41-43 entre Granados y Pinzón - Quito - Ecuador, Quito, Ecuador";"";"50301.98";"1";"14";"10.0";"CLP";"2026-02-24"
"Ecuador";"Quito";"Tour de 2 días por Misahuallí";"https://www.civitatis.com/es/quito/tour-3-dias-misahualli/";"Quilla Tours Ec";"robert_balc@hotmail.com";"+593 995035835";"BALSECA MEJIA ROBERTO DANIEL | 12 de octubre y veintimilla, Quito, Ecuador";"";"201207.95";"4";"118";"8.0";"CLP";"2026-02-24"
"Ecuador";"Quito";"Excursión al Gran Cañón de Cotundo";"https://www.civitatis.com/es/quito/excursion-gran-canon-cotundo/";"Johan Caruci";"johancaruci@gmail.com";"+593 963136972";"Johan Caruci | Díaz de la Madrid 157 y Francisco Lizarazu, Quito, Ecuador";"";"86885.25";"0";"17";"0.0";"CLP";"2026-02-24"
"Ecuador";"Quito";"Tour de comida callejera por Quito";"https://www.civitatis.com/es/quito/tour-comida-callejera-quito/";"Kunakkuna Experiences";"kunakkuna.experiences@gmail.com";"0963237172";"Grace Belén Ribadeneira López | Leonidas Plaza 24-54 y Wilson, Quito, Ecuador";"";"54874.89";"3";"17";"10.0";"CLP";"2026-02-24"
"Ecuador";"Quito";"Tour por el Jardín Botánico de Quito + Cruz Loma";"https://www.civitatis.com/es/quito/tour-jardin-botanico-cruz-loma/";"Pamtours";"pamtour@pamtour.com";"+593999459911";"PAMELA TOURS CIA LTDA | Luis Cordero E4-311, Quito, Ecuador";"";"22864.54";"0";"10";"0.0";"CLP";"2026-02-24"
"Ecuador";"Quito";"Excursión privada desde Quito";"https://www.civitatis.com/es/quito/excursion-privada-quito/";"Responsible Travel";"erika@egt.ec";"+593 2 222 4628";"Responsible Travel Operadora de Turismo CIA. LTDA | Wilson OE 7-56 y Diego de Almagro, D21-11, Quito, Ecuador";"";"240077.67";"1";"18";"10.0";"CLP";"2026-02-24"
"Ecuador";"Quito";"Mercado tradicional y Casa Museo Guayasamín";"https://www.civitatis.com/es/quito/mercado-tradicional-museo-guayasamin/";"Overland Adventure";"gerencia@overladventure.com";"+593 98 188 4297";"OVERLAND ADVENTURE OVERLANDECUADOR S.A.S | manuel cornejo E5-105 y simon cardenas, Quito, Ecuador";"";"63106.13";"3";"43";"8.0";"CLP";"2026-02-24"
"Ecuador";"Quito";"Tour por los pueblos de Imbabura";"https://www.civitatis.com/es/quito/tour-pueblos-imbabura/";"Kunakkuna Experiences";"kunakkuna.experiences@gmail.com";"0963237172";"Grace Belén Ribadeneira López | Leonidas Plaza 24-54 y Wilson, Quito, Ecuador";"";"109749.79";"5";"18";"8.4";"CLP";"2026-02-24"
"Ecuador";"Quito";"Tour de 2 o 3 días por los Andes ecuatorianos";"https://www.civitatis.com/es/quito/tour-2-3-dias-andes/";"Quito Tour Bus";"dcarrasco@quindetour.com";"0983359796";"Quindetour Cia. Ltda | Paris N41-43 entre Granados y Pinzón - Quito - Ecuador, Quito, Ecuador";"";"200293.37";"2";"11";"8.0";"CLP";"2026-02-24"
"Ecuador";"Quito";"Ceremonia de ayahuasca en Templo Jempe";"https://www.civitatis.com/es/quito/ceremonia-ayahuasca-templo-jempe/";"Templo Jempe";"paola.arregui1994@gmail.com";"0987147953";"JEMPE | Tumbaco-Sector chiviqui, Quito, Ecuador";"";"118895.61";"0";"10";"0.0";"CLP";"2026-02-24"
"Ecuador";"Quito";"Tour cultural y gastronómico por Quito";"https://www.civitatis.com/es/quito/tour-gastronomico-quito/";"Turistik";"fernandogualoto96@gmail.com";"0983498933";"Gualoto Alvarez Fernando Mauricio | Ciudadela del Ejército, Quito, Ecuador";"";"29266.61";"1";"5";"10.0";"CLP";"2026-02-24"
"Ecuador";"Quito";"Tour en patinete eléctrico por Quito";"https://www.civitatis.com/es/quito/tour-patinete-electrico-quito/";"Navel Expeditions";"navelexpeditions@gmail.com";"593961790030";"Miguel Gordillo Jaramillo | VICENTE RAMON ROCA E8-57, AV. 6 DE DICIEMBRE, Quito, Ecuador";"";"32924.93";"1";"4";"10.0";"CLP";"2026-02-24"
"Ecuador";"Quito";"Excursión a la Reserva Yanacocha";"https://www.civitatis.com/es/quito/excursion-reserva-yanacocha/";"Navel Expeditions";"navelexpeditions@gmail.com";"593961790030";"Miguel Gordillo Jaramillo | VICENTE RAMON ROCA E8-57, AV. 6 DE DICIEMBRE, Quito, Ecuador";"";"83226.92";"2";"14";"10.0";"CLP";"2026-02-24"
"Ecuador";"Quito";"Excursión al mariposario de Mindo";"https://www.civitatis.com/es/quito/excursion-mariposario-mindo/";"Kunakkuna Experiences";"kunakkuna.experiences@gmail.com";"0963237172";"Grace Belén Ribadeneira López | Leonidas Plaza 24-54 y Wilson, Quito, Ecuador";"";"114322.7";"0";"4";"0.0";"CLP";"2026-02-24"
"Ecuador";"Quito";"Tubing por el río Mindo";"https://www.civitatis.com/es/quito/tubing-rio-mindo/";"Kunakkuna Experiences";"kunakkuna.experiences@gmail.com";"0963237172";"Grace Belén Ribadeneira López | Leonidas Plaza 24-54 y Wilson, Quito, Ecuador";"";"114322.7";"1";"3";"10.0";"CLP";"2026-02-24"
"Ecuador";"Quito";"Senderismo por las Tres Cascadas";"https://www.civitatis.com/es/quito/senderismo-tres-casacadas/";"Kunakkuna Experiences";"kunakkuna.experiences@gmail.com";"0963237172";"Grace Belén Ribadeneira López | Leonidas Plaza 24-54 y Wilson, Quito, Ecuador";"";"54874.89";"2";"10";"8.0";"CLP";"2026-02-24"
"Ecuador";"Quito";"Trekking por el volcán Pasochoa";"https://www.civitatis.com/es/quito/trekking-volcan-pasochoa/";"Home Tours";"ejacome@hometours.com.ec";"+593 997543042";"HOMETOURS S.A | Luxemburgo N34-359 y Portugal, Quito, Ecuador";"";"108835.21";"1";"4";"10.0";"CLP";"2026-02-24"
"Ecuador";"Quito";"Trekking por el cerro Fuya Fuya";"https://www.civitatis.com/es/quito/trekking-cerro-fuya-fuya/";"Home Tours";"ejacome@hometours.com.ec";"+593 997543042";"HOMETOURS S.A | Luxemburgo N34-359 y Portugal, Quito, Ecuador";"";"103347.72";"0";"2";"0.0";"CLP";"2026-02-24"
"Ecuador";"Quito";"Tour por los museos de Quito";"https://www.civitatis.com/es/quito/tour-museos-quito/";"D&t International";"dianne.infante@gtt.ec";"+593988275577";"Summer Vacation Tour Operator | Chimborazo 203 y Velez, Guayaquil, Ecuador";"";"73166.53";"0";"1";"0.0";"CLP";"2026-02-24"
"Ecuador";"Quito";"Excursión al Parque Nacional Cotopaxi";"https://www.civitatis.com/es/quito/excursion-cotopaxi/";"Jhonny El Guía Tours";"jonathan.steven290@hotmail.com";"+593 98 329 0399";"Jonathan Chango | Santa Barbara Baja, Shagli Lote 25, Quito, Ecuador";"";"50301.98";"0";"40";"0.0";"CLP";"2026-02-24"
"Ecuador";"Quito";"Tour en bicicleta por Quito";"https://www.civitatis.com/es/quito/tour-bicicleta-calacali-nono/";"Nantu Ecuadorian Experience";"nantu.ec@gmail.com";"+593985400447";"Mauro Alejandro Andrade Moreno | Av. Camilo Ponce Enríquez Oe 9-308, Quito, Ecuador";"";"50301.98";"0";"0";"0.0";"CLP";"2026-02-24"
"Ecuador";"Quito";"Excursión al Parque Nacional de Cotopaxi + Paseo a caballo";"https://www.civitatis.com/es/quito/excursion-cotopaxi-paseo-caballo/";"Overland Adventure";"gerencia@overladventure.com";"+593 98 188 4297";"OVERLAND ADVENTURE OVERLANDECUADOR S.A.S | manuel cornejo E5-105 y simon cardenas, Quito, Ecuador";"";"114322.7";"0";"0";"0.0";"CLP";"2026-02-24"
"Ecuador";"Quito";"Tour por Quito + Degustación de chocolate";"https://www.civitatis.com/es/quito/tour-quito-degustacion-chocolate/";"Jhonny El Guía Tours";"jonathan.steven290@hotmail.com";"+593 98 329 0399";"Jonathan Chango | Santa Barbara Baja, Shagli Lote 25, Quito, Ecuador";"";"36583.26";"0";"20";"0.0";"CLP";"2026-02-24"
"Ecuador";"Quito";"Experiencia Temazcal en Templo Jempe";"https://www.civitatis.com/es/quito/experiencia-temazcal-templo-jempe/";"Templo Jempe";"paola.arregui1994@gmail.com";"0987147953";"JEMPE | Tumbaco-Sector chiviqui, Quito, Ecuador";"";"73166.53";"0";"3";"0.0";"CLP";"2026-02-24"
"Ecuador";"Quito";"Tour nocturno en autobús descapotable";"https://www.civitatis.com/es/quito/tour-nocturno-autobus-descapotable/";"Quito Tour Bus";"dcarrasco@quindetour.com";"0983359796";"Quindetour Cia. Ltda | Paris N41-43 entre Granados y Pinzón - Quito - Ecuador, Quito, Ecuador";"";"27437.44";"0";"14";"0.0";"CLP";"2026-02-24"
"Ecuador";"Guayaquil";"Tour panorámico por Guayaquil";"https://www.civitatis.com/es/guayaquil/tour-panoramico-guayaquil/";"Van Service";"ventas@vanservice.com.ec";"+593 998303981";"VanService Internacinal Cia. Ltda. | Julio torres y Belisario Andrade , Cuenca, Ecuador";"";"7316.65";"20";"127";"7.9";"CLP";"2026-02-24"
"Ecuador";"Guayaquil";"Tour de Guayaquil al completo";"https://www.civitatis.com/es/guayaquil/tour-guayaquil-completo/";"Perfect Destiny";"jsalvatierra@perfectdestiny.ec";"0979255069";"Jefferson Berlin Salvatierra | Calle 23B N O Numero SOLAR 10, Guayaquil, Ecuador";"";"81397.76";"5";"62";"10.0";"CLP";"2026-02-24"
"Ecuador";"Guayaquil";"Excursión a Salinas y playa Ballenita";"https://www.civitatis.com/es/guayaquil/excursion-salinas-playa-ballenita/";"Pamtours";"pamtour@pamtour.com";"+593999459911";"PAMELA TOURS CIA LTDA | Luis Cordero E4-311, Quito, Ecuador";"";"91458.16";"1";"28";"10.0";"CLP";"2026-02-24"
"Ecuador";"Guayaquil";"Paseo en catamarán por el río Guayas";"https://www.civitatis.com/es/guayaquil/paseo-barco-guayaquil/";"Riverdock";"Gerencia@riverdock.com.ec";"+593987337939";"Riverdock | PEDRO MENENDEZ GILBERT, LOCAL 4, PB, Guayaquil, Ecuador";"";"18291.63";"13";"148";"8.3";"CLP";"2026-02-24"
"Ecuador";"Guayaquil";"Traslados en Guayaquil";"https://www.civitatis.com/es/guayaquil/traslados/";"No especificado / Único";"N/A";"N/A";"N/A";"";"21949.95";"30";"515";"7.5";"CLP";"2026-02-24"
"Ecuador";"Guayaquil";"Tour por Guayaquil + Parque Histórico";"https://www.civitatis.com/es/guayaquil/tour-guayaquil-parque-historico/";"Perfect Destiny";"jsalvatierra@perfectdestiny.ec";"0979255069";"Jefferson Berlin Salvatierra | Calle 23B N O Numero SOLAR 10, Guayaquil, Ecuador";"";"64020.71";"8";"42";"10.0";"CLP";"2026-02-24"
"Ecuador";"Guayaquil";"Excursión a la reserva Manglares Churute";"https://www.civitatis.com/es/guayaquil/excursion-reserva-manglares-churute/";"Pamtours";"pamtour@pamtour.com";"+593999459911";"PAMELA TOURS CIA LTDA | Luis Cordero E4-311, Quito, Ecuador";"";"109749.79";"10";"79";"9.8";"CLP";"2026-02-24"
"Ecuador";"Guayaquil";"Tour nocturno por Guayaquil";"https://www.civitatis.com/es/guayaquil/tour-nocturno-guayaquil/";"Perfect Destiny";"jsalvatierra@perfectdestiny.ec";"0979255069";"Jefferson Berlin Salvatierra | Calle 23B N O Numero SOLAR 10, Guayaquil, Ecuador";"";"68593.62";"4";"39";"9.5";"CLP";"2026-02-24"
"Ecuador";"Guayaquil";"Excursión a Cuenca";"https://www.civitatis.com/es/guayaquil/excursion-cuenca/";"Perfect Destiny";"jsalvatierra@perfectdestiny.ec";"0979255069";"Jefferson Berlin Salvatierra | Calle 23B N O Numero SOLAR 10, Guayaquil, Ecuador";"";"217670.42";"3";"29";"8.0";"CLP";"2026-02-24"
"Ecuador";"Guayaquil";"Excursión a Montañita + Vuelo en parapente";"https://www.civitatis.com/es/guayaquil/excursion-montanita-vuelo-parapente/";"Perfect Destiny";"jsalvatierra@perfectdestiny.ec";"0979255069";"Jefferson Berlin Salvatierra | Calle 23B N O Numero SOLAR 10, Guayaquil, Ecuador";"";"182916.32";"0";"21";"0.0";"CLP";"2026-02-24"
"Ecuador";"Guayaquil";"Excursión a Quilotoa";"https://www.civitatis.com/es/guayaquil/excursion-quilotoa/";"Perfect Destiny";"jsalvatierra@perfectdestiny.ec";"0979255069";"Jefferson Berlin Salvatierra | Calle 23B N O Numero SOLAR 10, Guayaquil, Ecuador";"";"86885.25";"0";"16";"0.0";"CLP";"2026-02-24"
"Ecuador";"Guayaquil";"Excursión a Puerto El Morro con avistamiento de delfines";"https://www.civitatis.com/es/guayaquil/excursion-puerto-morro-avistamiento-delfines/";"Perfect Destiny";"jsalvatierra@perfectdestiny.ec";"0979255069";"Jefferson Berlin Salvatierra | Calle 23B N O Numero SOLAR 10, Guayaquil, Ecuador";"";"86885.25";"3";"44";"8.0";"CLP";"2026-02-24"
"Ecuador";"Guayaquil";"¿Escala en Guayaquil? Tour privado desde el aeropuerto";"https://www.civitatis.com/es/guayaquil/tour-escala-guayaquil/";"Pamtours";"pamtour@pamtour.com";"+593999459911";"PAMELA TOURS CIA LTDA | Luis Cordero E4-311, Quito, Ecuador";"";"164624.69";"2";"11";"10.0";"CLP";"2026-02-24"
"Ecuador";"Guayaquil";"Tour del chocolate por la Hacienda Cacao y Mango";"https://www.civitatis.com/es/guayaquil/tour-chocolate-hacienda-cacao-mango/";"Ecuador Farm Tours";"reservas@ecuadorfarmtours.com";"+593988957644";"Ecuafarmtours SA | Calle Juan Montalvo S/N barrio camilo andrade, Milagro, Ecuador";"";"36583.26";"1";"12";"10.0";"CLP";"2026-02-24"
"Ecuador";"Guayaquil";"Paseo en catamarán al atardecer por el río Guayas";"https://www.civitatis.com/es/guayaquil/paseo-catamaran-atardecer-rio-guayas/";"Riverdock";"Gerencia@riverdock.com.ec";"+593987337939";"Riverdock | PEDRO MENENDEZ GILBERT, LOCAL 4, PB, Guayaquil, Ecuador";"";"45729.08";"2";"10";"10.0";"CLP";"2026-02-24"
"Ecuador";"Guayaquil";"Visita guiada por el Museo Municipal";"https://www.civitatis.com/es/guayaquil/visita-guiada-museo-municipal/";"Perfect Destiny";"jsalvatierra@perfectdestiny.ec";"0979255069";"Jefferson Berlin Salvatierra | Calle 23B N O Numero SOLAR 10, Guayaquil, Ecuador";"";"52131.15";"0";"5";"0.0";"CLP";"2026-02-24"
"Ecuador";"Guayaquil";"Tour privado por Guayaquil";"https://www.civitatis.com/es/guayaquil/tour-privado-guayaquil/";"Perfect Destiny";"jsalvatierra@perfectdestiny.ec";"0979255069";"Jefferson Berlin Salvatierra | Calle 23B N O Numero SOLAR 10, Guayaquil, Ecuador";"";"187489.23";"3";"40";"9.3";"CLP";"2026-02-24"
"Ecuador";"Guayaquil";"Senderismo por el Parque Nacional Cajas";"https://www.civitatis.com/es/guayaquil/senderismo-parque-cajas/";"Perfect Destiny";"jsalvatierra@perfectdestiny.ec";"0979255069";"Jefferson Berlin Salvatierra | Calle 23B N O Numero SOLAR 10, Guayaquil, Ecuador";"";"194805.88";"0";"3";"0.0";"CLP";"2026-02-24"
"Ecuador";"Guayaquil";"Excursión a Ingapirca, Gualaceo y Chordeleg";"https://www.civitatis.com/es/guayaquil/excursion-ingapirca-gualaceo-chordeleg/";"Perfect Destiny";"jsalvatierra@perfectdestiny.ec";"0979255069";"Jefferson Berlin Salvatierra | Calle 23B N O Numero SOLAR 10, Guayaquil, Ecuador";"";"274374.48";"0";"8";"0.0";"CLP";"2026-02-24"
"Ecuador";"Guayaquil";"Barranquismo en Bucay";"https://www.civitatis.com/es/guayaquil/barranquismo-bucay/";"Perfect Destiny";"jsalvatierra@perfectdestiny.ec";"0979255069";"Jefferson Berlin Salvatierra | Calle 23B N O Numero SOLAR 10, Guayaquil, Ecuador";"";"194805.88";"0";"1";"0.0";"CLP";"2026-02-24"
"Ecuador";"Guayaquil";"Visita guiada por el Jardín Botánico";"https://www.civitatis.com/es/guayaquil/visita-guiada-jardin-botanico/";"Perfect Destiny";"jsalvatierra@perfectdestiny.ec";"0979255069";"Jefferson Berlin Salvatierra | Calle 23B N O Numero SOLAR 10, Guayaquil, Ecuador";"";"52131.15";"0";"0";"0.0";"CLP";"2026-02-24"
"Ecuador";"Guayaquil";"Excursión al bosque Cerro Blanco";"https://www.civitatis.com/es/guayaquil/excursion-bosque-cerro-blanco/";"Perfect Destiny";"jsalvatierra@perfectdestiny.ec";"0979255069";"Jefferson Berlin Salvatierra | Calle 23B N O Numero SOLAR 10, Guayaquil, Ecuador";"";"98774.81";"0";"2";"0.0";"CLP";"2026-02-24"
"Ecuador";"Guayaquil";"Excursión privada desde Guayaquil";"https://www.civitatis.com/es/guayaquil/excursion-privada-guayaquil/";"Perfect Destiny";"jsalvatierra@perfectdestiny.ec";"0979255069";"Jefferson Berlin Salvatierra | Calle 23B N O Numero SOLAR 10, Guayaquil, Ecuador";"";"384124.28";"0";"0";"0.0";"CLP";"2026-02-24"
"Ecuador";"Guayaquil";"Paseo en barco privado por el río Guayas";"https://www.civitatis.com/es/guayaquil/paseo-barco-privado-rio-guayas/";"Riverdock";"Gerencia@riverdock.com.ec";"+593987337939";"Riverdock | PEDRO MENENDEZ GILBERT, LOCAL 4, PB, Guayaquil, Ecuador";"";"228645.4";"0";"0";"0.0";"CLP";"2026-02-24"
"Ecuador";"Guayaquil";"Excursión a Ayangue con snorkel + Playa Rosada";"https://www.civitatis.com/es/guayaquil/excursion-ayangue-snorkel-playa-rosada/";"Perfect Destiny";"jsalvatierra@perfectdestiny.ec";"0979255069";"Jefferson Berlin Salvatierra | Calle 23B N O Numero SOLAR 10, Guayaquil, Ecuador";"";"86885.25";"0";"9";"0.0";"CLP";"2026-02-24"
"Ecuador";"Guayaquil";"Excursión al volcán Chimborazo + Iglesia de Balbanera";"https://www.civitatis.com/es/guayaquil/excursion-volcan-chimborazo-iglesia-balbanera/";"Perfect Destiny";"jsalvatierra@perfectdestiny.ec";"0979255069";"Jefferson Berlin Salvatierra | Calle 23B N O Numero SOLAR 10, Guayaquil, Ecuador";"";"86885.25";"0";"29";"0.0";"CLP";"2026-02-24"
"Ecuador";"Guayaquil";"Visita guiada por Guayaquil";"https://www.civitatis.com/es/guayaquil/visita-guiada-guayaquil/";"Liv Ecuador";"ana.paez@liv.ec";"+593 994794299";"Proactivo Capital Group, LLC | 3029 NE 188th Street # 604, Miami, Estados Unidos";"";"43899.91";"31";"157";"9.4";"CLP";"2026-02-24"
"Ecuador";"Guayaquil";"Clase de cocina ecuatoriana";"https://www.civitatis.com/es/guayaquil/clase-cocina-ecuatoriana/";"Perfect Destiny";"jsalvatierra@perfectdestiny.ec";"0979255069";"Jefferson Berlin Salvatierra | Calle 23B N O Numero SOLAR 10, Guayaquil, Ecuador";"";"109749.79";"0";"15";"0.0";"CLP";"2026-02-24"
"Ecuador";"Cuenca";"Excursión a Chordeleg y Gualaceo";"https://www.civitatis.com/es/cuenca-ecuador/excursion-chordeleg-gualaceo/";"Cuenca Bestours";"info@cuencabestours.com";"+593987796896";"Cuenca Bestours Tour Operator Cia Ltda | Alfonso Moreno Mora 1-75, Cuenca, Ecuador";"";"50301.98";"11";"134";"9.5";"CLP";"2026-02-24"
"Ecuador";"Cuenca";"Free tour por Cuenca";"https://www.civitatis.com/es/cuenca-ecuador/free-tour-cuenca/";"Inside Cuenca";"tsof7896@gmail.com";"0996498366";"Tomas Sebastián Orellana Fajardo | Juan Jaramillo 9-33, Cuenca, Ecuador";"";"0.0";"19";"423";"9.1";"CLP";"2026-02-24"
"Ecuador";"Cuenca";"Tour panorámico por Cuenca";"https://www.civitatis.com/es/cuenca-ecuador/autobus-turistico-cuenca/";"Van Service";"ventas@vanservice.com.ec";"+593 998303981";"VanService Internacinal Cia. Ltda. | Julio torres y Belisario Andrade , Cuenca, Ecuador";"";"9145.81";"17";"502";"7.9";"CLP";"2026-02-24"
"Ecuador";"Cuenca";"Excursión a la cascada del Girón y el lago Busa";"https://www.civitatis.com/es/cuenca-ecuador/excursion-cascada-giron-lago-busa/";"Cuenca Bestours";"info@cuencabestours.com";"+593987796896";"Cuenca Bestours Tour Operator Cia Ltda | Alfonso Moreno Mora 1-75, Cuenca, Ecuador";"";"50301.98";"3";"11";"10.0";"CLP";"2026-02-24"
"Ecuador";"Cuenca";"Excursión al Parque Nacional Cajas";"https://www.civitatis.com/es/cuenca-ecuador/excursion-parque-nacional-cajas/";"Van Service";"ventas@vanservice.com.ec";"+593 998303981";"VanService Internacinal Cia. Ltda. | Julio torres y Belisario Andrade , Cuenca, Ecuador";"";"50301.98";"59";"345";"9.2";"CLP";"2026-02-24"
"Ecuador";"Cuenca";"Tour por Cuenca";"https://www.civitatis.com/es/cuenca-ecuador/visita-guiada-cuenca/";"Cuenca Bestours";"info@cuencabestours.com";"+593987796896";"Cuenca Bestours Tour Operator Cia Ltda | Alfonso Moreno Mora 1-75, Cuenca, Ecuador";"";"27437.44";"19";"180";"9.2";"CLP";"2026-02-24"
"Ecuador";"Cuenca";"Traslados en Cuenca";"https://www.civitatis.com/es/cuenca-ecuador/traslados/";"No especificado / Único";"N/A";"N/A";"N/A";"";"36583.26";"10";"93";"8.4";"CLP";"2026-02-24"
"Ecuador";"Cuenca";"Excursión a las ruinas de Ingapirca";"https://www.civitatis.com/es/cuenca-ecuador/excursion-ruinas-ingapirca/";"Cuenca Bestours";"info@cuencabestours.com";"+593987796896";"Cuenca Bestours Tour Operator Cia Ltda | Alfonso Moreno Mora 1-75, Cuenca, Ecuador";"";"45719.93";"27";"181";"9.3";"CLP";"2026-02-24"
"Ecuador";"Cuenca";"Excursión a Ingapirca, Gualaceo y Chordeleg";"https://www.civitatis.com/es/cuenca-ecuador/excursion-ingapirca-gualaceo-chordeleg/";"Cuenca Bestours";"info@cuencabestours.com";"+593987796896";"Cuenca Bestours Tour Operator Cia Ltda | Alfonso Moreno Mora 1-75, Cuenca, Ecuador";"";"54874.89";"9";"94";"9.8";"CLP";"2026-02-24"
"Ecuador";"Cuenca";"Tour de Cuenca al completo";"https://www.civitatis.com/es/cuenca-ecuador/tour-cuenca-completo/";"Cuenca Bestours";"info@cuencabestours.com";"+593987796896";"Cuenca Bestours Tour Operator Cia Ltda | Alfonso Moreno Mora 1-75, Cuenca, Ecuador";"";"64011.56";"4";"30";"9.5";"CLP";"2026-02-24"
"Ecuador";"Cuenca";"Visita a la Cava San Miguel + Hostería dos Chorreras";"https://www.civitatis.com/es/cuenca-ecuador/cava-san-miguel-hosteria-chorreras/";"Pamtours";"pamtour@pamtour.com";"+593999459911";"PAMELA TOURS CIA LTDA | Luis Cordero E4-311, Quito, Ecuador";"";"42070.75";"4";"35";"8.0";"CLP";"2026-02-24"
"Ecuador";"Cuenca";"Excursión al Parque Nacional Cajas y al Cacao de la Loma finalizando en Guayaquil";"https://www.civitatis.com/es/cuenca-ecuador/excursion-parque-cajas-cacao-loma/";"Cuenca Bestours";"info@cuencabestours.com";"+593987796896";"Cuenca Bestours Tour Operator Cia Ltda | Alfonso Moreno Mora 1-75, Cuenca, Ecuador";"";"91449.01";"3";"23";"9.3";"CLP";"2026-02-24"
"Ecuador";"Cuenca";"Tour privado por Cuenca";"https://www.civitatis.com/es/cuenca-ecuador/tour-privado-cuenca/";"Pamtours";"pamtour@pamtour.com";"+593999459911";"PAMELA TOURS CIA LTDA | Luis Cordero E4-311, Quito, Ecuador";"";"155478.87";"0";"4";"0.0";"CLP";"2026-02-24"
"Ecuador";"Cuenca";"Clase de cocina ecuatoriana";"https://www.civitatis.com/es/cuenca-ecuador/clase-cocina-ecuatoriana/";"Cuenca Bestours";"info@cuencabestours.com";"+593987796896";"Cuenca Bestours Tour Operator Cia Ltda | Alfonso Moreno Mora 1-75, Cuenca, Ecuador";"";"50292.84";"0";"9";"0.0";"CLP";"2026-02-24"
"Ecuador";"Cuenca";"Tour en bicicleta por Cuenca";"https://www.civitatis.com/es/cuenca-ecuador/tour-bicicleta-cuenca/";"Cuenca Bestours";"info@cuencabestours.com";"+593987796896";"Cuenca Bestours Tour Operator Cia Ltda | Alfonso Moreno Mora 1-75, Cuenca, Ecuador";"";"27437.44";"0";"2";"0.0";"CLP";"2026-02-24"
"Ecuador";"Cuenca";"Trekking por el Camino Inca de Culebrillas a Ingapirca";"https://www.civitatis.com/es/cuenca-ecuador/trekking-camino-inca-culebrillas-ingapirca/";"Cuenca Bestours";"info@cuencabestours.com";"+593987796896";"Cuenca Bestours Tour Operator Cia Ltda | Alfonso Moreno Mora 1-75, Cuenca, Ecuador";"";"116151.86";"0";"0";"0.0";"CLP";"2026-02-24"
"Ecuador";"Cuenca";"Senderismo por la laguna Luspa";"https://www.civitatis.com/es/cuenca-ecuador/senderismo-laguna-luspa/";"Explore Cajas";"marcking@mac.com";"+593 99 414 7100";"Orellana Brito Marian Eduina | Avenida doce de Abril Paucarbamba, Cuenca, Ecuador";"";"82312.34";"0";"0";"0.0";"CLP";"2026-02-24"
"Ecuador";"Cuenca";"Senderismo por el Parque Nacional Cajas";"https://www.civitatis.com/es/cuenca-ecuador/senderismo-parque-cajas/";"Explore Cajas";"marcking@mac.com";"+593 99 414 7100";"Orellana Brito Marian Eduina | Avenida doce de Abril Paucarbamba, Cuenca, Ecuador";"";"59447.8";"0";"4";"0.0";"CLP";"2026-02-24"
"Ecuador";"Isla Isabela";"Excursión a Los Túneles";"https://www.civitatis.com/es/isla-isabela/excursion-tuneles/";"Isabela Insula";"info@isabelainsula.com";"+593962208823";"Isabela Insula ISASULA S.A.S | Puerto Villamil, Av. 16 De Marzo Barrio Central y Fragata, Puerto Villamil, Ecuador";"";"137187.24";"22";"371";"9.9";"CLP";"2026-02-24"
"Ecuador";"Isla Isabela";"Excursión a Las Tintoreras";"https://www.civitatis.com/es/isla-isabela/excursion-tintoreras/";"Isabela Dive Center (Pafecomar S.a)";"alexisconstante20@hotmail.com";"+593 96 017 6410";"Pablo Constante Ortega | LOS CACTUS S/N DIAGONAL A LOS TALLERES MUNICIPALES, PUERTO VILLAMIL, ISABELA, Galápagos, Ecuador";"";"61276.96";"10";"210";"9.2";"CLP";"2026-02-24"
"Ecuador";"Isla Isabela";"Traslado entre Isabela y Santa Cruz";"https://www.civitatis.com/es/isla-isabela/traslado-isabela-santa-cruz/";"L/p Andy";"elian2000.eo@gmail.com";"+593996930790";"INTRIAGO DE LA CRUZ RICHARD EVERARDO | BARRIO LA CASCADA CALLE MARCHENA, GALAPAGOS/SANTA CRUZ, Ecuador";"";"36583.26";"8";"137";"6.7";"CLP";"2026-02-24"
"Ecuador";"Isla Isabela";"Excursión al volcán Sierra Negra";"https://www.civitatis.com/es/isla-isabela/excursion-volcan-sierra-negra/";"Isabela Insula";"info@isabelainsula.com";"+593962208823";"Isabela Insula ISASULA S.A.S | Puerto Villamil, Av. 16 De Marzo Barrio Central y Fragata, Puerto Villamil, Ecuador";"";"50301.98";"8";"125";"9.3";"CLP";"2026-02-24"
"Ecuador";"Isla Isabela";"Excursión a la bahía Concha Perla";"https://www.civitatis.com/es/isla-isabela/excursion-bahia-concha-perla/";"Bm Tours";"operaciones@bmtours.com.ec";"+593 93 967 1013";"BM TOURS INC | 2035 Sunset Lake Road, Suite B-2, Newark, Delaware, Estados Unidos";"";"36583.26";"4";"21";"4.0";"CLP";"2026-02-24"
"Ecuador";"Isla Isabela";"Tour de Isla Isabela al completo";"https://www.civitatis.com/es/isla-isabela/tour-isla-isabela-completo/";"Outlet Viajes Ecuador";"info@outletviajes.com.ec";"593983147231";"Outlet Viajes Ecuador Cia Ltda | Checoslovaquia 640 y Suiza, Quito, Ecuador";"";"146333.06";"2";"20";"9.0";"CLP";"2026-02-24"
"Ecuador";"Isla Isabela";"Tour por las minas de azufre de Isla Isabela";"https://www.civitatis.com/es/isla-isabela/tour-minas-azufre-isla-isabela/";"Isabela Insula";"info@isabelainsula.com";"+593962208823";"Isabela Insula ISASULA S.A.S | Puerto Villamil, Av. 16 De Marzo Barrio Central y Fragata, Puerto Villamil, Ecuador";"";"82312.34";"1";"10";"10.0";"CLP";"2026-02-24"
"Ecuador";"Isla Isabela";"Tour en kayak por Isla Isabela";"https://www.civitatis.com/es/isla-isabela/tour-kayak-isla-isabela/";"Isabela Insula";"info@isabelainsula.com";"+593962208823";"Isabela Insula ISASULA S.A.S | Puerto Villamil, Av. 16 De Marzo Barrio Central y Fragata, Puerto Villamil, Ecuador";"";"45729.08";"4";"22";"6.5";"CLP";"2026-02-24"
"Ecuador";"Isla Isabela";"Tour en bicicleta por los humedales de Isla Isabela";"https://www.civitatis.com/es/isla-isabela/visita-guiada-humedales/";"Bm Tours";"operaciones@bmtours.com.ec";"+593 93 967 1013";"BM TOURS INC | 2035 Sunset Lake Road, Suite B-2, Newark, Delaware, Estados Unidos";"";"118895.61";"0";"6";"0.0";"CLP";"2026-02-24"
"Ecuador";"Isla Isabela";"Visita a la Laguna de los Flamingos";"https://www.civitatis.com/es/isla-isabela/visita-laguna-flamingos/";"D&t International";"dianne.infante@gtt.ec";"+593988275577";"Summer Vacation Tour Operator | Chimborazo 203 y Velez, Guayaquil, Ecuador";"";"22864.54";"0";"5";"0.0";"CLP";"2026-02-24"
"Ecuador";"Isla Isabela";"Alquiler de bicicleta en Isla Isabela";"https://www.civitatis.com/es/isla-isabela/alquiler-bicicleta-isla-isabela/";"Isabela Dive Center (Pafecomar S.a)";"alexisconstante20@hotmail.com";"+593 96 017 6410";"Pablo Constante Ortega | LOS CACTUS S/N DIAGONAL A LOS TALLERES MUNICIPALES, PUERTO VILLAMIL, ISABELA, Galápagos, Ecuador";"";"18291.63";"0";"5";"0.0";"CLP";"2026-02-24"
"Ecuador";"Isla Isabela";"Excursión privada a la Cueva de Sucre";"https://www.civitatis.com/es/isla-isabela/excursion-cueva-sucre/";"Isabela Dive Center (Pafecomar S.a)";"alexisconstante20@hotmail.com";"+593 96 017 6410";"Pablo Constante Ortega | LOS CACTUS S/N DIAGONAL A LOS TALLERES MUNICIPALES, PUERTO VILLAMIL, ISABELA, Galápagos, Ecuador";"";"154564.29";"0";"0";"0.0";"CLP";"2026-02-24"
"Ecuador";"Isla Isabela";"Tour por los humedales de Isla Isabela";"https://www.civitatis.com/es/isla-isabela/tour-humedales-isla-isabela/";"Isabela Insula";"info@isabelainsula.com";"+593962208823";"Isabela Insula ISASULA S.A.S | Puerto Villamil, Av. 16 De Marzo Barrio Central y Fragata, Puerto Villamil, Ecuador";"";"45729.08";"0";"0";"0.0";"CLP";"2026-02-24"
"Ecuador";"Isla Isabela";"Rápel en el volcán Trillizos";"https://www.civitatis.com/es/isla-isabela/rapel-volcan-trillizos/";"Outlet Viajes Ecuador";"info@outletviajes.com.ec";"593983147231";"Outlet Viajes Ecuador Cia Ltda | Checoslovaquia 640 y Suiza, Quito, Ecuador";"";"148619.51";"0";"0";"0.0";"CLP";"2026-02-24"
"Ecuador";"Isla Isabela";"Visita a un centro de crianza de tortugas";"https://www.civitatis.com/es/isla-isabela/visita-centro-crianza-tortugas/";"D&t International";"dianne.infante@gtt.ec";"+593988275577";"Summer Vacation Tour Operator | Chimborazo 203 y Velez, Guayaquil, Ecuador";"";"36583.26";"0";"4";"0.0";"CLP";"2026-02-24"
"Ecuador";"Isla Isabela";"Tour panorámico por Isla Isabela";"https://www.civitatis.com/es/isla-isabela/tour-panoramico-isla-isabela/";"Galapagos Bktours";"evillagomez@galapagosbktours.es";"+593 98 6569284";"Baklao´s travel bakalao travel agency & tour operator bakalao S.A. | baltra y española 883, puerto ayora santa cruz, Ecuador";"";"64020.71";"0";"2";"0.0";"CLP";"2026-02-24"
"Ecuador";"Isla Santa Cruz";"Excursión a la isla Seymour Norte";"https://www.civitatis.com/es/isla-santa-cruz/excursion-isla-seymour/";"Outlet Viajes Ecuador";"info@outletviajes.com.ec";"593983147231";"Outlet Viajes Ecuador Cia Ltda | Checoslovaquia 640 y Suiza, Quito, Ecuador";"";"280090.62";"3";"84";"10.0";"CLP";"2026-02-24"
"Ecuador";"Isla Santa Cruz";"Traslado entre Santa Cruz y San Cristóbal";"https://www.civitatis.com/es/isla-santa-cruz/traslado-santa-cruz-san-cristobal/";"L/p Andy";"elian2000.eo@gmail.com";"+593996930790";"INTRIAGO DE LA CRUZ RICHARD EVERARDO | BARRIO LA CASCADA CALLE MARCHENA, GALAPAGOS/SANTA CRUZ, Ecuador";"";"36583.26";"8";"221";"7.5";"CLP";"2026-02-24"
"Ecuador";"Isla Santa Cruz";"Paseo en barco por Isla Santa Cruz";"https://www.civitatis.com/es/isla-santa-cruz/paseo-barco-santa-cruz/";"Magical Trip";"sales.magicaltrip@hotmail.com";"+593988833358";"TRAVEL AGENCY GALAPAGOS MAGICAL MAGICALTRIP S.A.S | PUERTO AYORA, GALAPAGOS, Ecuador";"";"45729.08";"16";"354";"9.1";"CLP";"2026-02-24"
"Ecuador";"Isla Santa Cruz";"Excursión a Bahía Tortuga";"https://www.civitatis.com/es/isla-santa-cruz/excursion-bahia-tortuga/";"Overland Adventure";"gerencia@overladventure.com";"+593 98 188 4297";"OVERLAND ADVENTURE OVERLANDECUADOR S.A.S | manuel cornejo E5-105 y simon cardenas, Quito, Ecuador";"";"91458.16";"5";"145";"8.0";"CLP";"2026-02-24"
"Ecuador";"Isla Santa Cruz";"Excursión a la isla Floreana y el islote Enderby";"https://www.civitatis.com/es/isla-santa-cruz/excursion-isla-floreana/";"Magical Trip";"sales.magicaltrip@hotmail.com";"+593988833358";"TRAVEL AGENCY GALAPAGOS MAGICAL MAGICALTRIP S.A.S | PUERTO AYORA, GALAPAGOS, Ecuador";"";"192062.14";"0";"59";"0.0";"CLP";"2026-02-24"
"Ecuador";"Isla Santa Cruz";"Excursión a Isla Isabela";"https://www.civitatis.com/es/isla-santa-cruz/excursion-isla-isabela/";"Isabela Insula";"info@isabelainsula.com";"+593962208823";"Isabela Insula ISASULA S.A.S | Puerto Villamil, Av. 16 De Marzo Barrio Central y Fragata, Puerto Villamil, Ecuador";"";"122553.93";"27";"318";"7.3";"CLP";"2026-02-24"
"Ecuador";"Isla Santa Cruz";"Excursión a la isla Bartolomé";"https://www.civitatis.com/es/isla-santa-cruz/excursion-isla-bartolome/";"Outlet Viajes Ecuador";"info@outletviajes.com.ec";"593983147231";"Outlet Viajes Ecuador Cia Ltda | Checoslovaquia 640 y Suiza, Quito, Ecuador";"";"337251.97";"7";"208";"6.9";"CLP";"2026-02-24"
"Ecuador";"Isla Santa Cruz";"Excursión a la isla Plaza Sur";"https://www.civitatis.com/es/isla-santa-cruz/excursion-isla-plaza-sur/";"Outlet Viajes Ecuador";"info@outletviajes.com.ec";"593983147231";"Outlet Viajes Ecuador Cia Ltda | Checoslovaquia 640 y Suiza, Quito, Ecuador";"";"222929.27";"0";"23";"0.0";"CLP";"2026-02-24"
"Ecuador";"Isla Santa Cruz";"Excursión a la reserva de tortugas gigantes El Chato";"https://www.civitatis.com/es/isla-santa-cruz/excursion-reserva-tortugas-gigantes-chato/";"Outlet Viajes Ecuador";"info@outletviajes.com.ec";"593983147231";"Outlet Viajes Ecuador Cia Ltda | Checoslovaquia 640 y Suiza, Quito, Ecuador";"";"97174.29";"6";"75";"9.3";"CLP";"2026-02-24"
"Ecuador";"Isla Santa Cruz";"Tour de 7 días por las islas Isabela, Santa Cruz y San Cristóbal";"https://www.civitatis.com/es/isla-santa-cruz/7-dias-islas-isabela-cruz-cristobal/";"Global Land Tour Globaland Cia Ltda";"management@globallandtour.com";"593999712102";"GLOBAL LAND TOUR GLOBALAND CIA. LTDA. | Vicente Ramón Roca E4-49 y Av. Amazonas, Quito, Ecuador";"";"1449611.88";"1";"7";"10.0";"CLP";"2026-02-24"
"Ecuador";"Isla Santa Cruz";"Traslado entre Isabela y Santa Cruz";"https://www.civitatis.com/es/isla-santa-cruz/traslado-isabela-santa-cruz/";"L/p Andy";"elian2000.eo@gmail.com";"+593996930790";"INTRIAGO DE LA CRUZ RICHARD EVERARDO | BARRIO LA CASCADA CALLE MARCHENA, GALAPAGOS/SANTA CRUZ, Ecuador";"";"36583.26";"8";"137";"6.7";"CLP";"2026-02-24"
"Ecuador";"Isla Santa Cruz";"Transporte entre el Aeropuerto de Galápagos y la Isla de Santa Cruz";"https://www.civitatis.com/es/isla-santa-cruz/transporte-aeropuerto-galapagos-santa-cruz/";"Magical Trip";"sales.magicaltrip@hotmail.com";"+593988833358";"TRAVEL AGENCY GALAPAGOS MAGICAL MAGICALTRIP S.A.S | PUERTO AYORA, GALAPAGOS, Ecuador";"";"41156.17";"14";"245";"8.0";"CLP";"2026-02-24"
"Ecuador";"Isla Santa Cruz";"Snorkel en la isla Santa Fé + Playa Escondida";"https://www.civitatis.com/es/isla-santa-cruz/excursion-santa-fe/";"Magical Trip";"sales.magicaltrip@hotmail.com";"+593988833358";"TRAVEL AGENCY GALAPAGOS MAGICAL MAGICALTRIP S.A.S | PUERTO AYORA, GALAPAGOS, Ecuador";"";"182916.32";"9";"92";"8.4";"CLP";"2026-02-24"
"Ecuador";"Isla Santa Cruz";"Tour por la Estación Científica de Charles Darwin";"https://www.civitatis.com/es/isla-santa-cruz/tour-estacion-cientifica-charles-darwin/";"D&t International";"dianne.infante@gtt.ec";"+593988275577";"Summer Vacation Tour Operator | Chimborazo 203 y Velez, Guayaquil, Ecuador";"";"45729.08";"9";"124";"7.6";"CLP";"2026-02-24"
"Ecuador";"Isla Santa Cruz";"Tour por la Reserva Galápagos Frontier + Túneles de lava";"https://www.civitatis.com/es/isla-santa-cruz/tour-galapagos-frontier-tuneles-lava/";"Galápagos Frontier";"cesarrco@hotmail.com";"+593982344180";"JULIO CESAR ROBLES SANTANA | guayabillos, MANABI , Ecuador";"";"22864.54";"3";"63";"9.3";"CLP";"2026-02-24"
"Ecuador";"Isla Santa Cruz";"Tour por la parte alta de la Isla Santa Cruz";"https://www.civitatis.com/es/isla-santa-cruz/tour-parte-alta-santa-cruz/";"D&t International";"dianne.infante@gtt.ec";"+593988275577";"Summer Vacation Tour Operator | Chimborazo 203 y Velez, Guayaquil, Ecuador";"";"90543.58";"6";"48";"8.3";"CLP";"2026-02-24"
"Ecuador";"Isla Santa Cruz";"Kayak en la bahía de Santa Cruz";"https://www.civitatis.com/es/isla-santa-cruz/kayak-paddle-surf-santa-cruz/";"Outlet Viajes Ecuador";"info@outletviajes.com.ec";"593983147231";"Outlet Viajes Ecuador Cia Ltda | Checoslovaquia 640 y Suiza, Quito, Ecuador";"";"108606.56";"0";"17";"0.0";"CLP";"2026-02-24"
"Ecuador";"Isla Santa Cruz";"Excursión a Las Grietas y playa de los Alemanes";"https://www.civitatis.com/es/isla-santa-cruz/excursion-grietas-playa-alemanes/";"D&t International";"dianne.infante@gtt.ec";"+593988275577";"Summer Vacation Tour Operator | Chimborazo 203 y Velez, Guayaquil, Ecuador";"";"50301.98";"2";"62";"8.0";"CLP";"2026-02-24"
"Ecuador";"Isla Santa Cruz";"Circuito de 5 días por las islas Santa Cruz e Isabela";"https://www.civitatis.com/es/isla-santa-cruz/circuito-5-dias-islas-galapagos/";"Bm Tours";"operaciones@bmtours.com.ec";"+593 93 967 1013";"BM TOURS INC | 2035 Sunset Lake Road, Suite B-2, Newark, Delaware, Estados Unidos";"";"853624.76";"5";"35";"6.4";"CLP";"2026-02-24"
"Ecuador";"Isla Santa Cruz";"Snorkel en la isla Pinzón";"https://www.civitatis.com/es/isla-santa-cruz/snorkel-isla-pinzon/";"Magical Trip";"sales.magicaltrip@hotmail.com";"+593988833358";"TRAVEL AGENCY GALAPAGOS MAGICAL MAGICALTRIP S.A.S | PUERTO AYORA, GALAPAGOS, Ecuador";"";"182916.32";"2";"23";"8.0";"CLP";"2026-02-24"
"Ecuador";"Isla Santa Cruz";"Excursión a la playa El Garrapatero";"https://www.civitatis.com/es/isla-santa-cruz/excursion-playa-garrapatero/";"Outlet Viajes Ecuador";"info@outletviajes.com.ec";"593983147231";"Outlet Viajes Ecuador Cia Ltda | Checoslovaquia 640 y Suiza, Quito, Ecuador";"";"102890.43";"0";"14";"0.0";"CLP";"2026-02-24"
"Ecuador";"Isla Santa Cruz";"Alquiler de kayak en Isla Santa Cruz";"https://www.civitatis.com/es/isla-santa-cruz/alquiler-kayak-paddle-surf/";"Outlet Viajes Ecuador";"info@outletviajes.com.ec";"593983147231";"Outlet Viajes Ecuador Cia Ltda | Checoslovaquia 640 y Suiza, Quito, Ecuador";"";"50301.98";"0";"10";"0.0";"CLP";"2026-02-24"
"Ecuador";"Isla Santa Cruz";"Clase de cocina en Isla Santa Cruz";"https://www.civitatis.com/es/isla-santa-cruz/clase-cocina-isla-santa-cruz/";"Galápagos Frontier";"cesarrco@hotmail.com";"+593982344180";"JULIO CESAR ROBLES SANTANA | guayabillos, MANABI , Ecuador";"";"137187.24";"1";"8";"10.0";"CLP";"2026-02-24"
"Ecuador";"Isla Santa Cruz";"Crucero de 5 días por el oeste de las islas Galápagos";"https://www.civitatis.com/es/isla-santa-cruz/crucero-5-dias-oeste-galapagos/";"Oniric Cruises & Andean Travel Company";"johana.r@andeantc.com";"+593967575072";"Andean Travel Company | Guipuzcoa E13-117 y Lugo, Quito, Ecuador";"";"2830630.14";"0";"2";"0.0";"CLP";"2026-02-24"
"Ecuador";"Isla Santa Cruz";"Crucero de 8 días por las islas Galápagos";"https://www.civitatis.com/es/isla-santa-cruz/crucero-8-dias-galapagos/";"Oniric Cruises & Andean Travel Company";"johana.r@andeantc.com";"+593967575072";"Andean Travel Company | Guipuzcoa E13-117 y Lugo, Quito, Ecuador";"";"4568335.23";"0";"0";"0.0";"CLP";"2026-02-24"
"Ecuador";"Isla Santa Cruz";"Crucero de 4 días por el noreste de las islas Galápagos";"https://www.civitatis.com/es/isla-santa-cruz/crucero-4-dias-noreste-galapagos/";"Oniric Cruises & Andean Travel Company";"johana.r@andeantc.com";"+593967575072";"Andean Travel Company | Guipuzcoa E13-117 y Lugo, Quito, Ecuador";"";"2057808.66";"0";"0";"0.0";"CLP";"2026-02-24"
"Ecuador";"Isla Santa Cruz";"Crucero de 8 días por el norte de las islas Galápagos con buceo";"https://www.civitatis.com/es/isla-santa-cruz/crucero-8-dias-galapagos-buceo/";"Oniric Cruises & Andean Travel Company";"johana.r@andeantc.com";"+593967575072";"Andean Travel Company | Guipuzcoa E13-117 y Lugo, Quito, Ecuador";"";"4385418.91";"0";"0";"0.0";"CLP";"2026-02-24"
"Ecuador";"Isla Santa Cruz";"Crucero de lujo de 5 días por las islas Galápagos";"https://www.civitatis.com/es/isla-santa-cruz/crucero-lujo-5-dias-galapagos/";"Oniric Cruises & Andean Travel Company";"johana.r@andeantc.com";"+593967575072";"Andean Travel Company | Guipuzcoa E13-117 y Lugo, Quito, Ecuador";"";"3589732.89";"0";"0";"0.0";"CLP";"2026-02-24"
"Ecuador";"Isla Santa Cruz";"Crucero de lujo de 7 días por las islas Galápagos";"https://www.civitatis.com/es/isla-santa-cruz/crucero-lujo-7-dias-galapagos/";"Oniric Cruises & Andean Travel Company";"johana.r@andeantc.com";"+593967575072";"Andean Travel Company | Guipuzcoa E13-117 y Lugo, Quito, Ecuador";"";"5300000.54";"0";"0";"0.0";"CLP";"2026-02-24"
"Ecuador";"Isla Santa Cruz";"Tour en bicicleta por la Isla Santa Cruz";"https://www.civitatis.com/es/isla-santa-cruz/tour-bicicleta-isla-santa-cruz/";"Galápagos Frontier";"cesarrco@hotmail.com";"+593982344180";"JULIO CESAR ROBLES SANTANA | guayabillos, MANABI , Ecuador";"";"54874.89";"0";"10";"0.0";"CLP";"2026-02-24"
"Ecuador";"Isla Santa Cruz";"Excursión a Cerro Mesa y Garrapatero";"https://www.civitatis.com/es/isla-santa-cruz/excursion-cerro-mesa-garrapatero/";"Liv Ecuador";"ana.paez@liv.ec";"+593 994794299";"Proactivo Capital Group, LLC | 3029 NE 188th Street # 604, Miami, Estados Unidos";"";"278947.39";"0";"2";"0.0";"CLP";"2026-02-24"
"Ecuador";"Isla Santa Cruz";"Crucero de 8 días en catamarán por el norte de las islas Galápagos";"https://www.civitatis.com/es/isla-santa-cruz/crucero-8-dias-norte-galapagos/";"Nemo Galapagos";"maria@nemogalapagoscruises.com";"+593 2995231111";"LATINTOUR CIA LTDA | Diego de Almagro y La Niña, Quito, Ecuador";"";"3704055.59";"0";"4";"0.0";"CLP";"2026-02-24"
"Ecuador";"Isla Santa Cruz";"Crucero de 5 días por el sur de las islas Galápagos";"https://www.civitatis.com/es/isla-santa-cruz/crucero-5-dias-este-galapagos/";"Nemo Galapagos";"maria@nemogalapagoscruises.com";"+593 2995231111";"LATINTOUR CIA LTDA | Diego de Almagro y La Niña, Quito, Ecuador";"";"2149266.82";"0";"0";"0.0";"CLP";"2026-02-24"
"Ecuador";"Isla Santa Cruz";"Crucero de 5 días por el este y sur de las islas Galápagos";"https://www.civitatis.com/es/isla-santa-cruz/5-dias-este-sur-galapagos/";"Oniric Cruises & Andean Travel Company";"johana.r@andeantc.com";"+593967575072";"Andean Travel Company | Guipuzcoa E13-117 y Lugo, Quito, Ecuador";"";"3361087.48";"0";"0";"0.0";"CLP";"2026-02-24"
"Ecuador";"Isla Santa Cruz";"Crucero de 4 días por el norte de las islas Galápagos";"https://www.civitatis.com/es/isla-santa-cruz/crucero-4-dias-norte-galapagos/";"Nemo Galapagos";"maria@nemogalapagoscruises.com";"+593 2995231111";"LATINTOUR CIA LTDA | Diego de Almagro y La Niña, Quito, Ecuador";"";"1600517.85";"0";"0";"0.0";"CLP";"2026-02-24"
"Ecuador";"Isla Santa Cruz";"Crucero de 4 días por el sur de las islas Galápagos";"https://www.civitatis.com/es/isla-santa-cruz/crucero-4-dias-sur-galapagos/";"Nemo Galapagos";"maria@nemogalapagoscruises.com";"+593 2995231111";"LATINTOUR CIA LTDA | Diego de Almagro y La Niña, Quito, Ecuador";"";"1600517.85";"0";"0";"0.0";"CLP";"2026-02-24"
"Ecuador";"Isla de San Cristóbal";"Traslado entre Santa Cruz y San Cristóbal";"https://www.civitatis.com/es/isla-de-san-cristobal/traslado-santa-cruz-san-cristobal/";"L/p Andy";"elian2000.eo@gmail.com";"+593996930790";"INTRIAGO DE LA CRUZ RICHARD EVERARDO | BARRIO LA CASCADA CALLE MARCHENA, GALAPAGOS/SANTA CRUZ, Ecuador";"";"36583.26";"8";"221";"7.5";"CLP";"2026-02-24"
"Ecuador";"Isla de San Cristóbal";"Tour por la parte alta de la Isla de San Cristóbal";"https://www.civitatis.com/es/isla-de-san-cristobal/tour-parte-alta-san-cristobal/";"Outlet Viajes Ecuador";"info@outletviajes.com.ec";"593983147231";"Outlet Viajes Ecuador Cia Ltda | Checoslovaquia 640 y Suiza, Quito, Ecuador";"";"182916.32";"4";"63";"8.0";"CLP";"2026-02-24"
"Ecuador";"Isla de San Cristóbal";"Excursión al Centro de Interpretación de San Cristóbal y playa Punta Carola";"https://www.civitatis.com/es/isla-de-san-cristobal/centro-interpretacion-playa-punta-carola/";"D&t International";"dianne.infante@gtt.ec";"+593988275577";"Summer Vacation Tour Operator | Chimborazo 203 y Velez, Guayaquil, Ecuador";"";"86885.25";"0";"13";"0.0";"CLP";"2026-02-24"
"Ecuador";"Isla de San Cristóbal";"Excursión a la Isla Española";"https://www.civitatis.com/es/isla-de-san-cristobal/excursion-isla-espanola/";"Outlet Viajes Ecuador";"info@outletviajes.com.ec";"593983147231";"Outlet Viajes Ecuador Cia Ltda | Checoslovaquia 640 y Suiza, Quito, Ecuador";"";"320103.57";"1";"62";"10.0";"CLP";"2026-02-24"
"Ecuador";"Isla de San Cristóbal";"Excursión a playa la Lobería";"https://www.civitatis.com/es/isla-de-san-cristobal/excursion-playa-loberia/";"D&t International";"dianne.infante@gtt.ec";"+593988275577";"Summer Vacation Tour Operator | Chimborazo 203 y Velez, Guayaquil, Ecuador";"";"86885.25";"0";"4";"0.0";"CLP";"2026-02-24"
"Ecuador";"Isla de San Cristóbal";"Tour de 5 días por la Isla de San Cristóbal con buceo";"https://www.civitatis.com/es/isla-de-san-cristobal/5-dias-san-cristobal-buceo/";"Outlet Viajes Ecuador";"info@outletviajes.com.ec";"593983147231";"Outlet Viajes Ecuador Cia Ltda | Checoslovaquia 640 y Suiza, Quito, Ecuador";"";"1063201.14";"0";"0";"0.0";"CLP";"2026-02-24"
"Ecuador";"Isla de San Cristóbal";"Curso de buceo PADI Open Water";"https://www.civitatis.com/es/isla-de-san-cristobal/curso-padi-open-water/";"Aquaventures Dive Center";"aquaventuresgps@gmail.com";"0986577653";"AQUAVENTURES DIVE CENTER S.A. | Ignacio Hernández y Española S/N, San Cristóbal, Ecuador";"";"576186.42";"0";"0";"0.0";"CLP";"2026-02-24"
"Ecuador";"Isla de San Cristóbal";"Crucero de lujo de 5 días por Española, Floreana, Santa Fe y Santa Cruz";"https://www.civitatis.com/es/isla-de-san-cristobal/5-dias-espanola-floreana-santa-fe/";"Oniric Cruises & Andean Travel Company";"johana.r@andeantc.com";"+593967575072";"Andean Travel Company | Guipuzcoa E13-117 y Lugo, Quito, Ecuador";"";"3589732.89";"0";"0";"0.0";"CLP";"2026-02-24"
"Ecuador";"Isla de San Cristóbal";"Crucero de lujo de 5 días por Española, Floreana, Santiago y Santa Cruz";"https://www.civitatis.com/es/isla-de-san-cristobal/5-dias-espanola-floreana-santiago/";"Oniric Cruises & Andean Travel Company";"johana.r@andeantc.com";"+593967575072";"Andean Travel Company | Guipuzcoa E13-117 y Lugo, Quito, Ecuador";"";"3589732.89";"0";"0";"0.0";"CLP";"2026-02-24"
"Ecuador";"Isla de San Cristóbal";"Crucero de 8 días por las islas Galápagos al completo";"https://www.civitatis.com/es/isla-de-san-cristobal/crucero-8-dias-islas-galapagos/";"Oniric Cruises & Andean Travel Company";"johana.r@andeantc.com";"+593967575072";"Andean Travel Company | Guipuzcoa E13-117 y Lugo, Quito, Ecuador";"";"4568335.23";"0";"0";"0.0";"CLP";"2026-02-24"
"Ecuador";"Isla de San Cristóbal";"Crucero de 4 días por el sur de las islas Galápagos";"https://www.civitatis.com/es/isla-de-san-cristobal/crucero-4-dias-sur-galapagos/";"Oniric Cruises & Andean Travel Company";"johana.r@andeantc.com";"+593967575072";"Andean Travel Company | Guipuzcoa E13-117 y Lugo, Quito, Ecuador";"";"2057808.66";"0";"0";"0.0";"CLP";"2026-02-24"
"Ecuador";"Isla de San Cristóbal";"5 días en yate de lujo por las islas Galápagos";"https://www.civitatis.com/es/isla-de-san-cristobal/5-dias-yate-lujo-galapagos/";"Oniric Cruises & Andean Travel Company";"johana.r@andeantc.com";"+593967575072";"Andean Travel Company | Guipuzcoa E13-117 y Lugo, Quito, Ecuador";"";"3589732.89";"0";"0";"0.0";"CLP";"2026-02-24"
"Ecuador";"Isla de San Cristóbal";"Tour de 4 o 5 días por la Isla de San Cristóbal";"https://www.civitatis.com/es/isla-de-san-cristobal/tour-4-5-dias-isla-san-cristobal/";"Outlet Viajes Ecuador";"info@outletviajes.com.ec";"593983147231";"Outlet Viajes Ecuador Cia Ltda | Checoslovaquia 640 y Suiza, Quito, Ecuador";"";"643636.82";"0";"0";"0.0";"CLP";"2026-02-24"
"Ecuador";"Isla de San Cristóbal";"Tour de 5 o 6 días por las islas de San Cristóbal y Santa Cruz";"https://www.civitatis.com/es/isla-de-san-cristobal/5-6-dias-san-cristobal-santa-cruz/";"Outlet Viajes Ecuador";"info@outletviajes.com.ec";"593983147231";"Outlet Viajes Ecuador Cia Ltda | Checoslovaquia 640 y Suiza, Quito, Ecuador";"";"764818.88";"0";"10";"0.0";"CLP";"2026-02-24"
"Ecuador";"Baños de Agua Santa";"Excursión de 1 o 2 días a la selva amazónica";"https://www.civitatis.com/es/banos-agua-santa/excursion-1-2-dias-selva-amazonica/";"Turismo Ecuador 24";"turismoecuador24@gmail.com";"0984155679";"TURISMOECUADOR 24 S.A.S. | Calle 12 de Noviembre y Luis A Martinez, Baños de Agua Santa, Ecuador";"";"32010.35";"0";"19";"0.0";"CLP";"2026-02-24"
"Ecuador";"Baños de Agua Santa";"Excursión a la Casa del Árbol";"https://www.civitatis.com/es/banos-agua-santa/excursion-casa-arbol/";"Mega Adventure Park Rio Blanco";"cfiallosgerencia@gmail.com";"+593959973385";"Mega Park Rio Blanco Cia. Ltda. | Oscar Efren Reyes y Eugenio Espejo, Baños de Agua Santa, Ecuador";"";"6402.07";"15";"258";"6.0";"CLP";"2026-02-24"
"Ecuador";"Baños de Agua Santa";"Excursión a la Reserva Hola Vida";"https://www.civitatis.com/es/banos-agua-santa/excursion-reserva-hola-vida/";"Mega Adventure Park Rio Blanco";"cfiallosgerencia@gmail.com";"+593959973385";"Mega Park Rio Blanco Cia. Ltda. | Oscar Efren Reyes y Eugenio Espejo, Baños de Agua Santa, Ecuador";"";"27437.44";"18";"219";"9.4";"CLP";"2026-02-24"
"Ecuador";"Baños de Agua Santa";"Barranquismo en el río Blanco o la cascada de Chamana";"https://www.civitatis.com/es/banos-agua-santa/barranquismo-rio-blanco/";"Mega Adventure Park Rio Blanco";"cfiallosgerencia@gmail.com";"+593959973385";"Mega Park Rio Blanco Cia. Ltda. | Oscar Efren Reyes y Eugenio Espejo, Baños de Agua Santa, Ecuador";"";"24693.7";"1";"8";"10.0";"CLP";"2026-02-24"
"Ecuador";"Baños de Agua Santa";"Rafting en el río Pastaza";"https://www.civitatis.com/es/banos-agua-santa/rafting-rio-pastaza/";"Mega Adventure Park Rio Blanco";"cfiallosgerencia@gmail.com";"+593959973385";"Mega Park Rio Blanco Cia. Ltda. | Oscar Efren Reyes y Eugenio Espejo, Baños de Agua Santa, Ecuador";"";"30181.19";"3";"32";"10.0";"CLP";"2026-02-24"
"Ecuador";"Baños de Agua Santa";"Puente tibetano de Baños de Agua Santa";"https://www.civitatis.com/es/banos-agua-santa/puente-tibetano-banos-agua-santa/";"Mega Adventure Park Rio Blanco";"cfiallosgerencia@gmail.com";"+593959973385";"Mega Park Rio Blanco Cia. Ltda. | Oscar Efren Reyes y Eugenio Espejo, Baños de Agua Santa, Ecuador";"";"18291.63";"1";"13";"10.0";"CLP";"2026-02-24"
"Ecuador";"Baños de Agua Santa";"Alquiler de buggy todoterreno en Baños";"https://www.civitatis.com/es/banos-agua-santa/alquiler-buggy-banos/";"Turismo Ecuador 24";"turismoecuador24@gmail.com";"0984155679";"TURISMOECUADOR 24 S.A.S. | Calle 12 de Noviembre y Luis A Martinez, Baños de Agua Santa, Ecuador";"";"36583.26";"1";"5";"10.0";"CLP";"2026-02-24"
"Ecuador";"Baños de Agua Santa";"Excursión de 2 días al cerro Puñay";"https://www.civitatis.com/es/banos-agua-santa/excursion-2-dias-cerro-punay/";"Imagine Ecuador";"imagineecuador@gmail.com";"+593 98 523 8214";"IMAGINE ECUADOR IMAECUADOR CIA LTDA | Luis A. Martinez y 16 de Diciembre, Baños de Agua Santa, Ecuador";"";"219499.59";"0";"1";"0.0";"CLP";"2026-02-24"
"Ecuador";"Baños de Agua Santa";"Alquiler de quad en Baños de Agua Santa";"https://www.civitatis.com/es/banos-agua-santa/alquiler-quad-banos/";"Turismo Ecuador 24";"turismoecuador24@gmail.com";"0984155679";"TURISMOECUADOR 24 S.A.S. | Calle 12 de Noviembre y Luis A Martinez, Baños de Agua Santa, Ecuador";"";"32010.35";"0";"1";"0.0";"CLP";"2026-02-24"
"Ecuador";"Baños de Agua Santa";"Alquiler de bicicletas en Baños de Agua Santa";"https://www.civitatis.com/es/banos-agua-santa/alquiler-bicicletas-banos-agua-santa/";"Mega Adventure Park Rio Blanco";"cfiallosgerencia@gmail.com";"+593959973385";"Mega Park Rio Blanco Cia. Ltda. | Oscar Efren Reyes y Eugenio Espejo, Baños de Agua Santa, Ecuador";"";"10974.97";"0";"0";"0.0";"CLP";"2026-02-24"
"Ecuador";"Baños de Agua Santa";"Excursión al desierto de Palmira y lagunas de Altillo";"https://www.civitatis.com/es/banos-agua-santa/excursion-desierto-palmira-lagunas-altillo/";"Imagine Ecuador";"imagineecuador@gmail.com";"+593 98 523 8214";"IMAGINE ECUADOR IMAECUADOR CIA LTDA | Luis A. Martinez y 16 de Diciembre, Baños de Agua Santa, Ecuador";"";"82312.34";"0";"0";"0.0";"CLP";"2026-02-24"
"Ecuador";"Baños de Agua Santa";"Pesca en el río Zuñac con barbacoa";"https://www.civitatis.com/es/banos-agua-santa/pesca-rio-zunac-barbacoa/";"Guidecuador Travel Sas";"info@guidecuador.com";"593998734255";"Marco Alejandro Jacome Mosquera | Pasaje Miguel Angel y John F Kennedy, Quito, Ecuador";"";"114322.7";"0";"0";"0.0";"CLP";"2026-02-24"
"Ecuador";"Baños de Agua Santa";"Puenting en Baños de Agua Santa";"https://www.civitatis.com/es/banos-agua-santa/puenting-banos-agua-santa/";"Mega Adventure Park Rio Blanco";"cfiallosgerencia@gmail.com";"+593959973385";"Mega Park Rio Blanco Cia. Ltda. | Oscar Efren Reyes y Eugenio Espejo, Baños de Agua Santa, Ecuador";"";"24693.7";"0";"8";"0.0";"CLP";"2026-02-24"
"Ecuador";"Baños de Agua Santa";"Paseo a caballo por Baños de Agua Santa";"https://www.civitatis.com/es/banos-agua-santa/paseo-caballo-banos-agua-santa/";"Mega Adventure Park Rio Blanco";"cfiallosgerencia@gmail.com";"+593959973385";"Mega Park Rio Blanco Cia. Ltda. | Oscar Efren Reyes y Eugenio Espejo, Baños de Agua Santa, Ecuador";"";"24693.7";"0";"0";"0.0";"CLP";"2026-02-24"
"Ecuador";"Baños de Agua Santa";"Excursión a la laguna congelada del volcán Carihuairazo";"https://www.civitatis.com/es/banos-agua-santa/excursion-laguna-congelada-volcan-carihuairazo/";"Imagine Ecuador";"imagineecuador@gmail.com";"+593 98 523 8214";"IMAGINE ECUADOR IMAECUADOR CIA LTDA | Luis A. Martinez y 16 de Diciembre, Baños de Agua Santa, Ecuador";"";"82312.34";"0";"0";"0.0";"CLP";"2026-02-24"
"Ecuador";"Baños de Agua Santa";"Excursión al volcán Chimborazo";"https://www.civitatis.com/es/banos-agua-santa/excursion-volcan-chimborazo/";"Ivagatours";"ivagatours1@gmail.com";"0984009963";"Operadora de Turismo Ivagatours Cia.Ltda | eloy alfaro y ambato, Baños de Agua Santa, Ecuador";"";"100603.97";"2";"44";"10.0";"CLP";"2026-02-24"
"Ecuador";"Baños de Agua Santa";"Excursión al volcán Tungurahua";"https://www.civitatis.com/es/banos-agua-santa/excursion-volcan-tungurahua/";"Ivagatours";"ivagatours1@gmail.com";"0984009963";"Operadora de Turismo Ivagatours Cia.Ltda | eloy alfaro y ambato, Baños de Agua Santa, Ecuador";"";"96031.07";"0";"6";"0.0";"CLP";"2026-02-24"
"Ecuador";"Baños de Agua Santa";"Tour por Baños de Agua Santa";"https://www.civitatis.com/es/banos-agua-santa/tour-banos-agua-santa/";"Ivagatours";"ivagatours1@gmail.com";"0984009963";"Operadora de Turismo Ivagatours Cia.Ltda | eloy alfaro y ambato, Baños de Agua Santa, Ecuador";"";"59447.8";"0";"3";"0.0";"CLP";"2026-02-24"
"Ecuador";"Baños de Agua Santa";"Trekking de 2 días por el volcán Chimborazo";"https://www.civitatis.com/es/banos-agua-santa/trekking-2-dias-volcan-chimborazo/";"Ivagatours";"ivagatours1@gmail.com";"0984009963";"Operadora de Turismo Ivagatours Cia.Ltda | eloy alfaro y ambato, Baños de Agua Santa, Ecuador";"";"411561.73";"0";"2";"0.0";"CLP";"2026-02-24"
"Ecuador";"Baños de Agua Santa";"Trekking de 2 días por el volcán Cotopaxi";"https://www.civitatis.com/es/banos-agua-santa/trekking-2-dias-volcan-cotopaxi/";"Ivagatours";"ivagatours1@gmail.com";"0984009963";"Operadora de Turismo Ivagatours Cia.Ltda | eloy alfaro y ambato, Baños de Agua Santa, Ecuador";"";"411561.73";"0";"2";"0.0";"CLP";"2026-02-24"
"Ecuador";"Baños de Agua Santa";"Excursión a la laguna de Quilotoa";"https://www.civitatis.com/es/banos-agua-santa/excursion-laguna-quilotoa/";"Ivagatours";"ivagatours1@gmail.com";"0984009963";"Operadora de Turismo Ivagatours Cia.Ltda | eloy alfaro y ambato, Baños de Agua Santa, Ecuador";"";"109749.79";"0";"4";"0.0";"CLP";"2026-02-24"
"Ecuador";"Baños de Agua Santa";"Trekking de 2 días por el volcán Tungurahua";"https://www.civitatis.com/es/banos-agua-santa/trekking-2-dias-volcan-tungurahua/";"Ivagatours";"ivagatours1@gmail.com";"0984009963";"Operadora de Turismo Ivagatours Cia.Ltda | eloy alfaro y ambato, Baños de Agua Santa, Ecuador";"";"292666.12";"0";"6";"0.0";"CLP";"2026-02-24"
"Ecuador";"Baños de Agua Santa";"Vuelo en parapente por el cerro Nitón";"https://www.civitatis.com/es/banos-agua-santa/vuelo-parapente-cerro-niton/";"Ivagatours";"ivagatours1@gmail.com";"0984009963";"Operadora de Turismo Ivagatours Cia.Ltda | eloy alfaro y ambato, Baños de Agua Santa, Ecuador";"";"68593.62";"0";"3";"0.0";"CLP";"2026-02-24"
"Ecuador";"Baños de Agua Santa";"Barranquismo en el río Cashaurco";"https://www.civitatis.com/es/banos-agua-santa/barranquismo-rio-cashaurco/";"Ivagatours";"ivagatours1@gmail.com";"0984009963";"Operadora de Turismo Ivagatours Cia.Ltda | eloy alfaro y ambato, Baños de Agua Santa, Ecuador";"";"73166.53";"0";"0";"0.0";"CLP";"2026-02-24"
"Ecuador";"Baños de Agua Santa";"Excursión al volcán Cotopaxi";"https://www.civitatis.com/es/banos-agua-santa/excursion-volcan-cotopaxi/";"Ivagatours";"ivagatours1@gmail.com";"0984009963";"Operadora de Turismo Ivagatours Cia.Ltda | eloy alfaro y ambato, Baños de Agua Santa, Ecuador";"";"109749.79";"0";"1";"0.0";"CLP";"2026-02-24"
"Ecuador";"Riobamba";"Excursión al volcán Chimborazo";"https://www.civitatis.com/es/riobamba/excursion-volcan-chimborazo/";"Chimborazo Tours";"chimborazo.tours@gmail.com";"+593984906132";"CHIMBORAZO TOURS OPERADOR A DE TURISMO CTUR CIA LTDA | Ecuador, Riobamba, Ecuador";"";"68593.62";"17";"109";"10.0";"CLP";"2026-02-24"
"Ecuador";"Riobamba";"Paseo a caballo por el volcán Chimborazo";"https://www.civitatis.com/es/riobamba/paseo-caballo-volcan-chimborazo/";"Chimborazo Tours";"chimborazo.tours@gmail.com";"+593984906132";"CHIMBORAZO TOURS OPERADOR A DE TURISMO CTUR CIA LTDA | Ecuador, Riobamba, Ecuador";"";"105176.88";"0";"11";"0.0";"CLP";"2026-02-24"
"Ecuador";"Riobamba";"Tour en bicicleta por el volcán Chimborazo";"https://www.civitatis.com/es/riobamba/tour-bicicleta-volcan-chimborazo/";"Chimborazo Tours";"chimborazo.tours@gmail.com";"+593984906132";"CHIMBORAZO TOURS OPERADOR A DE TURISMO CTUR CIA LTDA | Ecuador, Riobamba, Ecuador";"";"68593.62";"5";"29";"9.6";"CLP";"2026-02-24"
"Ecuador";"Riobamba";"Excursión a Baños de Agua Santa y Río Verde";"https://www.civitatis.com/es/riobamba/banos-agua-santa-rio-verde/";"Chimborazo Tours";"chimborazo.tours@gmail.com";"+593984906132";"CHIMBORAZO TOURS OPERADOR A DE TURISMO CTUR CIA LTDA | Ecuador, Riobamba, Ecuador";"";"91458.16";"1";"9";"10.0";"CLP";"2026-02-24"
"Ecuador";"Riobamba";"Excursión a la laguna de Quilotoa";"https://www.civitatis.com/es/riobamba/excursion-laguna-quilotoa/";"Chimborazo Tours";"chimborazo.tours@gmail.com";"+593984906132";"CHIMBORAZO TOURS OPERADOR A DE TURISMO CTUR CIA LTDA | Ecuador, Riobamba, Ecuador";"";"90543.58";"1";"5";"10.0";"CLP";"2026-02-24"
"Ecuador";"Riobamba";"Trekking hasta la mina de hielo del volcán Chimborazo";"https://www.civitatis.com/es/riobamba/trekking-mina-hielo-volcan-chimborazo/";"Chimborazo Tours";"chimborazo.tours@gmail.com";"+593984906132";"CHIMBORAZO TOURS OPERADOR A DE TURISMO CTUR CIA LTDA | Ecuador, Riobamba, Ecuador";"";"73166.53";"0";"2";"0.0";"CLP";"2026-02-24"
"Ecuador";"Riobamba";"Tour por Riobamba, Guano y Pucará Tambo";"https://www.civitatis.com/es/riobamba/tour-riobamba-guano-laguna-colta/";"Chimborazo Tours";"chimborazo.tours@gmail.com";"+593984906132";"CHIMBORAZO TOURS OPERADOR A DE TURISMO CTUR CIA LTDA | Ecuador, Riobamba, Ecuador";"";"77739.43";"1";"5";"10.0";"CLP";"2026-02-24"
"Ecuador";"Riobamba";"Trekking de 2 días por el volcán El Altar";"https://www.civitatis.com/es/riobamba/trekking-2-dias-volcan-altar/";"Chimborazo Tours";"chimborazo.tours@gmail.com";"+593984906132";"CHIMBORAZO TOURS OPERADOR A DE TURISMO CTUR CIA LTDA | Ecuador, Riobamba, Ecuador";"";"237791.22";"0";"2";"0.0";"CLP";"2026-02-24"
"Ecuador";"Riobamba";"Excursión a lagunas de Atillo";"https://www.civitatis.com/es/riobamba/excursion-lagunas-atillo/";"Chimborazo Tours";"chimborazo.tours@gmail.com";"+593984906132";"CHIMBORAZO TOURS OPERADOR A DE TURISMO CTUR CIA LTDA | Ecuador, Riobamba, Ecuador";"";"68593.62";"0";"3";"0.0";"CLP";"2026-02-24"
"Ecuador";"Riobamba";"Trekking de 2 días por el volcán Chimborazo";"https://www.civitatis.com/es/riobamba/trekking-2-dias-volcan-chimborazo/";"Chimborazo Tours";"chimborazo.tours@gmail.com";"+593984906132";"CHIMBORAZO TOURS OPERADOR A DE TURISMO CTUR CIA LTDA | Ecuador, Riobamba, Ecuador";"";"228645.4";"0";"0";"0.0";"CLP";"2026-02-24"
"Ecuador";"Riobamba";"Trekking de 3 días por el Camino del Inca";"https://www.civitatis.com/es/riobamba/trekking-3-dias-camino-inca/";"Chimborazo Tours";"chimborazo.tours@gmail.com";"+593984906132";"CHIMBORAZO TOURS OPERADOR A DE TURISMO CTUR CIA LTDA | Ecuador, Riobamba, Ecuador";"";"438999.18";"0";"0";"0.0";"CLP";"2026-02-24"
"Ecuador";"Riobamba";"Senderismo por el volcán Tungurahua y el Ojo del Fantasma";"https://www.civitatis.com/es/riobamba/senderismo-volcan-tungurahua/";"Payani Tour Operadora";"alexis18reinoso@gmail.com";"0982515278";"Payani-Ecu Tour Operadora Cia Ltda | Tarqui y Venezuela, Riobamba, Ecuador";"";"77739.43";"1";"4";"10.0";"CLP";"2026-02-24"
"Ecuador";"Riobamba";"Visita guiada por Riobamba";"https://www.civitatis.com/es/riobamba/visita-guiada-riobamba/";"Payani Tour Operadora";"alexis18reinoso@gmail.com";"0982515278";"Payani-Ecu Tour Operadora Cia Ltda | Tarqui y Venezuela, Riobamba, Ecuador";"";"27437.44";"1";"3";"10.0";"CLP";"2026-02-24"
"Ecuador";"Riobamba";"Senderismo por el volcán Chimborazo";"https://www.civitatis.com/es/riobamba/senderismo-volcan-chimborazo/";"Payani Tour Operadora";"alexis18reinoso@gmail.com";"0982515278";"Payani-Ecu Tour Operadora Cia Ltda | Tarqui y Venezuela, Riobamba, Ecuador";"";"97860.23";"0";"0";"0.0";"CLP";"2026-02-24"
"Ecuador";"Loja";"Excursión al Parque Nacional Podocarpus + Vilcabamba";"https://www.civitatis.com/es/loja/excursion-parque-podocarpus-vilcabamba/";"Pamtours";"pamtour@pamtour.com";"+593999459911";"PAMELA TOURS CIA LTDA | Luis Cordero E4-311, Quito, Ecuador";"";"86885.25";"4";"23";"9.5";"CLP";"2026-02-24"
"Ecuador";"Loja";"Tour panorámico por Loja";"https://www.civitatis.com/es/loja/tour-panoramico-loja/";"Pamtours";"pamtour@pamtour.com";"+593999459911";"PAMELA TOURS CIA LTDA | Luis Cordero E4-311, Quito, Ecuador";"";"45729.08";"0";"6";"0.0";"CLP";"2026-02-24"
"Ecuador";"Machala";"Excursión a Zaruma";"https://www.civitatis.com/es/machala/excursion-zaruma/";"Pamtours";"pamtour@pamtour.com";"+593999459911";"PAMELA TOURS CIA LTDA | Luis Cordero E4-311, Quito, Ecuador";"";"86885.25";"0";"0";"0.0";"CLP";"2026-02-24"
"Ecuador";"Machala";"Tour por Machala";"https://www.civitatis.com/es/machala/tour-machala/";"Pamtours";"pamtour@pamtour.com";"+593999459911";"PAMELA TOURS CIA LTDA | Luis Cordero E4-311, Quito, Ecuador";"";"41156.17";"0";"0";"0.0";"CLP";"2026-02-24"
"Ecuador";"Manta";"Excursión a la Isla de la Plata";"https://www.civitatis.com/es/manta/excursion-isla-plata/";"Pamtours";"pamtour@pamtour.com";"+593999459911";"PAMELA TOURS CIA LTDA | Luis Cordero E4-311, Quito, Ecuador";"";"128041.42";"1";"20";"10.0";"CLP";"2026-02-24"
"Ecuador";"Manta";"Alquiler de barco con patrón en Manta";"https://www.civitatis.com/es/manta/alquiler-barco-patron-manta/";"Chárter Manta";"info@chartermanta.com";"+593 979 055 777";"Eduardo Carlos Vidal Passani | AV. UNIVERSITARIA 2, VILLA 6, Z, Manta, Ecuador";"";"232788.53";"0";"0";"0.0";"CLP";"2026-02-24"
"Ecuador";"Manta";"Tour panorámico por Manta";"https://www.civitatis.com/es/manta/tour-panoramico-manta/";"Pamtours";"pamtour@pamtour.com";"+593999459911";"PAMELA TOURS CIA LTDA | Luis Cordero E4-311, Quito, Ecuador";"";"41156.17";"2";"8";"8.0";"CLP";"2026-02-24"
"Ecuador";"Manta";"Avistamiento de ballenas en Manta";"https://www.civitatis.com/es/manta/avistamiento-ballenas-manta/";"Chárter Manta";"info@chartermanta.com";"+593 979 055 777";"Eduardo Carlos Vidal Passani | AV. UNIVERSITARIA 2, VILLA 6, Z, Manta, Ecuador";"";"32331.74";"1";"10";"10.0";"CLP";"2026-02-24"
"Ecuador";"Otavalo ";"Free tour por Otavalo";"https://www.civitatis.com/es/otavalo/free-tour-otavalo/";"Aya Huma";"ayahuma.freewalking@gmail.com";"+593 999163012";"Juan Carlos Minda Ramirez | Sucre y Panamericana Sur, Otavalo , Ecuador";"";"0.0";"1";"94";"10.0";"CLP";"2026-02-24"
"Ecuador";"Otavalo ";"Free tour de los misterios y leyendas de Otavalo";"https://www.civitatis.com/es/otavalo/free-tour-misterios-leyendas-otavalo/";"Aya Huma";"ayahuma.freewalking@gmail.com";"+593 999163012";"Juan Carlos Minda Ramirez | Sucre y Panamericana Sur, Otavalo , Ecuador";"";"0.0";"0";"26";"0.0";"CLP";"2026-02-24"
"Ecuador";"Otavalo ";"Paseo en canoa por el lago San Pablo";"https://www.civitatis.com/es/otavalo/paseo-canoa-lago-san-pablo/";"Guidecuador Travel Sas";"info@guidecuador.com";"593998734255";"Marco Alejandro Jacome Mosquera | Pasaje Miguel Angel y John F Kennedy, Quito, Ecuador";"";"90543.58";"0";"0";"0.0";"CLP";"2026-02-24"
"Ecuador";"Otavalo ";"Tour en bicicleta por Otavalo";"https://www.civitatis.com/es/otavalo/tour-bicicleta-pueblos-imbabura/";"Guidecuador Travel Sas";"info@guidecuador.com";"593998734255";"Marco Alejandro Jacome Mosquera | Pasaje Miguel Angel y John F Kennedy, Quito, Ecuador";"";"82312.34";"0";"0";"0.0";"CLP";"2026-02-24"
"Ecuador";"Puerto López";"Excursión a la playa de Los Frailes";"https://www.civitatis.com/es/puerto-lopez/excursion-playa-frailes/";"Overland Adventure";"gerencia@overladventure.com";"+593 98 188 4297";"OVERLAND ADVENTURE OVERLANDECUADOR S.A.S | manuel cornejo E5-105 y simon cardenas, Quito, Ecuador";"";"25608.28";"0";"14";"0.0";"CLP";"2026-02-24"
"Ecuador";"Puerto López";"Excursión a la Isla de la Plata";"https://www.civitatis.com/es/puerto-lopez/excursion-isla-plata/";"Quinana Tours";"quinanatours@gmail.com";"+593 999840991";"JUSTIN FERNANDO BASANTES ANCHATIPAN | Quito Colonial, Rocafuerte y Cuenca, Quito, Ecuador";"";"54874.89";"1";"56";"10.0";"CLP";"2026-02-24"
"Ecuador";"Puerto López";"Excursión a Isla Salango";"https://www.civitatis.com/es/puerto-lopez/excursion-isla-salango/";"Overland Adventure";"gerencia@overladventure.com";"+593 98 188 4297";"OVERLAND ADVENTURE OVERLANDECUADOR S.A.S | manuel cornejo E5-105 y simon cardenas, Quito, Ecuador";"";"44814.49";"0";"2";"0.0";"CLP";"2026-02-24"
"Ecuador";"Puerto López";"Bautismo de buceo en Puerto López";"https://www.civitatis.com/es/puerto-lopez/bautismo-buceo-puerto-lopez/";"Machalilla Tours";"machalillatours@gmail.com";"+593994925960";"MACHALILLATOURS CIA. LTDA. | Malecon Julio Izurieta y Alejo Lascano, Puerto López, Ecuador";"";"80025.89";"0";"2";"0.0";"CLP";"2026-02-24"
"Ecuador";"Puerto López";"Avistamiento de ballenas en el Parque Nacional Machalilla";"https://www.civitatis.com/es/puerto-lopez/avistamiento-ballenas-machalilla/";"Overland Adventure";"gerencia@overladventure.com";"+593 98 188 4297";"OVERLAND ADVENTURE OVERLANDECUADOR S.A.S | manuel cornejo E5-105 y simon cardenas, Quito, Ecuador";"";"38412.42";"0";"5";"0.0";"CLP";"2026-02-24"
"Ecuador";"Puerto López";"Curso de buceo PADI Open Water";"https://www.civitatis.com/es/puerto-lopez/curso-buceo-padi-open-water/";"Machalilla Tours";"machalillatours@gmail.com";"+593994925960";"MACHALILLATOURS CIA. LTDA. | Malecon Julio Izurieta y Alejo Lascano, Puerto López, Ecuador";"";"434426.27";"0";"0";"0.0";"CLP";"2026-02-24"
"Ecuador";"Puerto López";"Buceo en Puerto López";"https://www.civitatis.com/es/puerto-lopez/buceo-puerto-lopez/";"Overland Adventure";"gerencia@overladventure.com";"+593 98 188 4297";"OVERLAND ADVENTURE OVERLANDECUADOR S.A.S | manuel cornejo E5-105 y simon cardenas, Quito, Ecuador";"";"160051.78";"0";"0";"0.0";"CLP";"2026-02-24"
"Ecuador";"Puerto López";"Vuelo en parapente por el Parque Nacional Machalilla";"https://www.civitatis.com/es/puerto-lopez/vuelo-parapente-parque-machalilla/";"Machalilla Tours";"machalillatours@gmail.com";"+593994925960";"MACHALILLATOURS CIA. LTDA. | Malecon Julio Izurieta y Alejo Lascano, Puerto López, Ecuador";"";"51445.21";"0";"0";"0.0";"CLP";"2026-02-24"
"Ecuador";"Puerto López";"Curso de surf en el Parque Nacional Machalilla";"https://www.civitatis.com/es/puerto-lopez/curso-surf-parque-machalilla/";"Machalilla Tours";"machalillatours@gmail.com";"+593994925960";"MACHALILLATOURS CIA. LTDA. | Malecon Julio Izurieta y Alejo Lascano, Puerto López, Ecuador";"";"45729.08";"0";"1";"0.0";"CLP";"2026-02-24"
"Ecuador";"Puerto López";"Tour en bicicleta por la playa Los Frailes y Agua Blanca";"https://www.civitatis.com/es/puerto-lopez/tour-bicicleta-playa-frailes-agua-blanca/";"Machalilla Tours";"machalillatours@gmail.com";"+593994925960";"MACHALILLATOURS CIA. LTDA. | Malecon Julio Izurieta y Alejo Lascano, Puerto López, Ecuador";"";"68593.62";"0";"0";"0.0";"CLP";"2026-02-24"
"Ecuador";"Puerto López";"Avistamiento de aves en el río Ayampe";"https://www.civitatis.com/es/puerto-lopez/avistamiento-aves-rio-ayampe/";"Machalilla Tours";"machalillatours@gmail.com";"+593994925960";"MACHALILLATOURS CIA. LTDA. | Malecon Julio Izurieta y Alejo Lascano, Puerto López, Ecuador";"";"57161.35";"0";"0";"0.0";"CLP";"2026-02-24"
"Ecuador";"Puerto López";"Excursión al bosque húmedo San Sebastián";"https://www.civitatis.com/es/puerto-lopez/excursion-bosque-humedo-san-sebastian/";"Machalilla Tours";"machalillatours@gmail.com";"+593994925960";"MACHALILLATOURS CIA. LTDA. | Malecon Julio Izurieta y Alejo Lascano, Puerto López, Ecuador";"";"68593.62";"0";"0";"0.0";"CLP";"2026-02-24"
"Ecuador";"Quero";"Paseo a caballo por Cruz de Mayo, San Antonio y Rumipamba";"https://www.civitatis.com/es/quero/caballo-cruz-mayo-san-antonio-rumipamba/";"Hacienda Hipolongo Cruz De Mayo";"haciendahipolongocruzdemayo@gmail.com";"+593984645787";"RIBADENEIRA LOPEZ MICHELLE ESTEFANIA | Comunidad Cruz de Mayo, Parroquia Rumipamba, Quero, Ecuador";"";"59447.8";"0";"0";"0.0";"CLP";"2026-02-24"
"Ecuador";"Quero";"Senderismo por el Cerro Igualata";"https://www.civitatis.com/es/quero/senderismo-cerro-igualata/";"Hacienda Hipolongo Cruz De Mayo";"haciendahipolongocruzdemayo@gmail.com";"+593984645787";"RIBADENEIRA LOPEZ MICHELLE ESTEFANIA | Comunidad Cruz de Mayo, Parroquia Rumipamba, Quero, Ecuador";"";"45729.08";"0";"0";"0.0";"CLP";"2026-02-24"
"Ecuador";"Quero";"Senderismo por el bosque de Quero";"https://www.civitatis.com/es/quero/senderismo-bosque-quero/";"Hacienda Hipolongo Cruz De Mayo";"haciendahipolongocruzdemayo@gmail.com";"+593984645787";"RIBADENEIRA LOPEZ MICHELLE ESTEFANIA | Comunidad Cruz de Mayo, Parroquia Rumipamba, Quero, Ecuador";"";"32924.93";"0";"0";"0.0";"CLP";"2026-02-24"
"Ecuador";"Quero";"Visita a la Hacienda Hipolongo Cruz de Mayo";"https://www.civitatis.com/es/quero/visita-hacienda-hipolongo-cruz-mayo/";"Hacienda Hipolongo Cruz De Mayo";"haciendahipolongocruzdemayo@gmail.com";"+593984645787";"RIBADENEIRA LOPEZ MICHELLE ESTEFANIA | Comunidad Cruz de Mayo, Parroquia Rumipamba, Quero, Ecuador";"";"32010.35";"0";"0";"0.0";"CLP";"2026-02-24"
"Ecuador";"Quero";"Tour por Quero y 2 noches en una hacienda tradicional";"https://www.civitatis.com/es/quero/tour-quero-noches-hacienda-tradicional/";"Kunakkuna Experiences";"kunakkuna.experiences@gmail.com";"0963237172";"Grace Belén Ribadeneira López | Leonidas Plaza 24-54 y Wilson, Quito, Ecuador";"";"393270.1";"0";"0";"0.0";"CLP";"2026-02-24"
"Ecuador";"Quero";"Tour a caballo por los alrededores de Quero";"https://www.civitatis.com/es/quero/tour-caballo-quero/";"Hacienda Hipolongo Cruz De Mayo";"haciendahipolongocruzdemayo@gmail.com";"+593984645787";"RIBADENEIRA LOPEZ MICHELLE ESTEFANIA | Comunidad Cruz de Mayo, Parroquia Rumipamba, Quero, Ecuador";"";"59447.8";"0";"0";"0.0";"CLP";"2026-02-24"
"Ecuador";"Montañita";"Vuelo en parapente por Montañita";"https://www.civitatis.com/es/montanita/vuelo-parapente-montanita/";"Machalilla Tours";"machalillatours@gmail.com";"+593994925960";"MACHALILLATOURS CIA. LTDA. | Malecon Julio Izurieta y Alejo Lascano, Puerto López, Ecuador";"";"51445.21";"0";"3";"0.0";"CLP";"2026-02-24"
"Ecuador";"Montañita";"Excursión al bosque húmedo San Sebastián";"https://www.civitatis.com/es/montanita/excursion-bosque-humedo-san-sebastian/";"Machalilla Tours";"machalillatours@gmail.com";"+593994925960";"MACHALILLATOURS CIA. LTDA. | Malecon Julio Izurieta y Alejo Lascano, Puerto López, Ecuador";"";"68593.62";"0";"0";"0.0";"CLP";"2026-02-24"
"Ecuador";"Montañita";"Curso de surf en Montañita";"https://www.civitatis.com/es/montanita/curso-surf-montanita/";"Machalilla Tours";"machalillatours@gmail.com";"+593994925960";"MACHALILLATOURS CIA. LTDA. | Malecon Julio Izurieta y Alejo Lascano, Puerto López, Ecuador";"";"45729.08";"0";"0";"0.0";"CLP";"2026-02-24"
"Ecuador";"Montañita";"Avistamiento de aves en el río Ayampe";"https://www.civitatis.com/es/montanita/avistamiento-aves-rio-ayampe/";"Machalilla Tours";"machalillatours@gmail.com";"+593994925960";"MACHALILLATOURS CIA. LTDA. | Malecon Julio Izurieta y Alejo Lascano, Puerto López, Ecuador";"";"57161.35";"0";"0";"0.0";"CLP";"2026-02-24"
"Ecuador";"Puerto Misahuallí";"Tour de 2, 3, 4 o 5 días por Puerto Misahuallí";"https://www.civitatis.com/es/puerto-misahualli/tour-puerto-misahualli/";"Suchipakari Amazon Eco Lodge";"hello@suchipakari.com";"+593 98 344 6059";"MORALES MAJI JOSE RUBEN | Venezuela N6-09 & Mejía (2° Piso), Quito Ecuador, Napo, Ecuador";"";"163710.11";"0";"2";"0.0";"CLP";"2026-02-24"
"Ecuador";"Bucay";"Excursión a la comunidad indígena Shuar";"https://www.civitatis.com/es/bucay/excursion-comunidad-indigena-shuar/";"Bucay Adventures - Travel2South C.l.";"bucayadventures@gmail.com";"+593992890752";"GONZALEZ MATUTE WILSON ALFREDO | Av Mayor Raúl Banderas, Bucay., Negra, Bucay, Ecuador";"";"22864.54";"0";"1";"0.0";"CLP";"2026-02-24"
"Ecuador";"Bucay";"Tour por las cascadas de Bucay";"https://www.civitatis.com/es/bucay/tour-cascadas-bucay/";"Bucay Adventures - Travel2South C.l.";"bucayadventures@gmail.com";"+593992890752";"GONZALEZ MATUTE WILSON ALFREDO | Av Mayor Raúl Banderas, Bucay., Negra, Bucay, Ecuador";"";"35668.68";"0";"1";"0.0";"CLP";"2026-02-24"
"Ecuador";"Bucay";"Barranquismo en Bucay";"https://www.civitatis.com/es/bucay/barranquismo-bucay/";"Bucay Adventures - Travel2South C.l.";"bucayadventures@gmail.com";"+593992890752";"GONZALEZ MATUTE WILSON ALFREDO | Av Mayor Raúl Banderas, Bucay., Negra, Bucay, Ecuador";"";"26522.86";"0";"0";"0.0";"CLP";"2026-02-24"
"Ecuador";"Bucay";"Tour en bicicleta por Bucay";"https://www.civitatis.com/es/bucay/tour-bicicleta-bucay/";"Bucay Adventures - Travel2South C.l.";"bucayadventures@gmail.com";"+593992890752";"GONZALEZ MATUTE WILSON ALFREDO | Av Mayor Raúl Banderas, Bucay., Negra, Bucay, Ecuador";"";"26522.86";"0";"0";"0.0";"CLP";"2026-02-24"
"Ecuador";"Bucay";"Noche en las montañas de Bucay + Senderismo y barranquismo";"https://www.civitatis.com/es/bucay/noche-montanas-bucay-senderismo-barranquismo/";"Bucay Adventures - Travel2South C.l.";"bucayadventures@gmail.com";"+593992890752";"GONZALEZ MATUTE WILSON ALFREDO | Av Mayor Raúl Banderas, Bucay., Negra, Bucay, Ecuador";"";"59447.8";"0";"0";"0.0";"CLP";"2026-02-24"
"Ecuador";"Bucay";"Paseo a caballo por Bucay";"https://www.civitatis.com/es/bucay/paseo-caballo-bucay/";"Bucay Adventures - Travel2South C.l.";"bucayadventures@gmail.com";"+593992890752";"GONZALEZ MATUTE WILSON ALFREDO | Av Mayor Raúl Banderas, Bucay., Negra, Bucay, Ecuador";"";"22864.54";"0";"0";"0.0";"CLP";"2026-02-24"
"Ecuador";"Bucay";"Rafting en el río Chimbo";"https://www.civitatis.com/es/bucay/rafting-rio-chimbo/";"Bucay Adventures - Travel2South C.l.";"bucayadventures@gmail.com";"+593992890752";"GONZALEZ MATUTE WILSON ALFREDO | Av Mayor Raúl Banderas, Bucay., Negra, Bucay, Ecuador";"";"44814.49";"0";"0";"0.0";"CLP";"2026-02-24"
"Ecuador";"San Miguel";"Visita a la bodega Dos Hemisferios";"https://www.civitatis.com/es/san-miguel/visita-bodega-dos-hemisferios/";"Bodega Dos Hemisferios";"asismerca@doshemisferios.com";"99 310 8511";"Vinos Dos Hemisferios C.A. Vidoheca | San Antonio s/n Segundo Puente, Morros, Ecuador";"";"61459.88";"0";"0";"0.0";"CLP";"2026-02-24"
"Ecuador";"Naranjal";"Tour del chocolate por la Hacienda Cacao y Mango";"https://www.civitatis.com/es/naranjal/tour-chocolate-hacienda-cacao-mango/";"Ecuador Farm Tours";"reservas@ecuadorfarmtours.com";"+593988957644";"Ecuafarmtours SA | Calle Juan Montalvo S/N barrio camilo andrade, Milagro, Ecuador";"";"36583.26";"1";"12";"10.0";"CLP";"2026-02-24"
