"pais";"destino";"actividad";"url_actividad";"operador";"email";"telefono";"direccion";"descripcion";"precio_real";"opiniones";"viajeros";"rating";"moneda";"fecha_scan"
"Costa Rica";"San José";"Excursión al volcán Arenal + Aguas termales";"https://www.civitatis.com/es/san-jose/volcan-arenal-aguas-termales/";"Expediciones Tropicales";"gsalas@expedicionestropicales.com";"+506 -2257-4171";"Expediciones Tropicales S.A. | Provincia: San José. Cantón: Central. Distrito: El Carmen. Dirección: Avenidas 11 y 13, Calle 3 Bis, Barrio Amón., San José, Costa Rica";"";"186025.9";"117";"1331";"9.1";"CLP";"2026-02-24"
"Costa Rica";"San José";"Tour de 2 o 3 días por el Parque Nacional Tortuguero";"https://www.civitatis.com/es/san-jose/tour-2-3-dias-tortuguero/";"Laguna Lodge Tortuguero";"ventas3@lagunatortuguero.com";"+506 8340 4907";"Kupia Kumi del Tortuguero SA | San Pedro, Barrio Dent., San José, Costa Rica";"";"266637.12";"15";"274";"8.8";"CLP";"2026-02-24"
"Costa Rica";"San José";"Excursión al Parque Nacional Manuel Antonio";"https://www.civitatis.com/es/san-jose/excursion-parque-manuel-antonio/";"Natural Green Destiny Travel Ii";"destinytravelcostarica@gmail.com";"+506 4081 6222";"CORPORACION DTCR S.A. | SAN JOSE-SAN FRANCISCO DE DOS RIOS, LA PACIFICA, CONDOMINIO LA PACIFICA, SETENTA Y CINCO METROS ESTE DE LA SODA OKAYAMA SNACKS, CASA NUMERO UNO A  MAN, San José, Costa Rica";"";"144046.6";"138";"1552";"9.1";"CLP";"2026-02-24"
"Costa Rica";"San José";"Excursión al Parque Nacional Tortuguero";"https://www.civitatis.com/es/san-jose/tour-parque-tortuguero/";"Mta Travel Solutions Costa Rica";"evargas@mikitravel.net";"0050622914455";"Agencia de Viajes Miki S.A. | In front of Hotel Palma Real, Sabana Norte, San José, Costa Rica";"";"145418.47";"83";"1214";"9.2";"CLP";"2026-02-24"
"Costa Rica";"San José";"Free tour por San José";"https://www.civitatis.com/es/san-jose/free-tour-san-jose/";"San José City Striders";"sanjosecitystriders@gmail.com";"+50671912128";"Ronald Amaral Sanchez Salas | Barrio Luja´n 125 sur del PANI altos del Salón de Belleza Elieth, San José, Costa Rica";"";"0.0";"890";"18324";"9.6";"CLP";"2026-02-24"
"Costa Rica";"San José";"Free tour por San José";"https://www.civitatis.com/es/san-jose/free-tour-san-jose/";"David Tours";"dbu2011@yahoo.com";"+50660494358";"David Bejarano Ugalde | San Jose, Costa Rica, San José, Costa Rica";"";"0.0";"890";"18324";"9.6";"CLP";"2026-02-24"
"Costa Rica";"San José";"Excursión a los Jardines de la catarata La Paz";"https://www.civitatis.com/es/san-jose/excursion-catarata-paz/";"Expediciones Tropicales";"gsalas@expedicionestropicales.com";"+506 -2257-4171";"Expediciones Tropicales S.A. | Provincia: San José. Cantón: Central. Distrito: El Carmen. Dirección: Avenidas 11 y 13, Calle 3 Bis, Barrio Amón., San José, Costa Rica";"";"124017.26";"6";"108";"9.7";"CLP";"2026-02-24"
"Costa Rica";"San José";"Traslados en San José";"https://www.civitatis.com/es/san-jose/traslados/";"No especificado / Único";"N/A";"N/A";"N/A";"";"34754.1";"87";"2216";"9.4";"CLP";"2026-02-24"
"Costa Rica";"San José";"Rafting en el río Pacuare";"https://www.civitatis.com/es/san-jose/rafting-rio-pacuare/";"Costa Rica Groups Travel Company";"sales1@costaricagroups.com";"506 2237 4403";"V.C.M. Costa Rica Groups S.A. | Heredia-Costa Rica Calle 14 y 18, Avenida 4 Edificio Avenida 4 oficina 9, San José, Costa Rica";"";"105176.88";"20";"433";"9.6";"CLP";"2026-02-24"
"Costa Rica";"San José";"Volcán Poás, Catarata de La Paz y finca de café";"https://www.civitatis.com/es/san-jose/volcan-poas-catarata-paz-finca-starbucks/";"Costa Rica Itinerary";"costaricaitinerary@gmail.com";"+506 60182280";"Transposiciónes de Turismo y Tecnología para Costa Rica TTTCR S.A | 150 metros oeste de la guardia rural de Río Segundo de Alajuela, Alajuela , Costa Rica";"";"127126.84";"213";"4055";"8.8";"CLP";"2026-02-24"
"Costa Rica";"San José";"Volcán Poás, Catarata de La Paz y finca de café";"https://www.civitatis.com/es/san-jose/volcan-poas-catarata-paz-finca-starbucks/";"Expediciones Tropicales";"gsalas@expedicionestropicales.com";"+506 -2257-4171";"Expediciones Tropicales S.A. | Provincia: San José. Cantón: Central. Distrito: El Carmen. Dirección: Avenidas 11 y 13, Calle 3 Bis, Barrio Amón., San José, Costa Rica";"";"127126.84";"213";"4055";"8.8";"CLP";"2026-02-24"
"Costa Rica";"San José";"Tour panorámico por San José";"https://www.civitatis.com/es/san-jose/tour-panoramico-san-jose/";"Vip City Bus S.a";"Info.reservations@vipcitybus.com";"506 2282-0240";"Vip City Bus S.A | Pozos de Santa Ana, San José, Costa Rica";"";"74995.69";"75";"1217";"8.2";"CLP";"2026-02-24"
"Costa Rica";"San José";"Excursión a Isla Tortuga";"https://www.civitatis.com/es/san-jose/excursion-isla-tortuga/";"Bay Island Cruises";"directoracomercial@bayislandcruises.com";"22353536";"Comercializadora Bay Island Cruises SRL | San José, Tibás, San José, Costa Rica";"";"128041.42";"55";"958";"8.9";"CLP";"2026-02-24"
"Costa Rica";"San José";"Excursión al Volcán Irazú, Valle de Orosi y Jardines Lankester";"https://www.civitatis.com/es/san-jose/volcan-irazu-orosi-lankester/";"Expediciones Tropicales";"gsalas@expedicionestropicales.com";"+506 -2257-4171";"Expediciones Tropicales S.A. | Provincia: San José. Cantón: Central. Distrito: El Carmen. Dirección: Avenidas 11 y 13, Calle 3 Bis, Barrio Amón., San José, Costa Rica";"";"79577.74";"68";"555";"9.3";"CLP";"2026-02-24"
"Costa Rica";"San José";"Excursión al Parque Nacional Volcán Poás";"https://www.civitatis.com/es/san-jose/excursion-parque-volcan-poas/";"Natural Green Destiny Travel Ii";"destinytravelcostarica@gmail.com";"+506 4081 6222";"CORPORACION DTCR S.A. | SAN JOSE-SAN FRANCISCO DE DOS RIOS, LA PACIFICA, CONDOMINIO LA PACIFICA, SETENTA Y CINCO METROS ESTE DE LA SODA OKAYAMA SNACKS, CASA NUMERO UNO A  MAN, San José, Costa Rica";"";"108835.21";"73";"619";"8.9";"CLP";"2026-02-24"
"Costa Rica";"San José";"Avistamiento de aves y perezosos en San José";"https://www.civitatis.com/es/san-jose/avistamiento-aves-perezosos-san-jose/";"Oropopo Experience";"oropopotravel@gmail.com";"+50686634354";"VIAJES DEL OROPOPO SRL | De la iglesia de San Sebastian 100m Este casa porton negro, San José, Costa Rica";"";"27437.44";"83";"637";"9.5";"CLP";"2026-02-24"
"Costa Rica";"San José";"Tour en bicicleta por San José";"https://www.civitatis.com/es/san-jose/tour-bicicleta-san-jose/";"Chepecletas";"roberto@chepecletas.com";"88498316";"Roberto Jose Guzman Fernandez | San Pedro, Montes de Oca, San José, San José, Costa Rica";"";"48472.82";"3";"21";"10.0";"CLP";"2026-02-24"
"Costa Rica";"San José";"Tour de aventura en el bosque lluvioso";"https://www.civitatis.com/es/san-jose/tour-aventura-bosque-lluvioso/";"Mta Travel Solutions Costa Rica";"evargas@mikitravel.net";"0050622914455";"Agencia de Viajes Miki S.A. | In front of Hotel Palma Real, Sabana Norte, San José, Costa Rica";"";"204637.63";"9";"157";"8.4";"CLP";"2026-02-24"
"Costa Rica";"San José";"Transporte a La Fortuna";"https://www.civitatis.com/es/san-jose/transporte-la-fortuna/";"Expediciones Tropicales";"gsalas@expedicionestropicales.com";"+506 -2257-4171";"Expediciones Tropicales S.A. | Provincia: San José. Cantón: Central. Distrito: El Carmen. Dirección: Avenidas 11 y 13, Calle 3 Bis, Barrio Amón., San José, Costa Rica";"";"53045.73";"2";"13";"8.0";"CLP";"2026-02-24"
"Costa Rica";"San José";"Cena con espectáculo folclórico en Mirador Tiquicia";"https://www.civitatis.com/es/san-jose/cena-espectaculo-mirador-tiquicia/";"Expediciones Tropicales";"gsalas@expedicionestropicales.com";"+506 -2257-4171";"Expediciones Tropicales S.A. | Provincia: San José. Cantón: Central. Distrito: El Carmen. Dirección: Avenidas 11 y 13, Calle 3 Bis, Barrio Amón., San José, Costa Rica";"";"82678.17";"2";"34";"10.0";"CLP";"2026-02-24"
"Costa Rica";"San José";"Excursión a la Hacienda Doka, Grecia y Sarchí";"https://www.civitatis.com/es/san-jose/excursion-doka-grecia-sarchi/";"Expediciones Tropicales";"gsalas@expedicionestropicales.com";"+506 -2257-4171";"Expediciones Tropicales S.A. | Provincia: San José. Cantón: Central. Distrito: El Carmen. Dirección: Avenidas 11 y 13, Calle 3 Bis, Barrio Amón., San José, Costa Rica";"";"91979.47";"14";"267";"8.6";"CLP";"2026-02-24"
"Costa Rica";"San José";"Tour de los misterios y leyendas de San José";"https://www.civitatis.com/es/san-jose/tour-misterios-leyendas-san-jose/";"La Compañía Concierge";"lacompania.cr@gmail.com";"+506-8950-6297";"Alejandro José Mora Hernandez | Residencial Omega, etapa 1., Tres Ríos, Costa Rica";"";"27437.44";"2";"20";"10.0";"CLP";"2026-02-24"
"Costa Rica";"San José";"Tour de bares por San José";"https://www.civitatis.com/es/san-jose/tour-bares-san-jose/";"San José City Striders";"sanjosecitystriders@gmail.com";"+50671912128";"Ronald Amaral Sanchez Salas | Barrio Luja´n 125 sur del PANI altos del Salón de Belleza Elieth, San José, Costa Rica";"";"39327.01";"12";"133";"9.5";"CLP";"2026-02-24"
"Costa Rica";"San José";"Catarata La Paz, río Celeste y aguas termales";"https://www.civitatis.com/es/san-jose/catarata-paz-rio-celeste-aguas-termales/";"Costa Rica Itinerary";"costaricaitinerary@gmail.com";"+506 60182280";"Transposiciónes de Turismo y Tecnología para Costa Rica TTTCR S.A | 150 metros oeste de la guardia rural de Río Segundo de Alajuela, Alajuela , Costa Rica";"";"132614.33";"17";"394";"7.5";"CLP";"2026-02-24"
"Costa Rica";"San José";"Visita guiada por San José";"https://www.civitatis.com/es/san-jose/visita-guiada-san-jose/";"Expediciones Tropicales";"gsalas@expedicionestropicales.com";"+506 -2257-4171";"Expediciones Tropicales S.A. | Provincia: San José. Cantón: Central. Distrito: El Carmen. Dirección: Avenidas 11 y 13, Calle 3 Bis, Barrio Amón., San José, Costa Rica";"";"78654.02";"10";"144";"9.0";"CLP";"2026-02-24"
"Costa Rica";"San José";"Tour de aventura en Sarapiquí";"https://www.civitatis.com/es/san-jose/tour-aventura-sarapiqui/";"Expediciones Tropicales";"gsalas@expedicionestropicales.com";"+506 -2257-4171";"Expediciones Tropicales S.A. | Provincia: San José. Cantón: Central. Distrito: El Carmen. Dirección: Avenidas 11 y 13, Calle 3 Bis, Barrio Amón., San José, Costa Rica";"";"160188.97";"2";"120";"10.0";"CLP";"2026-02-24"
"Costa Rica";"San José";"Excursión a los puentes colgantes de Monteverde";"https://www.civitatis.com/es/san-jose/excursion-puentes-colgantes-monteverde-serpentario/";"Costa Rica Itinerary";"costaricaitinerary@gmail.com";"+506 60182280";"Transposiciónes de Turismo y Tecnología para Costa Rica TTTCR S.A | 150 metros oeste de la guardia rural de Río Segundo de Alajuela, Alajuela , Costa Rica";"";"136272.66";"6";"314";"6.0";"CLP";"2026-02-24"
"Costa Rica";"San José";"Excursión al Toucan Rescue Ranch";"https://www.civitatis.com/es/san-jose/excursion-toucan-rescue-ranch/";"Natural Green Destiny Travel Ii";"destinytravelcostarica@gmail.com";"+506 4081 6222";"CORPORACION DTCR S.A. | SAN JOSE-SAN FRANCISCO DE DOS RIOS, LA PACIFICA, CONDOMINIO LA PACIFICA, SETENTA Y CINCO METROS ESTE DE LA SODA OKAYAMA SNACKS, CASA NUMERO UNO A  MAN, San José, Costa Rica";"";"137187.24";"5";"59";"8.8";"CLP";"2026-02-24"
"Costa Rica";"San José";"Excursión a los puentes colgantes de Arenal + Aguas termales";"https://www.civitatis.com/es/san-jose/puentes-colgantes-arenal-aguas-termales/";"Costa Rica Itinerary";"costaricaitinerary@gmail.com";"+506 60182280";"Transposiciónes de Turismo y Tecnología para Costa Rica TTTCR S.A | 150 metros oeste de la guardia rural de Río Segundo de Alajuela, Alajuela , Costa Rica";"";"122553.93";"6";"69";"6.7";"CLP";"2026-02-24"
"Costa Rica";"San José";"Avistamiento de cocodrilos en el río Tárcoles";"https://www.civitatis.com/es/san-jose/avistamiento-cocodrilos-rio-tarcoles/";"Natural Green Destiny Travel Ii";"destinytravelcostarica@gmail.com";"+506 4081 6222";"CORPORACION DTCR S.A. | SAN JOSE-SAN FRANCISCO DE DOS RIOS, LA PACIFICA, CONDOMINIO LA PACIFICA, SETENTA Y CINCO METROS ESTE DE LA SODA OKAYAMA SNACKS, CASA NUMERO UNO A  MAN, San José, Costa Rica";"";"160051.78";"14";"52";"9.6";"CLP";"2026-02-24"
"Costa Rica";"San José";"Excursión a los volcanes Turrialba e Irazú";"https://www.civitatis.com/es/san-jose/excursion-volcanes-turriabla-irazu/";"Costa Rica Itinerary";"costaricaitinerary@gmail.com";"+506 60182280";"Transposiciónes de Turismo y Tecnología para Costa Rica TTTCR S.A | 150 metros oeste de la guardia rural de Río Segundo de Alajuela, Alajuela , Costa Rica";"";"88988.79";"6";"81";"5.7";"CLP";"2026-02-24"
"Costa Rica";"San José";"Circuito de 5, 7 o 9 días por Costa Rica";"https://www.civitatis.com/es/san-jose/circuito-9-dias-costa-rica/";"Destination Services Costa Rica";"phoogendoorn@destinationservices.com";"+31 612060581";"TUI Destination Experiences Costa Rica S.A. | SAN JOSE PAVAS, OFICENTRO MEDITERRANEO, SEGUNDO PISO, OFICINAS TUI DESTINATION EXPERIENCES, San José, Costa Rica";"";"835927.6";"2";"31";"8.0";"CLP";"2026-02-24"
"Costa Rica";"San José";"Tour por Quitirrisí y Ciudad Colón";"https://www.civitatis.com/es/san-jose/tour-quitirrisi-ciudad-colon/";"Maro Experiences";"mary.maroexperiences@gmail.com";"+506 8838-3522";"Maria de los Angeles Rodriguez Obaldia | Santa Marta Montes de Oca 400 noreste Plaza Cedral local #4, San José, Costa Rica";"";"86885.25";"0";"8";"0.0";"CLP";"2026-02-24"
"Costa Rica";"San José";"Curso de surf en Jacó";"https://www.civitatis.com/es/san-jose/curso-surf-jaco/";"Il Viaggio Travel Costa Rica";"stephanie@ilviaggiocr.com";"22898225";"il viaggio travel s.a. | entre calle 132 y 130 en avenida 32, Escazu Centro, Escazu, Costa Rica";"";"219499.59";"0";"1";"0.0";"CLP";"2026-02-24"
"Costa Rica";"San José";"Circuito de 13 días por Costa Rica";"https://www.civitatis.com/es/san-jose/circuito-13-dias-costa-rica/";"Destination Services Costa Rica";"phoogendoorn@destinationservices.com";"+31 612060581";"TUI Destination Experiences Costa Rica S.A. | SAN JOSE PAVAS, OFICENTRO MEDITERRANEO, SEGUNDO PISO, OFICINAS TUI DESTINATION EXPERIENCES, San José, Costa Rica";"";"2025944.64";"1";"9";"8.0";"CLP";"2026-02-24"
"Costa Rica";"San José";"Excursión al parque de aventuras Rainforest Atlantic";"https://www.civitatis.com/es/san-jose/excursion-rainforest-atlantic/";"Rainforest Adventure";"jdaniel@rainforestadventure.com";"+305 890 5914";"ELITE SHORE EXCURSIONS LDT | Intershore Chambers, Road Town, Tortola, BVI, Tortola, Reino Unido";"";"104262.3";"0";"56";"0.0";"CLP";"2026-02-24"
"Costa Rica";"San José";"Tirolina en el Parque de Aventura San Luis";"https://www.civitatis.com/es/san-jose/tirolina-parque-san-luis/";"Costa Rica Groups Travel Company";"sales1@costaricagroups.com";"506 2237 4403";"V.C.M. Costa Rica Groups S.A. | Heredia-Costa Rica Calle 14 y 18, Avenida 4 Edificio Avenida 4 oficina 9, San José, Costa Rica";"";"131471.1";"0";"28";"0.0";"CLP";"2026-02-24"
"Costa Rica";"San José";"Tour privado por San José";"https://www.civitatis.com/es/san-jose/tour-privado-san-jose/";"Costa Rica Itinerary";"costaricaitinerary@gmail.com";"+506 60182280";"Transposiciónes de Turismo y Tecnología para Costa Rica TTTCR S.A | 150 metros oeste de la guardia rural de Río Segundo de Alajuela, Alajuela , Costa Rica";"";"137187.24";"8";"376";"9.0";"CLP";"2026-02-24"
"Costa Rica";"Manuel Antonio";"Tour por el Parque Nacional Manuel Antonio con entradas";"https://www.civitatis.com/es/manuel-antonio/tour-parque-manuel-antonio/";"Costa Rica Groups Travel Company";"sales1@costaricagroups.com";"506 2237 4403";"V.C.M. Costa Rica Groups S.A. | Heredia-Costa Rica Calle 14 y 18, Avenida 4 Edificio Avenida 4 oficina 9, San José, Costa Rica";"";"70880.07";"124";"1482";"8.8";"CLP";"2026-02-24"
"Costa Rica";"Manuel Antonio";"Rafting en el río Savegre";"https://www.civitatis.com/es/manuel-antonio/rafting-rio-savegre/";"Costa Rica Groups Travel Company";"sales1@costaricagroups.com";"506 2237 4403";"V.C.M. Costa Rica Groups S.A. | Heredia-Costa Rica Calle 14 y 18, Avenida 4 Edificio Avenida 4 oficina 9, San José, Costa Rica";"";"122371.02";"22";"137";"9.8";"CLP";"2026-02-24"
"Costa Rica";"Manuel Antonio";"Tour por el Parque Nacional Manuel Antonio con guía naturalista";"https://www.civitatis.com/es/manuel-antonio/avistamiento-animales-manuel-antonio/";"Interpreters Of The Nature Costa Rica";"puchoalonso2@gmail.com";"+50683638943";"Shirley Tatiana Navarro Zúñiga | Manuel Antonio, Quepos, Costa Rica";"";"24693.7";"9";"91";"9.1";"CLP";"2026-02-24"
"Costa Rica";"Manuel Antonio";"Senderismo nocturno por una reserva natural de Manuel Antonio";"https://www.civitatis.com/es/manuel-antonio/senderismo-nocturno-parque-manuel-antonio/";"Efrain´s Nature Tours";"efrainnaturetours@gmail.com";"506 87074397";"Efrain´s Nature Tours SRL | 80 metros oeste de la entrada principal del  Parque Nacional Manuel Antonio, Quepos, Costa Rica";"";"46506.47";"34";"687";"8.8";"CLP";"2026-02-24"
"Costa Rica";"Manuel Antonio";"Traslados en Manuel Antonio";"https://www.civitatis.com/es/manuel-antonio/traslados/";"No especificado / Único";"N/A";"N/A";"N/A";"";"55332.18";"0";"19";"0.0";"CLP";"2026-02-24"
"Costa Rica";"Manuel Antonio";"Kayak y snorkel en la bahía de Biesanz";"https://www.civitatis.com/es/manuel-antonio/kayak-oceano-pacifico/";"Costa Rica Groups Travel Company";"sales1@costaricagroups.com";"506 2237 4403";"V.C.M. Costa Rica Groups S.A. | Heredia-Costa Rica Calle 14 y 18, Avenida 4 Edificio Avenida 4 oficina 9, San José, Costa Rica";"";"74309.75";"17";"152";"8.8";"CLP";"2026-02-24"
"Costa Rica";"Manuel Antonio";"Tour en quad por Manuel Antonio";"https://www.civitatis.com/es/manuel-antonio/tour-quad-manuel-antonio/";"Destination Services Costa Rica";"phoogendoorn@destinationservices.com";"+31 612060581";"TUI Destination Experiences Costa Rica S.A. | SAN JOSE PAVAS, OFICENTRO MEDITERRANEO, SEGUNDO PISO, OFICINAS TUI DESTINATION EXPERIENCES, San José, Costa Rica";"";"84507.34";"7";"82";"8.0";"CLP";"2026-02-24"
"Costa Rica";"Manuel Antonio";"Excursión a Isla Tortuga";"https://www.civitatis.com/es/manuel-antonio/tour-isla-tortuga/";"Bay Island Cruises";"directoracomercial@bayislandcruises.com";"22353536";"Comercializadora Bay Island Cruises SRL | San José, Tibás, San José, Costa Rica";"";"137187.24";"89";"1643";"8.9";"CLP";"2026-02-24"
"Costa Rica";"Manuel Antonio";"Paseo en catamarán y snorkel en Manuel Antonio";"https://www.civitatis.com/es/manuel-antonio/paseo-catamaran-manuel-antonio/";"Costa Rica Groups Travel Company";"sales1@costaricagroups.com";"506 2237 4403";"V.C.M. Costa Rica Groups S.A. | Heredia-Costa Rica Calle 14 y 18, Avenida 4 Edificio Avenida 4 oficina 9, San José, Costa Rica";"";"88028.48";"30";"454";"8.7";"CLP";"2026-02-24"
"Costa Rica";"Manuel Antonio";"Tour por los manglares de Manuel Antonio";"https://www.civitatis.com/es/manuel-antonio/tour-manglares-parque-manuel-antonio/";"Official Guide Cr";"officialguidecr@gmail.com";"+50661393240";"Mauro Juárez Trejos | 60601, Quepos, Costa Rica";"";"72251.94";"13";"173";"9.2";"CLP";"2026-02-24"
"Costa Rica";"Manuel Antonio";"Tirolinas en Manuel Antonio";"https://www.civitatis.com/es/manuel-antonio/tirolinas-manuel-antonio/";"Mta Travel Solutions Costa Rica";"evargas@mikitravel.net";"0050622914455";"Agencia de Viajes Miki S.A. | In front of Hotel Palma Real, Sabana Norte, San José, Costa Rica";"";"121182.06";"8";"76";"9.5";"CLP";"2026-02-24"
"Costa Rica";"Manuel Antonio";"Excursión a la catarata Nauyaca";"https://www.civitatis.com/es/manuel-antonio/excursion-catarata-nauyaca/";"Efrain´s Nature Tours";"efrainnaturetours@gmail.com";"506 87074397";"Efrain´s Nature Tours SRL | 80 metros oeste de la entrada principal del  Parque Nacional Manuel Antonio, Quepos, Costa Rica";"";"118895.61";"8";"69";"9.0";"CLP";"2026-02-24"
"Costa Rica";"Manuel Antonio";"Paseo a caballo a las cataratas Tocori";"https://www.civitatis.com/es/manuel-antonio/paseo-caballo-cataratas-tocori/";"Costa Rica Groups Travel Company";"sales1@costaricagroups.com";"506 2237 4403";"V.C.M. Costa Rica Groups S.A. | Heredia-Costa Rica Calle 14 y 18, Avenida 4 Edificio Avenida 4 oficina 9, San José, Costa Rica";"";"88028.48";"9";"49";"8.7";"CLP";"2026-02-24"
"Costa Rica";"Manuel Antonio";"Excursión a las cascadas de Mulguri";"https://www.civitatis.com/es/manuel-antonio/excursion-cataratas-mulguri/";"Mulguri Waterfalls";"hante@mulguri.com";"88632359";"Captaintico S.A | Manuel Antonio, Quepos, Costa Rica";"";"98774.81";"3";"26";"10.0";"CLP";"2026-02-24"
"Costa Rica";"Manuel Antonio";"Tour en kayak o barco por Isla Damas";"https://www.civitatis.com/es/manuel-antonio/tour-kayak-isla-damas/";"Mta Travel Solutions Costa Rica";"evargas@mikitravel.net";"0050622914455";"Agencia de Viajes Miki S.A. | In front of Hotel Palma Real, Sabana Norte, San José, Costa Rica";"";"97174.29";"1";"25";"10.0";"CLP";"2026-02-24"
"Costa Rica";"Manuel Antonio";"Tour gastronómico por Quepos con clase de cocina";"https://www.civitatis.com/es/manuel-antonio/tour-gastronomico/";"Tucanes Tours";"justin@tucanestours.com";"+506 27770775";"Inversiones Majuchris S.A. | 800m N y 200m O del Hotel Pacific Paradise, Quepos, Costa Rica";"";"87854.71";"1";"21";"10.0";"CLP";"2026-02-24"
"Costa Rica";"Manuel Antonio";"Senderismo por la reserva Rainmaker";"https://www.civitatis.com/es/manuel-antonio/senderismo-rainmaker/";"Efrain´s Nature Tours";"efrainnaturetours@gmail.com";"506 87074397";"Efrain´s Nature Tours SRL | 80 metros oeste de la entrada principal del  Parque Nacional Manuel Antonio, Quepos, Costa Rica";"";"114322.7";"0";"4";"0.0";"CLP";"2026-02-24"
"Costa Rica";"Manuel Antonio";"Paseo en velero de madera por Manuel Antonio";"https://www.civitatis.com/es/manuel-antonio/paseo-velero-manuel-antonio/";"Be Cruises Llc Ltda";"becruises@gmail.com";"+506 6003 0200";"B E CRUISES LLC Ltda. | Marina Pez Vela, office 107, Quepos, Costa Rica";"";"128041.42";"0";"0";"0.0";"CLP";"2026-02-24"
"Costa Rica";"Manuel Antonio";"Salto en paracaídas en Manuel Antonio";"https://www.civitatis.com/es/manuel-antonio/salto-paracaidas-manuel-antonio/";"Katto Sky Tours Jaco";"info@costaricaparapente.com";"+506 8345 5703";"BEX PARAGLIDING TANDEM FLIGHTS | CALLE LA NACION 69, CONTIGUO AL SUPER ANDI, Jacó, Costa Rica";"";"403330.49";"0";"0";"0.0";"CLP";"2026-02-24"
"Costa Rica";"Arenal";"Excursión a la Catarata La Fortuna y al Volcán Arenal";"https://www.civitatis.com/es/arenal/catarata-fortuna-volcan-arenal/";"Red Lava";"reservations.redlava@gmail.com";"+5062479 8004";"Red Lava TSC S.A. | La Fortuna, Alajuela , Costa Rica";"";"87799.83";"768";"5891";"9.3";"CLP";"2026-02-24"
"Costa Rica";"Arenal";"Tour por los puentes colgantes de Mistico Park";"https://www.civitatis.com/es/arenal/tour-puentes-colgantes-arenal/";"Mistico Arenal Hanging Bridges Park";"director@misticopark.com";"+506-2479-8282";"NALAVI VERDE SOCIEDAD ANONIMA | ALAJUELA-SAN CARLOS VENADO, SANGREGADO, Alajuela , Costa Rica";"";"45472.99";"45";"710";"9.2";"CLP";"2026-02-24"
"Costa Rica";"Arenal";"Tirolina en el volcán Arenal";"https://www.civitatis.com/es/arenal/tirolina-volcan-arenal/";"Mta Travel Solutions Costa Rica";"evargas@mikitravel.net";"0050622914455";"Agencia de Viajes Miki S.A. | In front of Hotel Palma Real, Sabana Norte, San José, Costa Rica";"";"78882.66";"15";"177";"9.9";"CLP";"2026-02-24"
"Costa Rica";"Arenal";"Avistamiento de perezosos en La Fortuna";"https://www.civitatis.com/es/arenal/avistamiento-perezosos-la-fortuna/";"Mta Travel Solutions Costa Rica";"evargas@mikitravel.net";"0050622914455";"Agencia de Viajes Miki S.A. | In front of Hotel Palma Real, Sabana Norte, San José, Costa Rica";"";"68593.62";"5";"110";"8.8";"CLP";"2026-02-24"
"Costa Rica";"Arenal";"Traslados en Arenal";"https://www.civitatis.com/es/arenal/traslados/";"No especificado / Único";"N/A";"N/A";"N/A";"";"34754.1";"87";"2216";"9.4";"CLP";"2026-02-24"
"Costa Rica";"Arenal";"Excursión a Isla Tortuga";"https://www.civitatis.com/es/arenal/tour-isla-tortuga/";"Bay Island Cruises";"directoracomercial@bayislandcruises.com";"22353536";"Comercializadora Bay Island Cruises SRL | San José, Tibás, San José, Costa Rica";"";"137187.24";"89";"1643";"8.9";"CLP";"2026-02-24"
"Costa Rica";"Arenal";"Excursión a la Catarata La Fortuna";"https://www.civitatis.com/es/arenal/excursion-catarata-fortuna/";"Red Lava";"reservations.redlava@gmail.com";"+5062479 8004";"Red Lava TSC S.A. | La Fortuna, Alajuela , Costa Rica";"";"50301.98";"31";"231";"9.3";"CLP";"2026-02-24"
"Costa Rica";"Arenal";"Tour del café y el chocolate";"https://www.civitatis.com/es/arenal/tour-cafe-chocolate/";"North Fields Cafe";"administracion@northfieldscafe.com";"87133595";"COFFEE TOUR LA GRANJITA ALM SOCIEDAD ANONIMA | 400 sur de la escuela z trece, La Fortuna, Costa Rica";"";"42070.75";"23";"239";"9.7";"CLP";"2026-02-24"
"Costa Rica";"Arenal";"Paseo a caballo a la Catarata La Fortuna";"https://www.civitatis.com/es/arenal/paseo-caballo-catarata-fortuna/";"Red Lava";"reservations.redlava@gmail.com";"+5062479 8004";"Red Lava TSC S.A. | La Fortuna, Alajuela , Costa Rica";"";"68593.62";"15";"162";"8.7";"CLP";"2026-02-24"
"Costa Rica";"Arenal";"Rafting en Arenal";"https://www.civitatis.com/es/arenal/rafting-rio-sarapiqui/";"Wave Expeditions";"marketing@waveexpeditions.com";"24797262";"Wave Tours S.A | Detrás de la iglesia Católica de la Fortuna, edificio esquinero color azul, La Fortuna, Costa Rica";"";"82678.17";"11";"304";"10.0";"CLP";"2026-02-24"
"Costa Rica";"Arenal";"Senderismo por el río Celeste";"https://www.civitatis.com/es/arenal/senderismo-rio-celeste/";"Red Lava";"reservations.redlava@gmail.com";"+5062479 8004";"Red Lava TSC S.A. | La Fortuna, Alajuela , Costa Rica";"";"86885.25";"49";"474";"8.8";"CLP";"2026-02-24"
"Costa Rica";"Arenal";"Traslado a Monteverde + Barco por el lago Arenal";"https://www.civitatis.com/es/arenal/traslado-monteverde-barco-lago-arenal/";"Costa Rica Itinerary";"costaricaitinerary@gmail.com";"+506 60182280";"Transposiciónes de Turismo y Tecnología para Costa Rica TTTCR S.A | 150 metros oeste de la guardia rural de Río Segundo de Alajuela, Alajuela , Costa Rica";"";"44814.49";"16";"194";"8.6";"CLP";"2026-02-24"
"Costa Rica";"Arenal";"Paseo en balsa por el río Peñas Blancas";"https://www.civitatis.com/es/arenal/paseo-balsa-penas-blancas/";"Wave Expeditions";"marketing@waveexpeditions.com";"24797262";"Wave Tours S.A | Detrás de la iglesia Católica de la Fortuna, edificio esquinero color azul, La Fortuna, Costa Rica";"";"72343.4";"2";"27";"9.0";"CLP";"2026-02-24"
"Costa Rica";"Arenal";"Paddle surf en la laguna Arenal";"https://www.civitatis.com/es/arenal/paddle-surf-laguna-arenal/";"Jacamar Naturalist Tours";"webmaster@jacamartours.com";"+50684578853";"Jacamar Tours S.A. | PROVINCIA 02 ALAJUELA, CANTON 10 SAN CARLOS, LA FORTUNA, San Carlos, Costa Rica";"";"75443.83";"1";"8";"10.0";"CLP";"2026-02-24"
"Costa Rica";"Arenal";"Visita a una finca campesina";"https://www.civitatis.com/es/arenal/visita-finca-campesina/";"Mta Travel Solutions Costa Rica";"evargas@mikitravel.net";"0050622914455";"Agencia de Viajes Miki S.A. | In front of Hotel Palma Real, Sabana Norte, San José, Costa Rica";"";"104033.66";"0";"4";"0.0";"CLP";"2026-02-24"
"Costa Rica";"Arenal";"Tour en bicicleta por el lago Arenal";"https://www.civitatis.com/es/arenal/tour-bicicleta-lago-arenal/";"Jacamar Naturalist Tours";"webmaster@jacamartours.com";"+50684578853";"Jacamar Tours S.A. | PROVINCIA 02 ALAJUELA, CANTON 10 SAN CARLOS, LA FORTUNA, San Carlos, Costa Rica";"";"82678.17";"0";"2";"0.0";"CLP";"2026-02-24"
"Costa Rica";"Arenal";"Rápel en La Roca Canyoning";"https://www.civitatis.com/es/arenal/rapel-arenal/";"La Roca";"admin@larocacr.com";"506-8897 7878";"3-101-765409 SOCIEDAD ANONIMA | CARTAGO-CARTAGO SAN NICOLAS , CONDOMINIO RIVERA DEL IRAZU, CASA M 26, Alajuela , Costa Rica";"";"102433.14";"0";"6";"0.0";"CLP";"2026-02-24"
"Costa Rica";"Arenal";"Paseo en barco al atardecer por el lago Arenal";"https://www.civitatis.com/es/arenal/paseo-barco-atardecer-lago-arenal/";"Jacamar Naturalist Tours";"webmaster@jacamartours.com";"+50684578853";"Jacamar Tours S.A. | PROVINCIA 02 ALAJUELA, CANTON 10 SAN CARLOS, LA FORTUNA, San Carlos, Costa Rica";"";"117816.4";"0";"2";"0.0";"CLP";"2026-02-24"
"Costa Rica";"Arenal";"Excursión al Santuario de la Naturaleza Caño Blanco + Paseo en barco";"https://www.civitatis.com/es/arenal/excursion-cano-blanco/";"Jacamar Naturalist Tours";"webmaster@jacamartours.com";"+50684578853";"Jacamar Tours S.A. | PROVINCIA 02 ALAJUELA, CANTON 10 SAN CARLOS, LA FORTUNA, San Carlos, Costa Rica";"";"189126.33";"0";"0";"0.0";"CLP";"2026-02-24"
"Costa Rica";"Arenal";"Avistamiento de aves en Arenal";"https://www.civitatis.com/es/arenal/avistamiento-aves-arenal/";"Jacamar Naturalist Tours";"webmaster@jacamartours.com";"+50684578853";"Jacamar Tours S.A. | PROVINCIA 02 ALAJUELA, CANTON 10 SAN CARLOS, LA FORTUNA, San Carlos, Costa Rica";"";"97146.86";"0";"0";"0.0";"CLP";"2026-02-24"
"Costa Rica";"Arenal";"Tour en kayak por el lago Arenal";"https://www.civitatis.com/es/arenal/tour-kayak-lago-arenal/";"Jacamar Naturalist Tours";"webmaster@jacamartours.com";"+50684578853";"Jacamar Tours S.A. | PROVINCIA 02 ALAJUELA, CANTON 10 SAN CARLOS, LA FORTUNA, San Carlos, Costa Rica";"";"75443.83";"0";"0";"0.0";"CLP";"2026-02-24"
"Costa Rica";"Arenal";"Excursión a las cavernas del Venado";"https://www.civitatis.com/es/arenal/excursion-cavernas-venado/";"Mta Travel Solutions Costa Rica";"evargas@mikitravel.net";"0050622914455";"Agencia de Viajes Miki S.A. | In front of Hotel Palma Real, Sabana Norte, San José, Costa Rica";"";"102890.43";"0";"2";"0.0";"CLP";"2026-02-24"
"Costa Rica";"Arenal";"Entrada al Mistico Arenal Hanging Bridges Park";"https://www.civitatis.com/es/arenal/entrada-mistico-arenal-hanging-bridges-park/";"Mistico Arenal Hanging Bridges Park";"director@misticopark.com";"+506-2479-8282";"NALAVI VERDE SOCIEDAD ANONIMA | ALAJUELA-SAN CARLOS VENADO, SANGREGADO, Alajuela , Costa Rica";"";"33071.27";"31";"710";"9.1";"CLP";"2026-02-24"
"Costa Rica";"Isla del Caño";"Snorkel en la Isla del Caño";"https://www.civitatis.com/es/bahia-drake/snorkel-isla-cano/";"Costa Rica Adventure Divers";"info@costaricaadventuredivers.com";"+34 639 208 432";"ADVENTURE DRAKE WATERSPORTS SA | BAHIA DRAKE, PUNTARENAS OSA, 200 METROS ESTE RIO AGUJITAS EN HOTEL JINETES DE OSA, Bahía Drake, Costa Rica";"";"93287.32";"6";"79";"9.7";"CLP";"2026-02-24"
"Costa Rica";"Isla del Caño";"Buceo en la Isla del Caño";"https://www.civitatis.com/es/bahia-drake/buceo-isla-cano/";"Drake Divers";"info@drakedivers.com";"506-83103600";"LOOK OUT DRAKE BAY SA | Calle hacia los planes, Provincia de Puntarenas, Agujitas, Bahía Drake, Costa Rica";"";"141760.15";"1";"13";"10.0";"CLP";"2026-02-24"
"Costa Rica";"Isla del Caño";"Bautismo de buceo en la Isla del Caño";"https://www.civitatis.com/es/bahia-drake/bautismo-buceo-isla-cano/";"Drake Divers";"info@drakedivers.com";"506-83103600";"LOOK OUT DRAKE BAY SA | Calle hacia los planes, Provincia de Puntarenas, Agujitas, Bahía Drake, Costa Rica";"";"192062.14";"0";"0";"0.0";"CLP";"2026-02-24"
"Costa Rica";"Bahía Drake";"Senderismo nocturno por la finca Río Agujitas";"https://www.civitatis.com/es/bahia-drake/senderismo-nocturno-finca-rio-agujitas/";"Nativos Corcovado Tours";"nativoscorcovado@gmail.com";"+50684261589";"Luis Emilio Gonzalez Castro | 75 metros este d ela escuela Drake, BahiaDrake, Costa Rica";"";"45472.99";"9";"228";"9.6";"CLP";"2026-02-24"
"Costa Rica";"Bahía Drake";"Excursión a la selva de Corcovado";"https://www.civitatis.com/es/bahia-drake/excursion-parque-nacional-corcovado/";"Nativos Corcovado Tours";"nativoscorcovado@gmail.com";"+50684261589";"Luis Emilio Gonzalez Castro | 75 metros este d ela escuela Drake, BahiaDrake, Costa Rica";"";"62191.55";"12";"497";"7.8";"CLP";"2026-02-24"
"Costa Rica";"Bahía Drake";"Snorkel en la Isla del Caño";"https://www.civitatis.com/es/bahia-drake/snorkel-isla-cano/";"Costa Rica Adventure Divers";"info@costaricaadventuredivers.com";"+34 639 208 432";"ADVENTURE DRAKE WATERSPORTS SA | BAHIA DRAKE, PUNTARENAS OSA, 200 METROS ESTE RIO AGUJITAS EN HOTEL JINETES DE OSA, Bahía Drake, Costa Rica";"";"93287.32";"6";"79";"9.7";"CLP";"2026-02-24"
"Costa Rica";"Bahía Drake";"Excursión a Sirena";"https://www.civitatis.com/es/bahia-drake/excursion-sirena/";"Nativos Corcovado Tours";"nativoscorcovado@gmail.com";"+50684261589";"Luis Emilio Gonzalez Castro | 75 metros este d ela escuela Drake, BahiaDrake, Costa Rica";"";"138485.95";"9";"309";"6.7";"CLP";"2026-02-24"
"Costa Rica";"Bahía Drake";"Paseo a caballo por Bahía Drake";"https://www.civitatis.com/es/bahia-drake/paseo-caballo-bahia-drake/";"Nativos Corcovado Tours";"nativoscorcovado@gmail.com";"+50684261589";"Luis Emilio Gonzalez Castro | 75 metros este d ela escuela Drake, BahiaDrake, Costa Rica";"";"38869.71";"4";"65";"7.5";"CLP";"2026-02-24"
"Costa Rica";"Bahía Drake";"Tour en kayak por los manglares del río Sierpe";"https://www.civitatis.com/es/bahia-drake/tour-kayak-manglares-rio-sierpe/";"Nativos Corcovado Tours";"nativoscorcovado@gmail.com";"+50684261589";"Luis Emilio Gonzalez Castro | 75 metros este d ela escuela Drake, BahiaDrake, Costa Rica";"";"105176.88";"0";"30";"0.0";"CLP";"2026-02-24"
"Costa Rica";"Bahía Drake";"Excursión a San Pedrillo";"https://www.civitatis.com/es/bahia-drake/excursion-san-pedrillo/";"Nativos Corcovado Tours";"nativoscorcovado@gmail.com";"+50684261589";"Luis Emilio Gonzalez Castro | 75 metros este d ela escuela Drake, BahiaDrake, Costa Rica";"";"98180.33";"0";"135";"0.0";"CLP";"2026-02-24"
"Costa Rica";"Bahía Drake";"Buceo en la Isla del Caño";"https://www.civitatis.com/es/bahia-drake/buceo-isla-cano/";"Drake Divers";"info@drakedivers.com";"506-83103600";"LOOK OUT DRAKE BAY SA | Calle hacia los planes, Provincia de Puntarenas, Agujitas, Bahía Drake, Costa Rica";"";"141760.15";"1";"13";"10.0";"CLP";"2026-02-24"
"Costa Rica";"Bahía Drake";"Avistamiento de aves en la finca Río Agujitas";"https://www.civitatis.com/es/bahia-drake/avistamiento-aves-finca-rio-agujitas/";"Nativos Corcovado Tours";"nativoscorcovado@gmail.com";"+50684261589";"Luis Emilio Gonzalez Castro | 75 metros este d ela escuela Drake, BahiaDrake, Costa Rica";"";"29266.61";"4";"18";"9.0";"CLP";"2026-02-24"
"Costa Rica";"Bahía Drake";"Excursión de 1 o 2 días a la finca Río Agujitas";"https://www.civitatis.com/es/bahia-drake/excursion-finca-rio-agujitas/";"Nativos Corcovado Tours";"nativoscorcovado@gmail.com";"+50684261589";"Luis Emilio Gonzalez Castro | 75 metros este d ela escuela Drake, BahiaDrake, Costa Rica";"";"54874.89";"0";"0";"0.0";"CLP";"2026-02-24"
"Costa Rica";"Bahía Drake";"Tubing en el río Agujitas";"https://www.civitatis.com/es/bahia-drake/tubing-rio-agujitas/";"Nativos Corcovado Tours";"nativoscorcovado@gmail.com";"+50684261589";"Luis Emilio Gonzalez Castro | 75 metros este d ela escuela Drake, BahiaDrake, Costa Rica";"";"43899.91";"0";"6";"0.0";"CLP";"2026-02-24"
"Costa Rica";"Bahía Drake";"Bautismo de buceo en la Isla del Caño";"https://www.civitatis.com/es/bahia-drake/bautismo-buceo-isla-cano/";"Drake Divers";"info@drakedivers.com";"506-83103600";"LOOK OUT DRAKE BAY SA | Calle hacia los planes, Provincia de Puntarenas, Agujitas, Bahía Drake, Costa Rica";"";"192062.14";"0";"0";"0.0";"CLP";"2026-02-24"
"Costa Rica";"Bahía Drake";"Senderismo por el Parque Nacional Corcovado";"https://www.civitatis.com/es/bahia-drake/senderismo-parque-nacional-corcovado/";"Nativos Corcovado Tours";"nativoscorcovado@gmail.com";"+50684261589";"Luis Emilio Gonzalez Castro | 75 metros este d ela escuela Drake, BahiaDrake, Costa Rica";"";"86885.25";"0";"0";"0.0";"CLP";"2026-02-24"
"Costa Rica";"Jacó";"Excursión al Parque Nacional Manuel Antonio";"https://www.civitatis.com/es/jaco/excursion-parque-manuel-antonio/";"Tucanes Tours";"justin@tucanestours.com";"+506 27770775";"Inversiones Majuchris S.A. | 800m N y 200m O del Hotel Pacific Paradise, Quepos, Costa Rica";"";"122983.79";"3";"79";"10.0";"CLP";"2026-02-24"
"Costa Rica";"Jacó";"Excursión a Isla Tortuga";"https://www.civitatis.com/es/jaco/excursion-isla-tortuga/";"Bay Island Cruises";"directoracomercial@bayislandcruises.com";"22353536";"Comercializadora Bay Island Cruises SRL | San José, Tibás, San José, Costa Rica";"";"128041.42";"7";"111";"9.4";"CLP";"2026-02-24"
"Costa Rica";"Jacó";"Paseo en barco por Isla Damas";"https://www.civitatis.com/es/jaco/paseo-barco-isla-damas/";"Tucanes Tours";"justin@tucanestours.com";"+506 27770775";"Inversiones Majuchris S.A. | 800m N y 200m O del Hotel Pacific Paradise, Quepos, Costa Rica";"";"122983.79";"0";"6";"0.0";"CLP";"2026-02-24"
"Costa Rica";"Jacó";"Tour en kayak por Isla Damas";"https://www.civitatis.com/es/jaco/tour-kayak-isla-damas/";"Tucanes Tours";"justin@tucanestours.com";"+506 27770775";"Inversiones Majuchris S.A. | 800m N y 200m O del Hotel Pacific Paradise, Quepos, Costa Rica";"";"122983.79";"0";"4";"0.0";"CLP";"2026-02-24"
"Costa Rica";"Jacó";"Entrada al Parque de Aventuras Rainforest Pacific";"https://www.civitatis.com/es/jaco/entrada-parque-aventuras-rainforest-pacific/";"Rainforest Adventure";"jdaniel@rainforestadventure.com";"+305 890 5914";"ELITE SHORE EXCURSIONS LDT | Intershore Chambers, Road Town, Tortola, BVI, Tortola, Reino Unido";"";"76824.85";"0";"3";"0.0";"CLP";"2026-02-24"
"Costa Rica";"Jacó";"Excursión al Parque Nacional de Carara";"https://www.civitatis.com/es/jaco/excursion-parque-nacional-carara/";"Tucanes Tours";"justin@tucanestours.com";"+506 27770775";"Inversiones Majuchris S.A. | 800m N y 200m O del Hotel Pacific Paradise, Quepos, Costa Rica";"";"98180.33";"0";"2";"0.0";"CLP";"2026-02-24"
"Costa Rica";"Jacó";"Traslados en Jacó";"https://www.civitatis.com/es/jaco/traslados/";"No especificado / Único";"N/A";"N/A";"N/A";"";"34754.1";"87";"2216";"9.4";"CLP";"2026-02-24"
"Costa Rica";"Jacó";"Paseo a caballo por la selva tropical";"https://www.civitatis.com/es/jaco/paseo-caballo-selva-tropical/";"Tucanes Tours";"justin@tucanestours.com";"+506 27770775";"Inversiones Majuchris S.A. | 800m N y 200m O del Hotel Pacific Paradise, Quepos, Costa Rica";"";"104728.74";"0";"2";"0.0";"CLP";"2026-02-24"
"Costa Rica";"Jacó";"Vuelo en parapente por Jacó";"https://www.civitatis.com/es/jaco/vuelo-parapente-jaco/";"Katto Sky Tours Jaco";"info@costaricaparapente.com";"+506 8345 5703";"BEX PARAGLIDING TANDEM FLIGHTS | CALLE LA NACION 69, CONTIGUO AL SUPER ANDI, Jacó, Costa Rica";"";"141760.15";"1";"5";"10.0";"CLP";"2026-02-24"
"Costa Rica";"Jacó";"Rafting en el río Savegre";"https://www.civitatis.com/es/jaco/rafting-rio-savegre/";"Tucanes Tours";"justin@tucanestours.com";"+506 27770775";"Inversiones Majuchris S.A. | 800m N y 200m O del Hotel Pacific Paradise, Quepos, Costa Rica";"";"151921.15";"0";"7";"0.0";"CLP";"2026-02-24"
"Costa Rica";"Jacó";"Vuelo en paramotor por la bahía de Jacó";"https://www.civitatis.com/es/jaco/vuelo-paramotor-playa-esterillos/";"Katto Sky Tours Jaco";"info@costaricaparapente.com";"+506 8345 5703";"BEX PARAGLIDING TANDEM FLIGHTS | CALLE LA NACION 69, CONTIGUO AL SUPER ANDI, Jacó, Costa Rica";"";"173770.5";"0";"4";"0.0";"CLP";"2026-02-24"
"Costa Rica";"Jacó";"Tirolina sobre la selva tropical";"https://www.civitatis.com/es/jaco/tirolina-selva-tropical/";"Tucanes Tours";"justin@tucanestours.com";"+506 27770775";"Inversiones Majuchris S.A. | 800m N y 200m O del Hotel Pacific Paradise, Quepos, Costa Rica";"";"89912.51";"0";"9";"0.0";"CLP";"2026-02-24"
"Costa Rica";"Guanacaste";"Excursión a Granada y Parque Nacional Masaya";"https://www.civitatis.com/es/guanacaste/excursion-granada-parque-masaya/";"Miguetours Transfers Y Tours";"info.miguetours@gmail.com";"+50689506254";"Miguel Ángel Castrillo Canales | Frente al taller del Paisa., Liberia, Costa Rica";"";"260655.76";"1";"21";"10.0";"CLP";"2026-02-24"
"Costa Rica";"Guanacaste";"Paseo en barco y snorkel en las cuevas de Guanacaste";"https://www.civitatis.com/es/guanacaste/paseo-barco-snorkel-cuevas-guanacaste/";"Costa Rica Itinerary";"costaricaitinerary@gmail.com";"+506 60182280";"Transposiciónes de Turismo y Tecnología para Costa Rica TTTCR S.A | 150 metros oeste de la guardia rural de Río Segundo de Alajuela, Alajuela , Costa Rica";"";"163710.11";"3";"52";"8.0";"CLP";"2026-02-24"
"Costa Rica";"Guanacaste";"Excursión a Isla Tortuga";"https://www.civitatis.com/es/guanacaste/tour-isla-tortuga/";"Bay Island Cruises";"directoracomercial@bayislandcruises.com";"22353536";"Comercializadora Bay Island Cruises SRL | San José, Tibás, San José, Costa Rica";"";"137187.24";"89";"1643";"8.9";"CLP";"2026-02-24"
"Costa Rica";"Guanacaste";"Tour en quad por el Parque Diamante Eco";"https://www.civitatis.com/es/guanacaste/tour-quad-parque-diamante-eco/";"Diamante Eco Adventure Park";"luciana@diamanteadventure.com";"50621055200";"DEAP Eco Park SRL | 350 mts este del Hotel RIU Guanacaste, Sardinal, Carrillo, Guanacaste, Costa Rica";"";"72343.4";"2";"35";"10.0";"CLP";"2026-02-24"
"Costa Rica";"Guanacaste";"Senderismo por Sensoria, Tierra de los Sentidos";"https://www.civitatis.com/es/guanacaste/senderismo-sensoria/";"Sensoria Eco-Luxury Rainforest Experiences";"ota@sensoria.cr";"+506 8828-8383";"San Mateo Los Tres S.A. | Del AM PM 600 metros al norte, Residencial Cerro Alto, Casa 309, San José, Costa Rica";"";"132614.33";"1";"26";"10.0";"CLP";"2026-02-24"
"Costa Rica";"Guanacaste";"Traslados en Guanacaste";"https://www.civitatis.com/es/guanacaste/traslados/";"No especificado / Único";"N/A";"N/A";"N/A";"";"61276.96";"10";"197";"8.6";"CLP";"2026-02-24"
"Costa Rica";"Guanacaste";"Rafting en el río Tenorio";"https://www.civitatis.com/es/guanacaste/rafting-rio-tenorio/";"Miguetours Transfers Y Tours";"info.miguetours@gmail.com";"+50689506254";"Miguel Ángel Castrillo Canales | Frente al taller del Paisa., Liberia, Costa Rica";"";"155478.87";"3";"16";"10.0";"CLP";"2026-02-24"
"Costa Rica";"Guanacaste";"Tour de aventura en el Parque Diamante Eco";"https://www.civitatis.com/es/guanacaste/tour-aventura-parque-diamante-eco/";"Diamante Eco Adventure Park";"luciana@diamanteadventure.com";"50621055200";"DEAP Eco Park SRL | 350 mts este del Hotel RIU Guanacaste, Sardinal, Carrillo, Guanacaste, Costa Rica";"";"129184.65";"2";"26";"9.0";"CLP";"2026-02-24"
"Costa Rica";"Guanacaste";"Paseo a caballo por el Parque Diamante Eco";"https://www.civitatis.com/es/guanacaste/paseo-caballo-parque-diamante-eco/";"Diamante Eco Adventure Park";"luciana@diamanteadventure.com";"50621055200";"DEAP Eco Park SRL | 350 mts este del Hotel RIU Guanacaste, Sardinal, Carrillo, Guanacaste, Costa Rica";"";"59941.67";"1";"12";"10.0";"CLP";"2026-02-24"
"Costa Rica";"Guanacaste";"Tour cultural por el Parque Diamante Eco";"https://www.civitatis.com/es/guanacaste/tour-cultural-parque-diamante-eco/";"Diamante Eco Adventure Park";"luciana@diamanteadventure.com";"50621055200";"DEAP Eco Park SRL | 350 mts este del Hotel RIU Guanacaste, Sardinal, Carrillo, Guanacaste, Costa Rica";"";"59941.67";"2";"9";"10.0";"CLP";"2026-02-24"
"Costa Rica";"Guanacaste";"Pesca en Playas del Coco";"https://www.civitatis.com/es/guanacaste/pesca-playas-coco/";"Costa Rica Itinerary";"costaricaitinerary@gmail.com";"+506 60182280";"Transposiciónes de Turismo y Tecnología para Costa Rica TTTCR S.A | 150 metros oeste de la guardia rural de Río Segundo de Alajuela, Alajuela , Costa Rica";"";"182001.74";"0";"7";"0.0";"CLP";"2026-02-24"
"Costa Rica";"Guanacaste";"Packrafting en el cañón del río Colorado";"https://www.civitatis.com/es/guanacaste/packrafting-canon-rio-colorado/";"Ecoaventuras";"info.ecoaventuras.cr@gmail.com";"88683938";"Marco Tulio mendez Aguero | Turrialba, LIBERIA, Costa Rica";"";"82312.34";"0";"0";"0.0";"CLP";"2026-02-24"
"Costa Rica";"Guanacaste";"Excursión a Liberia y el Parque Nacional Santa Rosa";"https://www.civitatis.com/es/guanacaste/excursion-liberia-parque-santa-rosa/";"Il Viaggio Travel Costa Rica";"stephanie@ilviaggiocr.com";"22898225";"il viaggio travel s.a. | entre calle 132 y 130 en avenida 32, Escazu Centro, Escazu, Costa Rica";"";"288093.21";"1";"4";"10.0";"CLP";"2026-02-24"
"Costa Rica";"Guanacaste";"Excursión al Sky Adventures Monteverde Park";"https://www.civitatis.com/es/guanacaste/excursion-sky-adventures-monteverde-park/";"Il Viaggio Travel Costa Rica";"stephanie@ilviaggiocr.com";"22898225";"il viaggio travel s.a. | entre calle 132 y 130 en avenida 32, Escazu Centro, Escazu, Costa Rica";"";"288093.21";"0";"11";"0.0";"CLP";"2026-02-24"
"Costa Rica";"La Fortuna";"Excursión al volcán Arenal + Aguas Termales";"https://www.civitatis.com/es/la-fortuna/excursion-volcan-arenal-aguas-termales/";"Red Lava";"reservations.redlava@gmail.com";"+5062479 8004";"Red Lava TSC S.A. | La Fortuna, Alajuela , Costa Rica";"";"50301.98";"75";"788";"8.9";"CLP";"2026-02-24"
"Costa Rica";"La Fortuna";"Excursión a Caño Negro";"https://www.civitatis.com/es/la-fortuna/excursion-cano-negro/";"Ecoterra Costa Rica";"claudio@terralunagroup.com";"24798333";"Ecoterra Z.N sociedad anonima | La Fortuna San Carlos Arenal, La Fortuna, Costa Rica";"";"84882.32";"2";"29";"9.0";"CLP";"2026-02-24"
"Costa Rica";"La Fortuna";"Visita al Parque de Observación de Perezosos";"https://www.civitatis.com/es/la-fortuna/excursion-parque-observacion-perezosos/";"Arenal Jungle Tours";"arenaljungletours@gmail.com";"+50624790012";"Ariel Hassan Pinell Cardenas | South Side of Central Park of La Fortuna, La Fortuna, Costa Rica";"";"46506.47";"15";"116";"8.4";"CLP";"2026-02-24"
"Costa Rica";"La Fortuna";"Entrada a Relax Termalitas";"https://www.civitatis.com/es/la-fortuna/entrada-relax-termalitas/";"Passive Empire Llc";"costaricapuravida2407@gmail.com";"1136943495";"PASSIVE EMPIRE LLC | 7115 SW 147TH CT MIAMI, FL 33193, Miami, Estados Unidos";"";"10974.97";"0";"36";"0.0";"CLP";"2026-02-24"
"Costa Rica";"La Fortuna";"Rafting en La Fortuna";"https://www.civitatis.com/es/la-fortuna/rafting-fortuna/";"La Fortuna Rafting";"info@lafortunarafting.com";"89559010";"3-101-757246 SOCIEDAD ANONIMA | La Fortuna de San Carlos, Alajuela, Costa Rica. 175m North from Banco Nacional Name  Email Subject, La Fortuna, Costa Rica";"";"64020.71";"27";"246";"9.9";"CLP";"2026-02-24"
"Costa Rica";"La Fortuna";"Traslado a Monteverde + Barco por el lago Arenal";"https://www.civitatis.com/es/la-fortuna/traslado-monteverde-barco-lago-arenal/";"Costa Rica Itinerary";"costaricaitinerary@gmail.com";"+506 60182280";"Transposiciónes de Turismo y Tecnología para Costa Rica TTTCR S.A | 150 metros oeste de la guardia rural de Río Segundo de Alajuela, Alajuela , Costa Rica";"";"44814.49";"16";"194";"8.6";"CLP";"2026-02-24"
"Costa Rica";"La Fortuna";"Tour por los puentes colgantes de Arenal";"https://www.civitatis.com/es/la-fortuna/tour-puentes-colgantes-arenal/";"Mistico Arenal Hanging Bridges Park";"director@misticopark.com";"+506-2479-8282";"NALAVI VERDE SOCIEDAD ANONIMA | ALAJUELA-SAN CARLOS VENADO, SANGREGADO, Alajuela , Costa Rica";"";"45472.99";"12";"157";"9.5";"CLP";"2026-02-24"
"Costa Rica";"La Fortuna";"Tour del café y el chocolate";"https://www.civitatis.com/es/la-fortuna/tour-cafe-chocolate/";"North Fields Cafe";"administracion@northfieldscafe.com";"87133595";"COFFEE TOUR LA GRANJITA ALM SOCIEDAD ANONIMA | 400 sur de la escuela z trece, La Fortuna, Costa Rica";"";"42070.75";"15";"125";"9.9";"CLP";"2026-02-24"
"Costa Rica";"La Fortuna";"Transporte a San José";"https://www.civitatis.com/es/la-fortuna/transporte-san-jose/";"Expediciones Tropicales";"gsalas@expedicionestropicales.com";"+506 -2257-4171";"Expediciones Tropicales S.A. | Provincia: San José. Cantón: Central. Distrito: El Carmen. Dirección: Avenidas 11 y 13, Calle 3 Bis, Barrio Amón., San José, Costa Rica";"";"47283.87";"0";"9";"0.0";"CLP";"2026-02-24"
"Costa Rica";"La Fortuna";"Excursión a la Catarata Río Fortuna";"https://www.civitatis.com/es/la-fortuna/excursion-catarata-rio-fortuna/";"Ecoterra Costa Rica";"claudio@terralunagroup.com";"24798333";"Ecoterra Z.N sociedad anonima | La Fortuna San Carlos Arenal, La Fortuna, Costa Rica";"";"52295.77";"7";"66";"8.9";"CLP";"2026-02-24"
"Costa Rica";"La Fortuna";"Excursión a la Catarata La Fortuna y al Volcán Arenal";"https://www.civitatis.com/es/la-fortuna/catarata-fortuna-volcan-arenal/";"Red Lava";"reservations.redlava@gmail.com";"+5062479 8004";"Red Lava TSC S.A. | La Fortuna, Alajuela , Costa Rica";"";"87799.83";"768";"5891";"9.3";"CLP";"2026-02-24"
"Costa Rica";"La Fortuna";"Excursión a Isla Tortuga";"https://www.civitatis.com/es/la-fortuna/tour-isla-tortuga/";"Bay Island Cruises";"directoracomercial@bayislandcruises.com";"22353536";"Comercializadora Bay Island Cruises SRL | San José, Tibás, San José, Costa Rica";"";"137187.24";"89";"1643";"8.9";"CLP";"2026-02-24"
"Costa Rica";"La Fortuna";"Excursión al Volcán Arenal";"https://www.civitatis.com/es/la-fortuna/excursion-parque-volcan-arenal/";"Volcano Travel Costa Rica";"info@volcanotravelcostarica.com";"506-83292579";"Destinos Naturales CR. S.A. | La Fortuna de San Carlos, Alajuela, Costa Rica, La Fortuna, Costa Rica";"";"67176.02";"4";"143";"7.0";"CLP";"2026-02-24"
"Costa Rica";"La Fortuna";"Senderismo nocturno con avistamiento de ranas";"https://www.civitatis.com/es/la-fortuna/senderismo-nocturno-avistamiento-ranas/";"Ecoterra Costa Rica";"claudio@terralunagroup.com";"24798333";"Ecoterra Z.N sociedad anonima | La Fortuna San Carlos Arenal, La Fortuna, Costa Rica";"";"59164.28";"8";"103";"9.3";"CLP";"2026-02-24"
"Costa Rica";"La Fortuna";"Senderismo por el río Celeste";"https://www.civitatis.com/es/la-fortuna/senderismo-rio-celeste/";"Ecoterra Costa Rica";"claudio@terralunagroup.com";"24798333";"Ecoterra Z.N sociedad anonima | La Fortuna San Carlos Arenal, La Fortuna, Costa Rica";"";"101664.89";"6";"91";"8.0";"CLP";"2026-02-24"
"Costa Rica";"La Fortuna";"Rápel en La Roca Canyoning";"https://www.civitatis.com/es/la-fortuna/rapel-arenal/";"La Roca";"admin@larocacr.com";"506-8897 7878";"3-101-765409 SOCIEDAD ANONIMA | CARTAGO-CARTAGO SAN NICOLAS , CONDOMINIO RIVERA DEL IRAZU, CASA M 26, Alajuela , Costa Rica";"";"102433.14";"0";"19";"0.0";"CLP";"2026-02-24"
"Costa Rica";"La Fortuna";"Excursión a las cavernas de Venado";"https://www.civitatis.com/es/la-fortuna/excursion-cavernas-venado/";"Ecoterra Costa Rica";"claudio@terralunagroup.com";"24798333";"Ecoterra Z.N sociedad anonima | La Fortuna San Carlos Arenal, La Fortuna, Costa Rica";"";"76312.69";"0";"15";"0.0";"CLP";"2026-02-24"
"Costa Rica";"La Fortuna";"Visita a una finca campesina";"https://www.civitatis.com/es/la-fortuna/visita-finca-campesina/";"Ecoterra Costa Rica";"claudio@terralunagroup.com";"24798333";"Ecoterra Z.N sociedad anonima | La Fortuna San Carlos Arenal, La Fortuna, Costa Rica";"";"67733.91";"3";"10";"10.0";"CLP";"2026-02-24"
"Costa Rica";"La Fortuna";"Paddle surf en la laguna Arenal";"https://www.civitatis.com/es/la-fortuna/paddle-surf-laguna-arenal/";"Jacamar Naturalist Tours";"webmaster@jacamartours.com";"+50684578853";"Jacamar Tours S.A. | PROVINCIA 02 ALAJUELA, CANTON 10 SAN CARLOS, LA FORTUNA, San Carlos, Costa Rica";"";"75443.83";"1";"8";"10.0";"CLP";"2026-02-24"
"Costa Rica";"La Fortuna";"Paseo en balsa por el río Peñas Blancas";"https://www.civitatis.com/es/la-fortuna/paseo-balsa-rio-penas-blancas/";"Canoa Aventura";"mercadeoarenal@canoa-aventura.com";"88271225";"Canoa Aventura SA | 1,5 km Iglesia Católica del Oeste, La Fortuna San Carlos, Alajuela, Costa Rica, Arenal, La Fortuna, Costa Rica";"";"73139.09";"0";"6";"0.0";"CLP";"2026-02-24"
"Costa Rica";"La Fortuna";"Tour en quad por el Parque Nacional Volcán Arenal";"https://www.civitatis.com/es/la-fortuna/tour-quad-volcan-arenal/";"Arenal Jungle Tours";"arenaljungletours@gmail.com";"+50624790012";"Ariel Hassan Pinell Cardenas | South Side of Central Park of La Fortuna, La Fortuna, Costa Rica";"";"128041.42";"0";"60";"0.0";"CLP";"2026-02-24"
"Costa Rica";"La Fortuna";"Descenso de cañones en La Fortuna";"https://www.civitatis.com/es/la-fortuna/descenso-canones-fortuna/";"Pure Trek Canyoning";"canyoning@puretrek.com";"+5068330 3181";"PURO EQUIPO USA SOCIEDAD ANONIMA | Alajuela, La Fortuna, Costa Rica";"";"103347.72";"0";"4";"0.0";"CLP";"2026-02-24"
"Costa Rica";"La Fortuna";"Senderismo por la laguna de Hule";"https://www.civitatis.com/es/la-fortuna/senderismo-laguna-hule/";"Ecoterra Costa Rica";"claudio@terralunagroup.com";"24798333";"Ecoterra Z.N sociedad anonima | La Fortuna San Carlos Arenal, La Fortuna, Costa Rica";"";"102890.43";"0";"2";"0.0";"CLP";"2026-02-24"
"Costa Rica";"La Fortuna";"Visita a la finca DreamTree XP";"https://www.civitatis.com/es/la-fortuna/visita-dream-tree-xp/";"Dreamtreexp";"marketing@dreamtreexp.com";"89397265";"JETSET TOURS S.R.L. | PROVINCIA 02 ALAJUELA, CANTON 10 SAN CARLOS, LA FORTUNA, CUATRO KILOMETROS AL OESTE DE LA IGLESIA CATOLICA, A MANO IZQUIERDA, EN EL HOTEL DREAM TREE XP, La Fortuna, Costa Rica";"";"29952.54";"0";"0";"0.0";"CLP";"2026-02-24"
"Costa Rica";"La Fortuna";"Tour en kayak por el lago Arenal";"https://www.civitatis.com/es/la-fortuna/tour-kayak-lago-arenal/";"Jacamar Naturalist Tours";"webmaster@jacamartours.com";"+50684578853";"Jacamar Tours S.A. | PROVINCIA 02 ALAJUELA, CANTON 10 SAN CARLOS, LA FORTUNA, San Carlos, Costa Rica";"";"75443.83";"0";"0";"0.0";"CLP";"2026-02-24"
"Costa Rica";"Puntarenas";"Excursión a Isla Tortuga en catamarán";"https://www.civitatis.com/es/puntarenas/excursion-isla-tortuga/";"Bay Island Cruises";"directoracomercial@bayislandcruises.com";"22353536";"Comercializadora Bay Island Cruises SRL | San José, Tibás, San José, Costa Rica";"";"121639.35";"9";"117";"6.7";"CLP";"2026-02-24"
"Costa Rica";"Puntarenas";"Excursión a Isla Tortuga para cruceros";"https://www.civitatis.com/es/puntarenas/excursion-isla-tortuga-cruceros/";"Turismo Marítimo Del Pacifico";"isabellal@tmtourscr.com";"+506-7004-3663";"MARCO ANTONIO GUZMAN VILLALOBOS | Puntarenas, Barrio el Cocoal, Puntarenas, Costa Rica";"";"109749.79";"0";"9";"0.0";"CLP";"2026-02-24"
"Costa Rica";"Puntarenas";"Tour por la Reserva Natural Villa Lapas y el río Tárcoles para cruceros";"https://www.civitatis.com/es/puntarenas/tour-villa-lapas-rio-tarcoles-cruceros/";"Agencia De Viajes Paseos Naturales";"info@greenwaytours.com";"+50685302973";"AGENCIA DE VIAJES PASEO NATURALES CAMINO VERDE S.A | Montelimar de Guadalupe, de la Corte 950 norte y 75 oeste, San José, Costa Rica";"";"123468.51";"0";"6";"0.0";"CLP";"2026-02-24"
"Costa Rica";"Puntarenas";"Excursión al Parque Nacional Isla San Lucas";"https://www.civitatis.com/es/puntarenas/excursion-parque-isla-san-lucas/";"Turismo Marítimo Del Pacifico";"isabellal@tmtourscr.com";"+506-7004-3663";"MARCO ANTONIO GUZMAN VILLALOBOS | Puntarenas, Barrio el Cocoal, Puntarenas, Costa Rica";"";"91458.16";"1";"113";"10.0";"CLP";"2026-02-24"
"Costa Rica";"Monteverde";"Tirolina en Monteverde";"https://www.civitatis.com/es/monteverde/tirolina-monteverde/";"Destination Services Costa Rica";"phoogendoorn@destinationservices.com";"+31 612060581";"TUI Destination Experiences Costa Rica S.A. | SAN JOSE PAVAS, OFICENTRO MEDITERRANEO, SEGUNDO PISO, OFICINAS TUI DESTINATION EXPERIENCES, San José, Costa Rica";"";"72983.61";"102";"1309";"9.3";"CLP";"2026-02-24"
"Costa Rica";"Monteverde";"Senderismo nocturno por Oktari Monteverde";"https://www.civitatis.com/es/monteverde/senderismo-nocturno-santa-elena/";"Oktari Monteverde";"info@oktarimonteverde.com";"85396000";"Uriel Gabriel Moreno Torres | 500 METROS NORESTE DE BON APPETIT SANTA ELENA, Monteverde, Costa Rica";"";"32010.35";"11";"283";"8.9";"CLP";"2026-02-24"
"Costa Rica";"Monteverde";"Tour por los puentes colgantes del Bosque Nuboso Monteverde";"https://www.civitatis.com/es/monteverde/skywalk-monteverde/";"Destination Services Costa Rica";"phoogendoorn@destinationservices.com";"+31 612060581";"TUI Destination Experiences Costa Rica S.A. | SAN JOSE PAVAS, OFICENTRO MEDITERRANEO, SEGUNDO PISO, OFICINAS TUI DESTINATION EXPERIENCES, San José, Costa Rica";"";"82339.78";"84";"1416";"8.7";"CLP";"2026-02-24"
"Costa Rica";"Monteverde";"Senderismo por el Bosque Nuboso de Monteverde";"https://www.civitatis.com/es/monteverde/senderismo-bosque-nuboso-monteverde/";"Faro Travel Costa Rica";"fredramirez.07@gmail.com";"85784040";"Familia Freylid | Santa Elena, Monteverde, Puntarenas, 150 metros suroeste de Super Compro, Monteverde, Costa Rica";"";"105176.88";"27";"266";"8.7";"CLP";"2026-02-24"
"Costa Rica";"Monteverde";"Senderismo por la Reserva Curi Cancha";"https://www.civitatis.com/es/monteverde/senderismo-reserva-curi-cancha/";"Faro Travel Costa Rica";"fredramirez.07@gmail.com";"85784040";"Familia Freylid | Santa Elena, Monteverde, Puntarenas, 150 metros suroeste de Super Compro, Monteverde, Costa Rica";"";"105176.88";"6";"117";"9.3";"CLP";"2026-02-24"
"Costa Rica";"Monteverde";"Sky Tram de Monteverde + Tirolina";"https://www.civitatis.com/es/monteverde/sky-tram-monteverde-tirolina/";"Destination Services Costa Rica";"phoogendoorn@destinationservices.com";"+31 612060581";"TUI Destination Experiences Costa Rica S.A. | SAN JOSE PAVAS, OFICENTRO MEDITERRANEO, SEGUNDO PISO, OFICINAS TUI DESTINATION EXPERIENCES, San José, Costa Rica";"";"118895.61";"7";"145";"8.6";"CLP";"2026-02-24"
"Costa Rica";"Monteverde";"Tirolina en Selvatura Park + Avistamiento de perezosos";"https://www.civitatis.com/es/monteverde/tirolina-selvatura-park-avistamiento-perezosos/";"Selvatura Park";"ventas05@selvatura.com";"86196464";"Selvatura Park de Costa Rica S.A | Puntarenas, Puntarenas, Monteverde, Puntarenas, Costa Rica";"";"111615.54";"0";"6";"0.0";"CLP";"2026-02-24"
"Costa Rica";"Monteverde";"Excursión a Isla Tortuga";"https://www.civitatis.com/es/monteverde/tour-isla-tortuga/";"Bay Island Cruises";"directoracomercial@bayislandcruises.com";"22353536";"Comercializadora Bay Island Cruises SRL | San José, Tibás, San José, Costa Rica";"";"137187.24";"89";"1643";"8.9";"CLP";"2026-02-24"
"Costa Rica";"Monteverde";"Entrada a los puentes colgantes de Selvatura Park";"https://www.civitatis.com/es/monteverde/puentes-colgantes-selvatura-park/";"Selvatura Park";"ventas05@selvatura.com";"86196464";"Selvatura Park de Costa Rica S.A | Puntarenas, Puntarenas, Monteverde, Puntarenas, Costa Rica";"";"50640.38";"1";"45";"10.0";"CLP";"2026-02-24"
"Costa Rica";"Monteverde";"Senderismo por El Tigre Waterfalls";"https://www.civitatis.com/es/monteverde/senderismo-tigre-waterfalls/";"Faro Travel Costa Rica";"fredramirez.07@gmail.com";"85784040";"Familia Freylid | Santa Elena, Monteverde, Puntarenas, 150 metros suroeste de Super Compro, Monteverde, Costa Rica";"";"107006.05";"5";"54";"7.6";"CLP";"2026-02-24"
"Costa Rica";"Monteverde";"Traslado a La Fortuna + Barco por el lago Arenal";"https://www.civitatis.com/es/monteverde/traslado-fortuna-barco-lago-arenal/";"Costa Rica Itinerary";"costaricaitinerary@gmail.com";"+506 60182280";"Transposiciónes de Turismo y Tecnología para Costa Rica TTTCR S.A | 150 metros oeste de la guardia rural de Río Segundo de Alajuela, Alajuela , Costa Rica";"";"36583.26";"5";"33";"6.0";"CLP";"2026-02-24"
"Costa Rica";"Monteverde";"Visita al herpetario de Selvatura Park";"https://www.civitatis.com/es/monteverde/entrada-herpetario-monteverde/";"Selvatura Park";"ventas05@selvatura.com";"86196464";"Selvatura Park de Costa Rica S.A | Puntarenas, Puntarenas, Monteverde, Puntarenas, Costa Rica";"";"25836.93";"0";"4";"0.0";"CLP";"2026-02-24"
"Costa Rica";"Monteverde";"Senderismo por El Enigma de la Semilla";"https://www.civitatis.com/es/monteverde/senderismo-engima-semilla/";"El Enigma De La Semilla";"karol@treebuhotels.com";"61117676";"Zen Seis Uno S.A | Provincia 02 Alajuela, Cnton 02 San Ramon, Puntarenas, Costa Rica";"";"45729.08";"0";"1";"0.0";"CLP";"2026-02-24"
"Costa Rica";"Guápiles";"Tour de 2 o 3 días por el Parque Nacional Tortuguero";"https://www.civitatis.com/es/guapiles/tour-2-3-dias-tortuguero/";"Laguna Lodge Tortuguero";"ventas3@lagunatortuguero.com";"+506 8340 4907";"Kupia Kumi del Tortuguero SA | San Pedro, Barrio Dent., San José, Costa Rica";"";"266637.12";"15";"274";"8.8";"CLP";"2026-02-24"
"Costa Rica";"Guápiles";"Entrada al parque de aventuras Rainforest Atlantic";"https://www.civitatis.com/es/guapiles/entrada-parque-aventuras-rainforest-atlantic/";"Rainforest Adventure";"jdaniel@rainforestadventure.com";"+305 890 5914";"ELITE SHORE EXCURSIONS LDT | Intershore Chambers, Road Town, Tortola, BVI, Tortola, Reino Unido";"";"71337.36";"1";"10";"10.0";"CLP";"2026-02-24"
"Costa Rica";"Guápiles";"Tour del chocolate por Guápiles";"https://www.civitatis.com/es/guapiles/tour-chocolate-guapiles/";"Camaquiri Chocolate";"camaquirichocolate@gmail.com";"+50688318987";"Oscar Arce Campos | Jimenez, Pococi, Limon, Guápiles, Costa Rica";"";"18291.63";"0";"0";"0.0";"CLP";"2026-02-24"
"Costa Rica";"San Gerardo de Dota";"Trekking de 4 días por el Parque Nacional Los Quetzales";"https://www.civitatis.com/es/san-gerardo-de-dota/trekking-4-dias-parque-quetzales/";"Maro Experiences";"mary.maroexperiences@gmail.com";"+506 8838-3522";"Maria de los Angeles Rodriguez Obaldia | Santa Marta Montes de Oca 400 noreste Plaza Cedral local #4, San José, Costa Rica";"";"834555.73";"0";"0";"0.0";"CLP";"2026-02-24"
"Costa Rica";"Bribrí";"Excursión de 2 días a la comunidad indígena de Yorkín";"https://www.civitatis.com/es/bribri/2-dias-comunidad-indigena-yorkin/";"Maro Experiences";"mary.maroexperiences@gmail.com";"+506 8838-3522";"Maria de los Angeles Rodriguez Obaldia | Santa Marta Montes de Oca 400 noreste Plaza Cedral local #4, San José, Costa Rica";"";"171484.05";"1";"58";"10.0";"CLP";"2026-02-24"
"Costa Rica";"Bribrí";"Excursión a la comunidad indígena de Yorkín";"https://www.civitatis.com/es/bribri/excursion-comunidad-indigena-yorkin/";"Maro Experiences";"mary.maroexperiences@gmail.com";"+506 8838-3522";"Maria de los Angeles Rodriguez Obaldia | Santa Marta Montes de Oca 400 noreste Plaza Cedral local #4, San José, Costa Rica";"";"148619.51";"2";"23";"9.0";"CLP";"2026-02-24"
"Costa Rica";"San Marcos de Tarrazú";"Tour del café por San Marcos de Tarrazú";"https://www.civitatis.com/es/san-marcos-de-tarrazu/tour-cafe-san-marcos-tarrazu/";"Maro Experiences";"mary.maroexperiences@gmail.com";"+506 8838-3522";"Maria de los Angeles Rodriguez Obaldia | Santa Marta Montes de Oca 400 noreste Plaza Cedral local #4, San José, Costa Rica";"";"48015.53";"1";"6";"10.0";"CLP";"2026-02-24"
"Costa Rica";"Caldera";"Excursión a Isla Tortuga para cruceros";"https://www.civitatis.com/es/caldera/excursion-isla-tortuga-cruceros/";"Turismo Marítimo Del Pacifico";"isabellal@tmtourscr.com";"+506-7004-3663";"MARCO ANTONIO GUZMAN VILLALOBOS | Puntarenas, Barrio el Cocoal, Puntarenas, Costa Rica";"";"109749.79";"0";"9";"0.0";"CLP";"2026-02-24"
"Costa Rica";"Caldera";"Tour por la Reserva Natural Villa Lapas y el río Tárcoles para cruceros";"https://www.civitatis.com/es/caldera/tour-villa-lapas-rio-tarcoles-cruceros/";"Agencia De Viajes Paseos Naturales";"info@greenwaytours.com";"+50685302973";"AGENCIA DE VIAJES PASEO NATURALES CAMINO VERDE S.A | Montelimar de Guadalupe, de la Corte 950 norte y 75 oeste, San José, Costa Rica";"";"123468.51";"0";"6";"0.0";"CLP";"2026-02-24"
"Costa Rica";"Uvita";"Avistamiento de cetáceos en el Parque Nacional Marino Ballena";"https://www.civitatis.com/es/uvita/avistamiento-cetaceos-parque-marino-ballena/";"Agencia De Viajes Costa Rica Te Enamora";"reservations@costaricateenamora.com";"506 2743-8283";"Agencia de Viajes Costa Rica Te Enamora Limitada | Uvita, de Estación Gasolinera 290 metros Oeste, Oficina en Forma de Ballena., Uvita, Costa Rica";"";"92601.38";"5";"285";"9.6";"CLP";"2026-02-24"
"Costa Rica";"Uvita";"Avistamiento de cetáceos en el Parque Nacional Marino Ballena";"https://www.civitatis.com/es/uvita/avistamiento-cetaceos-parque-marino-ballena/";"Martin Adventours";"ADRIANA@MARTINADVENTOURS.COM";"5024085378";"MARTIN ADVENTOURS SOCIEDAD DE RESPONSABILIDAD LIMITADA | PROVINCIA 04 HEREDIA, CANTON 06 SAN ISIDRO, Puntarenas, Costa Rica";"";"92601.38";"5";"285";"9.6";"CLP";"2026-02-24"
"Costa Rica";"Uvita";"Excursión al Parque Nacional Corcovado";"https://www.civitatis.com/es/uvita/excursion-parque-nacional-corcovado/";"Martin Adventours";"ADRIANA@MARTINADVENTOURS.COM";"5024085378";"MARTIN ADVENTOURS SOCIEDAD DE RESPONSABILIDAD LIMITADA | PROVINCIA 04 HEREDIA, CANTON 06 SAN ISIDRO, Puntarenas, Costa Rica";"";"137187.24";"9";"101";"8.2";"CLP";"2026-02-24"
"Costa Rica";"Uvita";"Snorkel en la isla del Caño";"https://www.civitatis.com/es/uvita/snorkel-isla-cano/";"Martin Adventours";"ADRIANA@MARTINADVENTOURS.COM";"5024085378";"MARTIN ADVENTOURS SOCIEDAD DE RESPONSABILIDAD LIMITADA | PROVINCIA 04 HEREDIA, CANTON 06 SAN ISIDRO, Puntarenas, Costa Rica";"";"137187.24";"4";"62";"6.0";"CLP";"2026-02-24"
"Costa Rica";"Sierpe";"Excursión al Parque Nacional Corcovado";"https://www.civitatis.com/es/sierpe/excursion-parque-corcovado/";"Agencia De Viajes Costa Rica Te Enamora";"reservations@costaricateenamora.com";"506 2743-8283";"Agencia de Viajes Costa Rica Te Enamora Limitada | Uvita, de Estación Gasolinera 290 metros Oeste, Oficina en Forma de Ballena., Uvita, Costa Rica";"";"166911.14";"11";"117";"8.9";"CLP";"2026-02-24"
"Costa Rica";"Sierpe";"Snorkel en la Isla del Caño";"https://www.civitatis.com/es/sierpe/snorkel-isla-cano/";"Agencia De Viajes Costa Rica Te Enamora";"reservations@costaricateenamora.com";"506 2743-8283";"Agencia de Viajes Costa Rica Te Enamora Limitada | Uvita, de Estación Gasolinera 290 metros Oeste, Oficina en Forma de Ballena., Uvita, Costa Rica";"";"166911.14";"1";"7";"10.0";"CLP";"2026-02-24"
"Costa Rica";"Sierpe";"Excursión al Sitio Arqueológico Finca 6";"https://www.civitatis.com/es/sierpe/excursion-sitio-arquelogico-finca-6/";"Agencia De Viajes Costa Rica Te Enamora";"reservations@costaricateenamora.com";"506 2743-8283";"Agencia de Viajes Costa Rica Te Enamora Limitada | Uvita, de Estación Gasolinera 290 metros Oeste, Oficina en Forma de Ballena., Uvita, Costa Rica";"";"81169.11";"0";"0";"0.0";"CLP";"2026-02-24"
"Costa Rica";"Ciudad Cortés";"Tirolina en Ciudad Cortés";"https://www.civitatis.com/es/ciudad-cortes/tirolina-ciudad-cortes/";"Agencia De Viajes Costa Rica Te Enamora";"reservations@costaricateenamora.com";"506 2743-8283";"Agencia de Viajes Costa Rica Te Enamora Limitada | Uvita, de Estación Gasolinera 290 metros Oeste, Oficina en Forma de Ballena., Uvita, Costa Rica";"";"96031.07";"0";"3";"0.0";"CLP";"2026-02-24"
"Costa Rica";"Rincón de la Vieja";"Entrada a las aguas termales de Río Negro";"https://www.civitatis.com/es/rincon-de-la-vieja/entrada-aguas-termales-rio-negro/";"Hacienda Guachipelin";"mercadeo@guachipelin.com";"26902900";"Rincón de la Vieja S.R.L | Parque Nacional Rincón de la Vieja, Guanacaste, Costa Rica";"";"31004.31";"5";"121";"8.8";"CLP";"2026-02-24"
"Costa Rica";"Rincón de la Vieja";"Senderismo por Sensoria, Tierra de los Sentidos";"https://www.civitatis.com/es/rincon-de-la-vieja/senderismo-sensoria/";"Sensoria Eco-Luxury Rainforest Experiences";"ota@sensoria.cr";"+506 8828-8383";"San Mateo Los Tres S.A. | Del AM PM 600 metros al norte, Residencial Cerro Alto, Casa 309, San José, Costa Rica";"";"132614.33";"1";"26";"10.0";"CLP";"2026-02-24"
"Costa Rica";"Rincón de la Vieja";"Senderismo por la cascada Oropéndola y Las Pailas";"https://www.civitatis.com/es/rincon-de-la-vieja/senderismo-cascada-oropendola-pailas/";"Hacienda Guachipelin";"mercadeo@guachipelin.com";"26902900";"Rincón de la Vieja S.R.L | Parque Nacional Rincón de la Vieja, Guanacaste, Costa Rica";"";"56841.24";"0";"24";"0.0";"CLP";"2026-02-24"
"Costa Rica";"Rincón de la Vieja";"One-Day Adventure Pass";"https://www.civitatis.com/es/rincon-de-la-vieja/one-day-adventure-pass/";"Hacienda Guachipelin";"mercadeo@guachipelin.com";"26902900";"Rincón de la Vieja S.R.L | Parque Nacional Rincón de la Vieja, Guanacaste, Costa Rica";"";"118895.61";"0";"24";"0.0";"CLP";"2026-02-24"
"Costa Rica";"Rincón de la Vieja";"Tubing en el río Negro";"https://www.civitatis.com/es/rincon-de-la-vieja/tubing-rio-negro/";"Hacienda Guachipelin";"mercadeo@guachipelin.com";"26902900";"Rincón de la Vieja S.R.L | Parque Nacional Rincón de la Vieja, Guanacaste, Costa Rica";"";"72343.4";"0";"16";"0.0";"CLP";"2026-02-24"
"Costa Rica";"Rincón de la Vieja";"Barranquismo en el Rincón de la Vieja";"https://www.civitatis.com/es/rincon-de-la-vieja/barranquismo-rincon-vieja/";"Hacienda Guachipelin";"mercadeo@guachipelin.com";"26902900";"Rincón de la Vieja S.R.L | Parque Nacional Rincón de la Vieja, Guanacaste, Costa Rica";"";"72343.4";"0";"6";"0.0";"CLP";"2026-02-24"
"Costa Rica";"Rincón de la Vieja";"Tour en bicicleta de montaña por el Rincón de la Vieja";"https://www.civitatis.com/es/rincon-de-la-vieja/tour-bicicleta-montana-rincon-vieja/";"Hacienda Guachipelin";"mercadeo@guachipelin.com";"26902900";"Rincón de la Vieja S.R.L | Parque Nacional Rincón de la Vieja, Guanacaste, Costa Rica";"";"87799.83";"0";"0";"0.0";"CLP";"2026-02-24"
"Costa Rica";"Limón";"Tour por el Parque Nacional Tortuguero para cruceros";"https://www.civitatis.com/es/limon/tour-tortuguero-cruceros/";"Agencia De Viajes Paseos Naturales";"info@greenwaytours.com";"+50685302973";"AGENCIA DE VIAJES PASEO NATURALES CAMINO VERDE S.A | Montelimar de Guadalupe, de la Corte 950 norte y 75 oeste, San José, Costa Rica";"";"90543.58";"1";"11";"10.0";"CLP";"2026-02-24"
"Costa Rica";"Limón";"Tour por el Parque Nacional Cahuita para cruceros";"https://www.civitatis.com/es/limon/tour-parque-cahuita-cruceros/";"Agencia De Viajes Paseos Naturales";"info@greenwaytours.com";"+50685302973";"AGENCIA DE VIAJES PASEO NATURALES CAMINO VERDE S.A | Montelimar de Guadalupe, de la Corte 950 norte y 75 oeste, San José, Costa Rica";"";"86885.25";"0";"4";"0.0";"CLP";"2026-02-24"
"Costa Rica";"Pochote";"Avistamiento de cetáceos en Pochote";"https://www.civitatis.com/es/pochote/avistamiento-cetaceos-pochote/";"Raccoon Travels";"raccoontravels@hotmail.com";"89170776";"Raccoon Travels S.A | Main street 160 Pochote beach entrance 1 km, Puntarenas, Costa Rica";"";"68593.62";"0";"6";"0.0";"CLP";"2026-02-24"
"Costa Rica";"Pochote";"Tour del plancton luminiscente en Playa Muertos";"https://www.civitatis.com/es/pochote/tour-plancton-luminiscente-playa-muertos/";"Raccoon Travels";"raccoontravels@hotmail.com";"89170776";"Raccoon Travels S.A | Main street 160 Pochote beach entrance 1 km, Puntarenas, Costa Rica";"";"59447.8";"3";"23";"8.0";"CLP";"2026-02-24"
"Costa Rica";"Santa Ana";"Excursión al volcán Arenal + Aguas termales";"https://www.civitatis.com/es/santa-ana/volcan-arenal-aguas-termales/";"Expediciones Tropicales";"gsalas@expedicionestropicales.com";"+506 -2257-4171";"Expediciones Tropicales S.A. | Provincia: San José. Cantón: Central. Distrito: El Carmen. Dirección: Avenidas 11 y 13, Calle 3 Bis, Barrio Amón., San José, Costa Rica";"";"186025.9";"117";"1331";"9.1";"CLP";"2026-02-24"
"Costa Rica";"Santa Ana";"Excursión al Volcán Irazú, Valle de Orosi y Jardines Lankester";"https://www.civitatis.com/es/santa-ana/volcan-irazu-orosi-lankester/";"Expediciones Tropicales";"gsalas@expedicionestropicales.com";"+506 -2257-4171";"Expediciones Tropicales S.A. | Provincia: San José. Cantón: Central. Distrito: El Carmen. Dirección: Avenidas 11 y 13, Calle 3 Bis, Barrio Amón., San José, Costa Rica";"";"79577.74";"68";"555";"9.3";"CLP";"2026-02-24"
"Costa Rica";"Santa Ana";"Excursión a los Jardines de la catarata La Paz";"https://www.civitatis.com/es/santa-ana/excursion-catarata-paz/";"Expediciones Tropicales";"gsalas@expedicionestropicales.com";"+506 -2257-4171";"Expediciones Tropicales S.A. | Provincia: San José. Cantón: Central. Distrito: El Carmen. Dirección: Avenidas 11 y 13, Calle 3 Bis, Barrio Amón., San José, Costa Rica";"";"124017.26";"6";"108";"9.7";"CLP";"2026-02-24"
"Costa Rica";"Santa Ana";"Excursión a la Hacienda Doka, Grecia y Sarchí";"https://www.civitatis.com/es/santa-ana/excursion-doka-grecia-sarchi/";"Expediciones Tropicales";"gsalas@expedicionestropicales.com";"+506 -2257-4171";"Expediciones Tropicales S.A. | Provincia: San José. Cantón: Central. Distrito: El Carmen. Dirección: Avenidas 11 y 13, Calle 3 Bis, Barrio Amón., San José, Costa Rica";"";"91979.47";"14";"267";"8.6";"CLP";"2026-02-24"
"Costa Rica";"Santa Ana";"Visita guiada por San José";"https://www.civitatis.com/es/santa-ana/visita-guiada-san-jose/";"Expediciones Tropicales";"gsalas@expedicionestropicales.com";"+506 -2257-4171";"Expediciones Tropicales S.A. | Provincia: San José. Cantón: Central. Distrito: El Carmen. Dirección: Avenidas 11 y 13, Calle 3 Bis, Barrio Amón., San José, Costa Rica";"";"78654.02";"10";"144";"9.0";"CLP";"2026-02-24"
"Costa Rica";"Santa Ana";"Tour de aventura en Sarapiquí";"https://www.civitatis.com/es/santa-ana/tour-aventura-sarapiqui/";"Expediciones Tropicales";"gsalas@expedicionestropicales.com";"+506 -2257-4171";"Expediciones Tropicales S.A. | Provincia: San José. Cantón: Central. Distrito: El Carmen. Dirección: Avenidas 11 y 13, Calle 3 Bis, Barrio Amón., San José, Costa Rica";"";"160188.97";"2";"120";"10.0";"CLP";"2026-02-24"
"Costa Rica";"Tortuguero";"Tour en canoa por el Parque Nacional Tortuguero";"https://www.civitatis.com/es/tortuguero/tour-canoa-tortuguero/";"Tortuguero Agouti Tour";"corea.co.ci@gmail.com";"+506 72605417";"RUBIER BENLEY COREA | Tortuguero, Pococi limón, Costa Rica";"";"32010.35";"33";"431";"9.6";"CLP";"2026-02-24"
"Costa Rica";"Tortuguero";"Senderismo nocturno por Tortuguero";"https://www.civitatis.com/es/tortuguero/senderismo-nocturno-tortuguero/";"Jacob's Tours";"janduraysabola@yahoo.com";"+50671279747";"Jeiko Kenly Anduray Sambola | Boca Tortuguero, Limón, Pococí, Tortuguero,limón,pococí, Costa Rica";"";"29266.61";"6";"161";"9.3";"CLP";"2026-02-24"
"Costa Rica";"Tortuguero";"Tour en lancha por el Parque Nacional Tortuguero";"https://www.civitatis.com/es/tortuguero/tour-lancha-tortuguero/";"Don Chico Tours";"donchicotours@gmail.com";"+506 7096-9065";"LUIS MANUEL TORRES ALFARO | Limón, Pococi, Tortuguero, Limón Province, Limon, Costa Rica, Costa Rica";"";"45729.08";"3";"28";"10.0";"CLP";"2026-02-24"
"Costa Rica";"Tortuguero";"Senderismo por el Cerro Tortuguero";"https://www.civitatis.com/es/tortuguero/senderismo-cerro-tortuguero/";"Don Chico Tours";"donchicotours@gmail.com";"+506 7096-9065";"LUIS MANUEL TORRES ALFARO | Limón, Pococi, Tortuguero, Limón Province, Limon, Costa Rica, Costa Rica";"";"36821.05";"4";"34";"10.0";"CLP";"2026-02-24"
"Costa Rica";"Tortuguero";"Senderismo por el Parque Nacional Tortuguero";"https://www.civitatis.com/es/tortuguero/senderismo-tortuguero/";"Jacob's Tours";"janduraysabola@yahoo.com";"+50671279747";"Jeiko Kenly Anduray Sambola | Boca Tortuguero, Limón, Pococí, Tortuguero,limón,pococí, Costa Rica";"";"29266.61";"0";"26";"0.0";"CLP";"2026-02-24"
"Costa Rica";"Tortuguero";"Tour de 2 o 3 días por el Parque Nacional Tortuguero";"https://www.civitatis.com/es/tortuguero/tour-2-3-dias-tortuguero/";"Laguna Lodge Tortuguero";"ventas3@lagunatortuguero.com";"+506 8340 4907";"Kupia Kumi del Tortuguero SA | San Pedro, Barrio Dent., San José, Costa Rica";"";"226047.99";"9";"94";"5.8";"CLP";"2026-02-24"
"Costa Rica";"Tortuguero";"Tour en kayak por el Parque Nacional Tortuguero";"https://www.civitatis.com/es/tortuguero/tour-kayak-tortuguero/";"Jacob's Tours";"janduraysabola@yahoo.com";"+50671279747";"Jeiko Kenly Anduray Sambola | Boca Tortuguero, Limón, Pococí, Tortuguero,limón,pococí, Costa Rica";"";"41156.17";"0";"18";"0.0";"CLP";"2026-02-24"
"Costa Rica";"Tortuguero";"Avistamiento nocturno de tortugas marinas";"https://www.civitatis.com/es/tortuguero/avistamiento-nocturno-tortugas-marinas/";"Don Chico Tours";"donchicotours@gmail.com";"+506 7096-9065";"LUIS MANUEL TORRES ALFARO | Limón, Pococi, Tortuguero, Limón Province, Limon, Costa Rica, Costa Rica";"";"25608.28";"17";"195";"9.3";"CLP";"2026-02-24"
"Costa Rica";"Alajuela ";"Volcán Poás, Catarata de La Paz y finca de café";"https://www.civitatis.com/es/alajuela/volcan-poas-catarata-paz-finca-starbucks/";"Costa Rica Itinerary";"costaricaitinerary@gmail.com";"+506 60182280";"Transposiciónes de Turismo y Tecnología para Costa Rica TTTCR S.A | 150 metros oeste de la guardia rural de Río Segundo de Alajuela, Alajuela , Costa Rica";"";"127126.84";"213";"4055";"8.8";"CLP";"2026-02-24"
"Costa Rica";"Alajuela ";"Volcán Poás, Catarata de La Paz y finca de café";"https://www.civitatis.com/es/alajuela/volcan-poas-catarata-paz-finca-starbucks/";"Expediciones Tropicales";"gsalas@expedicionestropicales.com";"+506 -2257-4171";"Expediciones Tropicales S.A. | Provincia: San José. Cantón: Central. Distrito: El Carmen. Dirección: Avenidas 11 y 13, Calle 3 Bis, Barrio Amón., San José, Costa Rica";"";"127126.84";"213";"4055";"8.8";"CLP";"2026-02-24"
"Costa Rica";"Alajuela ";"Excursión al volcán Arenal + Aguas termales";"https://www.civitatis.com/es/alajuela/volcan-arenal-aguas-termales/";"Expediciones Tropicales";"gsalas@expedicionestropicales.com";"+506 -2257-4171";"Expediciones Tropicales S.A. | Provincia: San José. Cantón: Central. Distrito: El Carmen. Dirección: Avenidas 11 y 13, Calle 3 Bis, Barrio Amón., San José, Costa Rica";"";"186025.9";"117";"1331";"9.1";"CLP";"2026-02-24"
"Costa Rica";"Alajuela ";"Excursión al Volcán Irazú, Valle de Orosi y Jardines Lankester";"https://www.civitatis.com/es/alajuela/volcan-irazu-orosi-lankester/";"Expediciones Tropicales";"gsalas@expedicionestropicales.com";"+506 -2257-4171";"Expediciones Tropicales S.A. | Provincia: San José. Cantón: Central. Distrito: El Carmen. Dirección: Avenidas 11 y 13, Calle 3 Bis, Barrio Amón., San José, Costa Rica";"";"79577.74";"68";"555";"9.3";"CLP";"2026-02-24"
"Costa Rica";"Alajuela ";"Excursión a los Jardines de la catarata La Paz";"https://www.civitatis.com/es/alajuela/excursion-catarata-paz/";"Expediciones Tropicales";"gsalas@expedicionestropicales.com";"+506 -2257-4171";"Expediciones Tropicales S.A. | Provincia: San José. Cantón: Central. Distrito: El Carmen. Dirección: Avenidas 11 y 13, Calle 3 Bis, Barrio Amón., San José, Costa Rica";"";"124017.26";"6";"108";"9.7";"CLP";"2026-02-24"
"Costa Rica";"Alajuela ";"Excursión a la Hacienda Doka, Grecia y Sarchí";"https://www.civitatis.com/es/alajuela/excursion-doka-grecia-sarchi/";"Expediciones Tropicales";"gsalas@expedicionestropicales.com";"+506 -2257-4171";"Expediciones Tropicales S.A. | Provincia: San José. Cantón: Central. Distrito: El Carmen. Dirección: Avenidas 11 y 13, Calle 3 Bis, Barrio Amón., San José, Costa Rica";"";"91979.47";"14";"267";"8.6";"CLP";"2026-02-24"
"Costa Rica";"Alajuela ";"Tour panorámico por San José";"https://www.civitatis.com/es/alajuela/tour-panoramico-san-jose/";"Vip City Bus S.a";"Info.reservations@vipcitybus.com";"506 2282-0240";"Vip City Bus S.A | Pozos de Santa Ana, San José, Costa Rica";"";"74995.69";"75";"1217";"8.2";"CLP";"2026-02-24"
"Costa Rica";"Alajuela ";"Catarata La Paz, río Celeste y aguas termales";"https://www.civitatis.com/es/alajuela/catarata-paz-rio-celeste-aguas-termales/";"Costa Rica Itinerary";"costaricaitinerary@gmail.com";"+506 60182280";"Transposiciónes de Turismo y Tecnología para Costa Rica TTTCR S.A | 150 metros oeste de la guardia rural de Río Segundo de Alajuela, Alajuela , Costa Rica";"";"132614.33";"17";"394";"7.5";"CLP";"2026-02-24"
"Costa Rica";"Alajuela ";"Visita guiada por San José";"https://www.civitatis.com/es/alajuela/visita-guiada-san-jose/";"Expediciones Tropicales";"gsalas@expedicionestropicales.com";"+506 -2257-4171";"Expediciones Tropicales S.A. | Provincia: San José. Cantón: Central. Distrito: El Carmen. Dirección: Avenidas 11 y 13, Calle 3 Bis, Barrio Amón., San José, Costa Rica";"";"78654.02";"10";"144";"9.0";"CLP";"2026-02-24"
"Costa Rica";"Alajuela ";"Tour de aventura en Sarapiquí";"https://www.civitatis.com/es/alajuela/tour-aventura-sarapiqui/";"Expediciones Tropicales";"gsalas@expedicionestropicales.com";"+506 -2257-4171";"Expediciones Tropicales S.A. | Provincia: San José. Cantón: Central. Distrito: El Carmen. Dirección: Avenidas 11 y 13, Calle 3 Bis, Barrio Amón., San José, Costa Rica";"";"160188.97";"2";"120";"10.0";"CLP";"2026-02-24"
"Costa Rica";"Alajuela ";"Excursión a los puentes colgantes de Monteverde";"https://www.civitatis.com/es/alajuela/excursion-puentes-colgantes-monteverde-serpentario/";"Costa Rica Itinerary";"costaricaitinerary@gmail.com";"+506 60182280";"Transposiciónes de Turismo y Tecnología para Costa Rica TTTCR S.A | 150 metros oeste de la guardia rural de Río Segundo de Alajuela, Alajuela , Costa Rica";"";"136272.66";"6";"314";"6.0";"CLP";"2026-02-24"
"Costa Rica";"Alajuela ";"Excursión a los volcanes Turrialba e Irazú";"https://www.civitatis.com/es/alajuela/excursion-volcanes-turriabla-irazu/";"Costa Rica Itinerary";"costaricaitinerary@gmail.com";"+506 60182280";"Transposiciónes de Turismo y Tecnología para Costa Rica TTTCR S.A | 150 metros oeste de la guardia rural de Río Segundo de Alajuela, Alajuela , Costa Rica";"";"88988.79";"6";"81";"5.7";"CLP";"2026-02-24"
"Costa Rica";"Alajuela ";"Visita a la Hacienda Doka";"https://www.civitatis.com/es/alajuela/visita-hacienda-doka/";"Hacienda Doka";"lujimenez@haciendadoka.com";"88908957";"Caficultora Hacienda Doka, S.A. | San Luis Sabanilla, Alajuela , Costa Rica";"";"25608.28";"0";"0";"0.0";"CLP";"2026-02-24"
"Costa Rica";"Cartago";"Free tour por Cartago";"https://www.civitatis.com/es/cartago-costa-rica/free-tour-cartago/";"Free Tour San Jose Y Cartago";"andycordero@gmail.com";"72065273";"Andy Cordero Vega | urbanizacion terranova casa h4, de la entrada principal la cuarta entrada a mano izquierda, a la par de la pulperia la rosita, Dulce Nombre, Costa Rica";"";"0.0";"0";"4";"0.0";"CLP";"2026-02-24"
"Costa Rica";"Cartago";"Excursión a los volcanes Turrialba e Irazú";"https://www.civitatis.com/es/cartago-costa-rica/excursion-volcanes-turriabla-irazu/";"Costa Rica Itinerary";"costaricaitinerary@gmail.com";"+506 60182280";"Transposiciónes de Turismo y Tecnología para Costa Rica TTTCR S.A | 150 metros oeste de la guardia rural de Río Segundo de Alajuela, Alajuela , Costa Rica";"";"88988.79";"6";"81";"5.7";"CLP";"2026-02-24"
"Costa Rica";"Heredia";"Tour del café en la finca Britt";"https://www.civitatis.com/es/heredia/tour-cafe-finca-britt/";"Britt Coffee Tour";"coffeetour@britt.com";"60141600";"CAFE BRITT COSTA RICA S.A | Britt Coffee Tour, Mercedes Norte 450 metros oeste y 300 metros norte del auto mercado, Heredia, Costa Rica";"";"27437.44";"0";"2";"0.0";"CLP";"2026-02-24"
"Costa Rica";"Heredia";"Volcán Poás, Catarata de La Paz y finca de café";"https://www.civitatis.com/es/heredia/volcan-poas-catarata-paz-finca-starbucks/";"Costa Rica Itinerary";"costaricaitinerary@gmail.com";"+506 60182280";"Transposiciónes de Turismo y Tecnología para Costa Rica TTTCR S.A | 150 metros oeste de la guardia rural de Río Segundo de Alajuela, Alajuela , Costa Rica";"";"127126.84";"213";"4055";"8.8";"CLP";"2026-02-24"
"Costa Rica";"Heredia";"Volcán Poás, Catarata de La Paz y finca de café";"https://www.civitatis.com/es/heredia/volcan-poas-catarata-paz-finca-starbucks/";"Expediciones Tropicales";"gsalas@expedicionestropicales.com";"+506 -2257-4171";"Expediciones Tropicales S.A. | Provincia: San José. Cantón: Central. Distrito: El Carmen. Dirección: Avenidas 11 y 13, Calle 3 Bis, Barrio Amón., San José, Costa Rica";"";"127126.84";"213";"4055";"8.8";"CLP";"2026-02-24"
"Costa Rica";"Heredia";"Excursión al volcán Arenal + Aguas termales";"https://www.civitatis.com/es/heredia/volcan-arenal-aguas-termales/";"Expediciones Tropicales";"gsalas@expedicionestropicales.com";"+506 -2257-4171";"Expediciones Tropicales S.A. | Provincia: San José. Cantón: Central. Distrito: El Carmen. Dirección: Avenidas 11 y 13, Calle 3 Bis, Barrio Amón., San José, Costa Rica";"";"186025.9";"117";"1331";"9.1";"CLP";"2026-02-24"
"Costa Rica";"Heredia";"Excursión al Volcán Irazú, Valle de Orosi y Jardines Lankester";"https://www.civitatis.com/es/heredia/volcan-irazu-orosi-lankester/";"Expediciones Tropicales";"gsalas@expedicionestropicales.com";"+506 -2257-4171";"Expediciones Tropicales S.A. | Provincia: San José. Cantón: Central. Distrito: El Carmen. Dirección: Avenidas 11 y 13, Calle 3 Bis, Barrio Amón., San José, Costa Rica";"";"79577.74";"68";"555";"9.3";"CLP";"2026-02-24"
"Costa Rica";"Heredia";"Excursión a los Jardines de la catarata La Paz";"https://www.civitatis.com/es/heredia/excursion-catarata-paz/";"Expediciones Tropicales";"gsalas@expedicionestropicales.com";"+506 -2257-4171";"Expediciones Tropicales S.A. | Provincia: San José. Cantón: Central. Distrito: El Carmen. Dirección: Avenidas 11 y 13, Calle 3 Bis, Barrio Amón., San José, Costa Rica";"";"124017.26";"6";"108";"9.7";"CLP";"2026-02-24"
"Costa Rica";"Heredia";"Excursión a la Hacienda Doka, Grecia y Sarchí";"https://www.civitatis.com/es/heredia/excursion-doka-grecia-sarchi/";"Expediciones Tropicales";"gsalas@expedicionestropicales.com";"+506 -2257-4171";"Expediciones Tropicales S.A. | Provincia: San José. Cantón: Central. Distrito: El Carmen. Dirección: Avenidas 11 y 13, Calle 3 Bis, Barrio Amón., San José, Costa Rica";"";"91979.47";"14";"267";"8.6";"CLP";"2026-02-24"
"Costa Rica";"Heredia";"Visita guiada por San José";"https://www.civitatis.com/es/heredia/visita-guiada-san-jose/";"Expediciones Tropicales";"gsalas@expedicionestropicales.com";"+506 -2257-4171";"Expediciones Tropicales S.A. | Provincia: San José. Cantón: Central. Distrito: El Carmen. Dirección: Avenidas 11 y 13, Calle 3 Bis, Barrio Amón., San José, Costa Rica";"";"78654.02";"10";"144";"9.0";"CLP";"2026-02-24"
"Costa Rica";"Heredia";"Tour de aventura en Sarapiquí";"https://www.civitatis.com/es/heredia/tour-aventura-sarapiqui/";"Expediciones Tropicales";"gsalas@expedicionestropicales.com";"+506 -2257-4171";"Expediciones Tropicales S.A. | Provincia: San José. Cantón: Central. Distrito: El Carmen. Dirección: Avenidas 11 y 13, Calle 3 Bis, Barrio Amón., San José, Costa Rica";"";"160188.97";"2";"120";"10.0";"CLP";"2026-02-24"
"Costa Rica";"Heredia";"Excursión a los puentes colgantes de Monteverde";"https://www.civitatis.com/es/heredia/excursion-puentes-colgantes-monteverde-serpentario/";"Costa Rica Itinerary";"costaricaitinerary@gmail.com";"+506 60182280";"Transposiciónes de Turismo y Tecnología para Costa Rica TTTCR S.A | 150 metros oeste de la guardia rural de Río Segundo de Alajuela, Alajuela , Costa Rica";"";"136272.66";"6";"314";"6.0";"CLP";"2026-02-24"
"Costa Rica";"Heredia";"Excursión a los volcanes Turrialba e Irazú";"https://www.civitatis.com/es/heredia/excursion-volcanes-turriabla-irazu/";"Costa Rica Itinerary";"costaricaitinerary@gmail.com";"+506 60182280";"Transposiciónes de Turismo y Tecnología para Costa Rica TTTCR S.A | 150 metros oeste de la guardia rural de Río Segundo de Alajuela, Alajuela , Costa Rica";"";"88988.79";"6";"81";"5.7";"CLP";"2026-02-24"
"Costa Rica";"Tárcoles";"Safari de cocodrilos en la selva tropical";"https://www.civitatis.com/es/tarcoles/safari-cocodrilos-selva-tropical/";"Jungle Crocodile Safari";"info@junglecrocodilesafari.com";"89935348";"Inversiones Turisticas de Centroamerica S.A. | 2 km al Norte, Camino a Playa Azul, Oficinas de Jungle Crocodile Safari, a mano derecha, Portón de Color Verde, Tárcoles, Costa Rica";"";"36583.26";"2";"66";"9.0";"CLP";"2026-02-24"
"Costa Rica";"Tárcoles";"Senderismo por el Parque Nacional Carara";"https://www.civitatis.com/es/tarcoles/senderismo-parque-nacional-carara/";"G&r Adventures";"adventuresgyr@gmail.com";"86598823";"Geovanna Pizarro Lopez | Riojalandia 1 Casa 360, Puntarenas, Costa Rica";"";"45729.08";"0";"0";"0.0";"CLP";"2026-02-24"
"Costa Rica";"Nosara";"Paseo en barco por Nosara";"https://www.civitatis.com/es/nosara/paseo-barco-nosara/";"Pacific Dream";"jurispeca9@gmail.com";"+50686270139";"Catamaran Experience PD SRL | 300 metros este de la soda Pérez Ferco barco quebrado, Nosara, Costa Rica";"";"114322.7";"0";"0";"0.0";"CLP";"2026-02-24"
"Costa Rica";"Turrialba";"Rafting en el río Pacuare";"https://www.civitatis.com/es/turrialba/rafting-rio-pacuare/";"Ecoaventuras";"info.ecoaventuras.cr@gmail.com";"88683938";"Marco Tulio mendez Aguero | Turrialba, LIBERIA, Costa Rica";"";"86885.25";"0";"26";"0.0";"CLP";"2026-02-24"
"Costa Rica";"Turrialba";"Rápel en el cañón El Silencio";"https://www.civitatis.com/es/turrialba/rapel-canon-silencio/";"Pure Canyoning Costa Rica";"purecanyoningcr@gmail.com";"86366211";"Enrique Fabian Salazar Diaz | Barrio Jorge Debravo, Turrialba, Cartago., Turrialba, Costa Rica";"";"91229.51";"1";"3";"10.0";"CLP";"2026-02-24"
"Costa Rica";"Puerto Viejo de Talamanca";"Tirolina en Limón";"https://www.civitatis.com/es/puerto-viejo-de-talamanca/tirolina-limon/";"Nativo Adventures";"info@nativo.cr";"+506 88104297";"CAPITALES ECOTURISTICOS DE AVENTURA SOCIEDAD ANONIMA | 2 km sur de la escuela de Carbón 1, Hone Creek, Limón, Puerto Viejo de Talamanca, Costa Rica";"";"62191.55";"4";"14";"10.0";"CLP";"2026-02-24"
"Costa Rica";"Puerto Viejo de Talamanca";"Tour gastronómico por Puerto Viejo";"https://www.civitatis.com/es/puerto-viejo-de-talamanca/tour-gastronomico-puerto-viejo/";"Wolaba Walking Tours";"info@wolabawalkingtours.com";"+506 8922 1086";"Ana Catalina Jimenez | Puerto Viejo de Talamanca, Limon, Costa Rica, Puerto Viejo, Costa Rica";"";"77739.43";"0";"0";"0.0";"CLP";"2026-02-24"
"Costa Rica";"Puerto Viejo de Talamanca";"Tirolina y rápel en el Puerto Viejo de Limón";"https://www.civitatis.com/es/puerto-viejo-de-talamanca/tirolina-rapel-limon/";"Nativo Adventures";"info@nativo.cr";"+506 88104297";"CAPITALES ECOTURISTICOS DE AVENTURA SOCIEDAD ANONIMA | 2 km sur de la escuela de Carbón 1, Hone Creek, Limón, Puerto Viejo de Talamanca, Costa Rica";"";"77739.43";"0";"5";"0.0";"CLP";"2026-02-24"
"Costa Rica";"Tambor";"Tour en quad por Tambor + Tirolina";"https://www.civitatis.com/es/tambor/tour-quad-tirolina-tambor/";"Pura Vida Expeditions";"puravidaexpeditionscr@gmail.com";"6824593366";"Pura Vida Expeditions SA | 1209 BLACKHAWK RD, BURLESON, Costa Rica";"";"178343.41";"0";"1";"0.0";"CLP";"2026-02-24"
"Costa Rica";"Tambor";"Experiencia privada de pesca en Tambor";"https://www.civitatis.com/es/tambor/pesca-tambor/";"Pura Vida Expeditions";"puravidaexpeditionscr@gmail.com";"6824593366";"Pura Vida Expeditions SA | 1209 BLACKHAWK RD, BURLESON, Costa Rica";"";"548748.97";"0";"0";"0.0";"CLP";"2026-02-24"
