"pais";"destino";"actividad";"url_actividad";"operador";"email";"telefono";"direccion";"descripcion";"precio_real";"opiniones";"viajeros";"rating";"moneda";"fecha_scan"
"Grecia";"Atenas";"Visita guiada por la Acrópolis";"https://www.civitatis.com/es/atenas/visita-guiada-acropolis/";"Key Tours S.a.";"reservations@keytours.gr";"+30 210 9233 166";"Key Tours S.A. | 26 Ath.Diakou Str, Atenas, Grecia";"";"26943.11";"3355";"103040";"8.7";"CLP";"2026-02-24"
"Grecia";"Atenas";"Visita guiada por la Acrópolis";"https://www.civitatis.com/es/atenas/visita-guiada-acropolis/";"Secrets Of Greece";"juan@secretsofgreece.tours";"+34 695 24 01 52";"SECRETS OF GREECE | robert kennedy 20, Atenas, Grecia";"";"26943.11";"3355";"103040";"8.7";"CLP";"2026-02-24"
"Grecia";"Atenas";"Visita guiada por la Acrópolis";"https://www.civitatis.com/es/atenas/visita-guiada-acropolis/";"Greca Viajes";"excursiones@greca.co";"+302155352642";"Greca Travel Single Member P.C | El. Venizelou 140, Atenas, Grecia";"";"26943.11";"3355";"103040";"8.7";"CLP";"2026-02-24"
"Grecia";"Atenas";"Excursión a Meteora";"https://www.civitatis.com/es/atenas/excursion-meteora-tren/";"Meteora Thrones - Travel Center";"info@meteoratour.com";"2432078455";"METEORA MARKETING ENTERPRISE SMPC | TRIKALON 28, KALABAKA, Grecia";"";"78760.12";"1177";"11218";"8.6";"CLP";"2026-02-24"
"Grecia";"Atenas";"Excursión a Delfos";"https://www.civitatis.com/es/atenas/excursion-delfos/";"Key Tours S.a.";"reservations@keytours.gr";"+30 210 9233 166";"Key Tours S.A. | 26 Ath.Diakou Str, Atenas, Grecia";"";"32331.74";"2361";"17268";"8.9";"CLP";"2026-02-24"
"Grecia";"Atenas";"Free tour por Atenas";"https://www.civitatis.com/es/atenas/free-tour-atenas/";"Paseando Por Europa (Atenas)";"info@paseandoporeuropa.com";"+34 928 924 017";"Paseando por Europa S.L | C/ Buenos  Aires, 3, Las Palmas de Gran Canarias, España";"";"0.0";"18060";"781333";"8.4";"CLP";"2026-02-24"
"Grecia";"Atenas";"Free tour por Atenas";"https://www.civitatis.com/es/atenas/free-tour-atenas/";"Free Walking Tour Athens";"fwtathens@gmail.com";"+30 690 909 6363";"CARACOL TRADING S.A.C. | JR.M. ORBEGOSO N.271,  Lima, Perú";"";"0.0";"18060";"781333";"8.4";"CLP";"2026-02-24"
"Grecia";"Atenas";"Free tour por Atenas";"https://www.civitatis.com/es/atenas/free-tour-atenas/";"Athens #1 Free Tours";"athens1freetour@gmail.com";"+30 6976431293";"SUPPA ALESSANDRO | Gennadiou 9, Atenas, Grecia";"";"0.0";"18060";"781333";"8.4";"CLP";"2026-02-24"
"Grecia";"Atenas";"Excursión a Corinto, Micenas, Nauplia y Epidauro";"https://www.civitatis.com/es/atenas/excursion-corinto-micenas-epidauro/";"Key Tours S.a.";"reservations@keytours.gr";"+30 210 9233 166";"Key Tours S.A. | 26 Ath.Diakou Str, Atenas, Grecia";"";"32331.74";"1392";"10165";"8.9";"CLP";"2026-02-24"
"Grecia";"Atenas";"Crucero a Hidra, Poros y Egina";"https://www.civitatis.com/es/atenas/crucero-hidra-poros-egina/";"Platinum Cruises";"a.dritsa@athensdaycruise.gr";"+30 2111866406";"Platinum Cruises Maritime Company | 63, Agiou Georgiou str., Neo Psychico, Grecia";"";"140104.21";"1251";"12948";"7.2";"CLP";"2026-02-24"
"Grecia";"Atenas";"Traslados en Atenas";"https://www.civitatis.com/es/atenas/traslados/";"No especificado / Único";"N/A";"N/A";"N/A";"";"36103.77";"7875";"112028";"9.5";"CLP";"2026-02-24"
"Grecia";"Atenas";"Tour por la Atenas antigua + Acrópolis";"https://www.civitatis.com/es/atenas/tour-atenas-antigua-acropolis/";"Key Tours S.a.";"reservations@keytours.gr";"+30 210 9233 166";"Key Tours S.A. | 26 Ath.Diakou Str, Atenas, Grecia";"";"49575.33";"821";"17971";"8.6";"CLP";"2026-02-24"
"Grecia";"Atenas";"Tour por la Atenas antigua + Acrópolis";"https://www.civitatis.com/es/atenas/tour-atenas-antigua-acropolis/";"Secrets Of Greece";"juan@secretsofgreece.tours";"+34 695 24 01 52";"SECRETS OF GREECE | robert kennedy 20, Atenas, Grecia";"";"49575.33";"821";"17971";"8.6";"CLP";"2026-02-24"
"Grecia";"Atenas";"Circuito clásico de 4 días";"https://www.civitatis.com/es/atenas/circuito-grecia-4-dias/";"Key Tours S.a.";"reservations@keytours.gr";"+30 210 9233 166";"Key Tours S.A. | 26 Ath.Diakou Str, Atenas, Grecia";"";"689743.8";"314";"2625";"8.7";"CLP";"2026-02-24"
"Grecia";"Atenas";"Tour por Atenas + Acrópolis y su Museo";"https://www.civitatis.com/es/atenas/visita-guiada-atenas-completa/";"Key Tours S.a.";"reservations@keytours.gr";"+30 210 9233 166";"Key Tours S.A. | 26 Ath.Diakou Str, Atenas, Grecia";"";"122860.61";"2433";"21777";"9.0";"CLP";"2026-02-24"
"Grecia";"Atenas";"Autobús turístico al Cabo Sunión";"https://www.civitatis.com/es/atenas/autobus-turistico-cabo-sunion/";"Sights Of Athens";"info@sightsofathens.gr";"00302104176144";"Open Top Bus Hellas Ltd | Akti Miaouli 81 Piraeus, Piraeus, Grecia";"";"20821.64";"996";"9126";"7.9";"CLP";"2026-02-24"
"Grecia";"Atenas";"Visita guiada por la Acrópolis y el Ágora";"https://www.civitatis.com/es/atenas/visita-guiada-acropolis-agora/";"Key Tours S.a.";"reservations@keytours.gr";"+30 210 9233 166";"Key Tours S.A. | 26 Ath.Diakou Str, Atenas, Grecia";"";"65741.2";"357";"7250";"8.9";"CLP";"2026-02-24"
"Grecia";"Atenas";"Visita guiada por la Acrópolis y el Ágora";"https://www.civitatis.com/es/atenas/visita-guiada-acropolis-agora/";"Secrets Of Greece";"juan@secretsofgreece.tours";"+34 695 24 01 52";"SECRETS OF GREECE | robert kennedy 20, Atenas, Grecia";"";"65741.2";"357";"7250";"8.9";"CLP";"2026-02-24"
"Grecia";"Atenas";"Free tour mitológico por Atenas";"https://www.civitatis.com/es/atenas/free-tour-mitologico/";"Paseando Por Europa (Atenas)";"info@paseandoporeuropa.com";"+34 928 924 017";"Paseando por Europa S.L | C/ Buenos  Aires, 3, Las Palmas de Gran Canarias, España";"";"0.0";"2969";"136873";"9.3";"CLP";"2026-02-24"
"Grecia";"Atenas";"Free tour mitológico por Atenas";"https://www.civitatis.com/es/atenas/free-tour-mitologico/";"Free Walking Tour Athens";"fwtathens@gmail.com";"+30 690 909 6363";"CARACOL TRADING S.A.C. | JR.M. ORBEGOSO N.271,  Lima, Perú";"";"0.0";"2969";"136873";"9.3";"CLP";"2026-02-24"
"Grecia";"Atenas";"Excursión de 2 días a Delfos y Meteora";"https://www.civitatis.com/es/atenas/excursion-delfos-meteora/";"Key Tours S.a.";"reservations@keytours.gr";"+30 210 9233 166";"Key Tours S.A. | 26 Ath.Diakou Str, Atenas, Grecia";"";"274819.79";"614";"5130";"8.4";"CLP";"2026-02-24"
"Grecia";"Atenas";"Tour nocturno por Atenas";"https://www.civitatis.com/es/atenas/tour-nocturno-atenas/";"Paseando Por Europa (Atenas)";"info@paseandoporeuropa.com";"+34 928 924 017";"Paseando por Europa S.L | C/ Buenos  Aires, 3, Las Palmas de Gran Canarias, España";"";"12932.69";"189";"2367";"8.7";"CLP";"2026-02-24"
"Grecia";"Atenas";"Tour de la filosofía griega por Atenas";"https://www.civitatis.com/es/atenas/tour-filosofia-griega-atenas/";"Secrets Of Greece";"juan@secretsofgreece.tours";"+34 695 24 01 52";"SECRETS OF GREECE | robert kennedy 20, Atenas, Grecia";"";"31254.01";"331";"2790";"9.8";"CLP";"2026-02-24"
"Grecia";"Atenas";"Entrada a la Acrópolis de Atenas";"https://www.civitatis.com/es/atenas/entrada-acropolis-atenas/";"Key Tours S.a.";"reservations@keytours.gr";"+30 210 9233 166";"Key Tours S.A. | 26 Ath.Diakou Str, Atenas, Grecia";"";"42031.26";"1729";"30979";"8.5";"CLP";"2026-02-24"
"Grecia";"Atenas";"Tour nocturno por Plaka y Monastiraki";"https://www.civitatis.com/es/atenas/paseo-nocturno-atenas/";"Greca Viajes";"excursiones@greca.co";"+302155352642";"Greca Travel Single Member P.C | El. Venizelou 140, Atenas, Grecia";"";"32331.74";"990";"8498";"9.1";"CLP";"2026-02-24"
"Grecia";"Atenas";"Circuito clásico de 3 días";"https://www.civitatis.com/es/atenas/circuito-grecia-3-dias/";"Key Tours S.a.";"reservations@keytours.gr";"+30 210 9233 166";"Key Tours S.A. | 26 Ath.Diakou Str, Atenas, Grecia";"";"474198.86";"131";"1153";"9.2";"CLP";"2026-02-24"
"Grecia";"Atenas";"Autobús turístico de Atenas, Big Bus";"https://www.civitatis.com/es/atenas/autobus-turistico-atenas-big-bus/";"Big Bus Tours Eur";"info@bigbustours.com";"+33 01 53 953 953";"Big Bus Tours Ltd | 5th Floor, 110 Buckingham Palace Road, Londres, Reino Unido";"";"24787.66";"27";"624";"8.1";"CLP";"2026-02-24"
"Grecia";"Atenas";"Excursión privada desde Atenas";"https://www.civitatis.com/es/atenas/excursion-privada-atenas/";"Key Tours S.a.";"reservations@keytours.gr";"+30 210 9233 166";"Key Tours S.A. | 26 Ath.Diakou Str, Atenas, Grecia";"";"781350.4";"15";"696";"8.9";"CLP";"2026-02-24"
"Grecia";"Atenas";"Entrada al Templo de Zeus Olímpico";"https://www.civitatis.com/es/atenas/entrada-templo-zeus-olimpico/";"Key Tours S.a.";"reservations@keytours.gr";"+30 210 9233 166";"Key Tours S.A. | 26 Ath.Diakou Str, Atenas, Grecia";"";"28020.84";"16";"377";"6.0";"CLP";"2026-02-24"
"Grecia";"Atenas";"Entrada al Museo de Tecnología de la Antigua Grecia";"https://www.civitatis.com/es/atenas/entrada-museo-tecnologia-antigua-grecia/";"Kotsanas Museum Of Ancient Greek Technology";"papastergiou@kotsanas.com";"00306979310875";"Kotsanas Museum of Ancient Greek Technology | 6 Pindarou Str., Atenas, Grecia";"";"7544.07";"28";"404";"9.1";"CLP";"2026-02-24"
"Grecia";"Atenas";"Excursión a Santorini de 3 días";"https://www.civitatis.com/es/atenas/escapada-santorini/";"Greca Viajes";"excursiones@greca.co";"+302155352642";"Greca Travel Single Member P.C | El. Venizelou 140, Atenas, Grecia";"";"697287.88";"16";"218";"7.5";"CLP";"2026-02-24"
"Grecia";"Atenas";"Tour de los misterios y leyendas de Atenas";"https://www.civitatis.com/es/atenas/tour-misterios-leyendas-atenas/";"Secrets Of Greece";"juan@secretsofgreece.tours";"+34 695 24 01 52";"SECRETS OF GREECE | robert kennedy 20, Atenas, Grecia";"";"21554.49";"18";"137";"9.2";"CLP";"2026-02-24"
"Grecia";"Atenas";"Entrada al Museo Olímpico de Atenas";"https://www.civitatis.com/es/atenas/entrada-museo-olimpico-atenas/";"Clio Muse Tours";"bookings@cliomusetours.com";"+302103006256";"Clio Muse Tours | Evripidou 14, 1st floor, Atenas, Grecia";"";"9699.52";"6";"74";"6.0";"CLP";"2026-02-24"
"Grecia";"Atenas";"Ferry entre Atenas y Santorini";"https://www.civitatis.com/es/atenas/ferry-atenas-santorini/";"Ferryhopper";"t.saralegui@ferryhopper.com";"+30 21 1198 3159";"Ferryhopper SA | Thessalonikis 147 Moschato, Atenas, Grecia";"";"107934.12";"0";"16";"0.0";"CLP";"2026-02-24"
"Grecia";"Atenas";"Entrada al Museo de la Cultura Moderna Griega";"https://www.civitatis.com/es/atenas/entrada-museo-cultura-moderna-griega/";"Key Tours S.a.";"reservations@keytours.gr";"+30 210 9233 166";"Key Tours S.A. | 26 Ath.Diakou Str, Atenas, Grecia";"";"20476.76";"1";"6";"8.0";"CLP";"2026-02-24"
"Grecia";"Atenas";"Tour de Atenas, la Acrópolis y Plaka para cruceros";"https://www.civitatis.com/es/atenas/tour-atenas-para-cruceros/";"Secrets Of Greece";"juan@secretsofgreece.tours";"+34 695 24 01 52";"SECRETS OF GREECE | robert kennedy 20, Atenas, Grecia";"";"95917.49";"302";"6384";"8.2";"CLP";"2026-02-24"
"Grecia";"Atenas";"Crucero por Agistri, Metopi y Egina con comida";"https://www.civitatis.com/es/atenas/crucero-agistri-metopi-perdika/";"Platinum Cruises";"a.dritsa@athensdaycruise.gr";"+30 2111866406";"Platinum Cruises Maritime Company | 63, Agiou Georgiou str., Neo Psychico, Grecia";"";"95917.49";"377";"3572";"8.5";"CLP";"2026-02-24"
"Grecia";"Atenas";"Crucero por Agistri, Moni y Aegina";"https://www.civitatis.com/es/atenas/crucero-agistri-moni-aegina/";"Cruise In Athens";"info@cruiseinathens.com";"+30 6984922197";"Cruise in Athens EE | Sotiros Dios 7, Pireaus, Grecia";"";"150881.45";"135";"3022";"9.5";"CLP";"2026-02-24"
"Grecia";"Atenas";"Excursión a Mykonos";"https://www.civitatis.com/es/atenas/excursion-mykonos/";"Georgios Ioan. Mavrogiannakis";"info@dailytoursfromathens.com";"+302105234992";"Georgios Ioannis. Mavrogiannakis | Plateia Omonoias 10, Athens, Atenas, Grecia";"";"210156.31";"208";"1907";"8.7";"CLP";"2026-02-24"
"Grecia";"Atenas";"Tour en bicicleta eléctrica por Atenas";"https://www.civitatis.com/es/atenas/tour-bicicleta-electrica-atenas/";"We Bike Athens`";"natalie@webikeathens.gr";"2103472265";"We Bike Athens | 53 Apostolou Pavlou Street, Atenas, Grecia";"";"51730.78";"35";"298";"9.4";"CLP";"2026-02-24"
"Grecia";"Atenas";"Paseo en barco por la Riviera de Atenas";"https://www.civitatis.com/es/atenas/paseo-barco-atardecer-riviera-atenas/";"All Day Cruise";"sales@alldaycruise.net";"6992345915";"All Day Cruises Ltd | 24 Holborn Viaduct, London, , Londres, Reino Unido";"";"145492.83";"3";"176";"10.0";"CLP";"2026-02-24"
"Grecia";"Atenas";"iVenture Card Athens";"https://www.civitatis.com/es/atenas/iventure-card-athens/";"Key Tours S.a.";"reservations@keytours.gr";"+30 210 9233 166";"Key Tours S.A. | 26 Ath.Diakou Str, Atenas, Grecia";"";"106694.74";"11";"199";"6.2";"CLP";"2026-02-24"
"Grecia";"Atenas";"Cena en Dinner in the Sky";"https://www.civitatis.com/es/atenas/cena-dinner-sky/";"Dinner In The Sky Athens";"ap@dinnerinthesky.gr";"+30 6945396509";"Premium Events PC | 14A Metanaston street, Vari, Grecia";"";"204767.69";"11";"157";"9.5";"CLP";"2026-02-24"
"Grecia";"Atenas";"Ferry entre Atenas y Egina";"https://www.civitatis.com/es/atenas/ferry-atenas-egina/";"Ferryhopper";"t.saralegui@ferryhopper.com";"+30 21 1198 3159";"Ferryhopper SA | Thessalonikis 147 Moschato, Atenas, Grecia";"";"12027.4";"6";"91";"8.7";"CLP";"2026-02-24"
"Grecia";"Atenas";"Visita guiada por la Acrópolis y su museo";"https://www.civitatis.com/es/atenas/visita-guiada-acropolis-museo/";"Key Tours S.a.";"reservations@keytours.gr";"+30 210 9233 166";"Key Tours S.A. | 26 Ath.Diakou Str, Atenas, Grecia";"";"52808.51";"0";"23";"0.0";"CLP";"2026-02-24"
"Grecia";"Atenas";"Ferry entre Atenas y Mykonos";"https://www.civitatis.com/es/atenas/ferry-atenas-mykonos/";"Ferryhopper";"t.saralegui@ferryhopper.com";"+30 21 1198 3159";"Ferryhopper SA | Thessalonikis 147 Moschato, Atenas, Grecia";"";"105520.02";"0";"22";"0.0";"CLP";"2026-02-24"
"Grecia";"Atenas";"Visita guiada por el Museo de la Acrópolis";"https://www.civitatis.com/es/atenas/visita-guiada-museo-acropolis/";"Key Tours S.a.";"reservations@keytours.gr";"+30 210 9233 166";"Key Tours S.A. | 26 Ath.Diakou Str, Atenas, Grecia";"";"37720.36";"0";"7";"0.0";"CLP";"2026-02-24"
"Grecia";"Santorini";"Tour por Oia y Fira para cruceros";"https://www.civitatis.com/es/santorini/tour-oia-fira-cruceros/";"Shore2Shore";"info@shore2shore.es";"928 51 53 52";"CALIMA SHORE TRAVEL S.L. | CALLE PARDELERA 8, Puerto Del Carmen, España";"";"40953.53";"598";"13306";"8.2";"CLP";"2026-02-24"
"Grecia";"Santorini";"Paseo en catamarán por la Caldera de Santorini con comida";"https://www.civitatis.com/es/santorini/paseo-catamaran-caldera-santorini/";"Spiridakos Sailing Cruises";"sailing@spiridakos.gr";"+306972039329";"Spiridakos Sailing Cruises | Ermou 11, Glyfada, Atenas, Grecia";"";"75440.72";"179";"2183";"9.3";"CLP";"2026-02-24"
"Grecia";"Santorini";"Free tour por Fira";"https://www.civitatis.com/es/santorini/free-tour-fira/";"Free Walking Tour Athens";"fwtathens@gmail.com";"+30 690 909 6363";"CARACOL TRADING S.A.C. | JR.M. ORBEGOSO N.271,  Lima, Perú";"";"0.0";"0";"496";"0.0";"CLP";"2026-02-24"
"Grecia";"Santorini";"Paseo en barco por la Caldera de Santorini";"https://www.civitatis.com/es/santorini/paseo-barco-atardecer/";"Mtm Tourism Greece Oe";"res@mtmdmc.gr";"+30 6981771000";"MTM TOURISM GREECE OE | ΑSKLIPIOU 23 - ATHENS, Atenas, Grecia";"";"32331.74";"618";"6309";"8.1";"CLP";"2026-02-24"
"Grecia";"Santorini";"Traslados en Santorini";"https://www.civitatis.com/es/santorini/traslados/";"No especificado / Único";"N/A";"N/A";"N/A";"";"34487.19";"554";"13472";"9.4";"CLP";"2026-02-24"
"Grecia";"Santorini";"Entrada al yacimiento arqueológico de Akrotiri";"https://www.civitatis.com/es/santorini/entrada-akrotiri/";"Key Tours S.a.";"reservations@keytours.gr";"+30 210 9233 166";"Key Tours S.A. | 26 Ath.Diakou Str, Atenas, Grecia";"";"28020.84";"1";"14";"10.0";"CLP";"2026-02-24"
"Grecia";"Santorini";"Tour privado por Santorini";"https://www.civitatis.com/es/santorini/tour-privado-santorini/";"Greca Viajes";"excursiones@greca.co";"+302155352642";"Greca Travel Single Member P.C | El. Venizelou 140, Atenas, Grecia";"";"682199.73";"31";"761";"9.4";"CLP";"2026-02-24"
"Grecia";"Santorini";"Tour de Santorini al completo";"https://www.civitatis.com/es/santorini/tour-santorini/";"Greca Viajes";"excursiones@greca.co";"+302155352642";"Greca Travel Single Member P.C | El. Venizelou 140, Atenas, Grecia";"";"67896.65";"999";"8408";"8.8";"CLP";"2026-02-24"
"Grecia";"Santorini";"Paseo privado en catamarán por la Caldera de Santorini";"https://www.civitatis.com/es/santorini/paseo-privado-catamaran-caldera-santorini/";"Spiridakos Sailing Cruises";"sailing@spiridakos.gr";"+306972039329";"Spiridakos Sailing Cruises | Ermou 11, Glyfada, Atenas, Grecia";"";"1185497.17";"2";"70";"10.0";"CLP";"2026-02-24"
"Grecia";"Santorini";"Ferry entre Atenas y Santorini";"https://www.civitatis.com/es/santorini/ferry-atenas-santorini/";"Ferryhopper";"t.saralegui@ferryhopper.com";"+30 21 1198 3159";"Ferryhopper SA | Thessalonikis 147 Moschato, Atenas, Grecia";"";"107934.12";"0";"16";"0.0";"CLP";"2026-02-24"
"Grecia";"Santorini";"Excursión a Akrotiri, playa Roja y Oia";"https://www.civitatis.com/es/santorini/excursion-akrotiri-playa-roja-oia/";"Kamari Tours";"marketing@kamaritours.gr";"+30 22860 32751";"MA KARAMOLEGKOS SOLE PERSON | kamari santorini, greece, santorini island, Grecia";"";"52808.51";"165";"2233";"7.7";"CLP";"2026-02-24"
"Grecia";"Santorini";"Excursión en goleta por Santorini al atardecer con cena";"https://www.civitatis.com/es/santorini/crucero-cena-santorini/";"Mtm Tourism Greece Oe";"res@mtmdmc.gr";"+30 6981771000";"MTM TOURISM GREECE OE | ΑSKLIPIOU 23 - ATHENS, Atenas, Grecia";"";"96995.22";"207";"2045";"8.8";"CLP";"2026-02-24"
"Grecia";"Santorini";"Paseo en barco tradicional por la Caldera de Santorini con comida";"https://www.civitatis.com/es/santorini/paseo-barco-tradicional/";"Caldera Yachting";"sales@calderayachting.gr";"0030 6985573875";"Caldera Yachting | Fira, Santorini, Grecia";"";"77596.17";"208";"2099";"9.1";"CLP";"2026-02-24"
"Grecia";"Santorini";"Espectáculo griego en Santorini con cena";"https://www.civitatis.com/es/santorini/espectaculo-boda-griega-cena/";"Greca Viajes";"excursiones@greca.co";"+302155352642";"Greca Travel Single Member P.C | El. Venizelou 140, Atenas, Grecia";"";"66818.93";"45";"520";"8.6";"CLP";"2026-02-24"
"Grecia";"Santorini";"Entrada al Museo Lost Atlantis con audioguía";"https://www.civitatis.com/es/santorini/entrada-museo-lost-atlantis/";"Lost Atlantis Experience Museum";"info@lost-atlantis.com";"00302286085076";"Santorini Lost Atlantis IKE | MEGALOHORI, Santorini, Grecia";"";"15088.14";"41";"521";"9.2";"CLP";"2026-02-24"
"Grecia";"Santorini";"Paseo en barco con fondo de cristal por la Caldera de Santorini";"https://www.civitatis.com/es/santorini/paseo-barco-fondo-cristal-caldera-santorini/";"Santorini Excursions";"info@santoriniboat-tours.com";"+302286024287";"AFOI DAKOUTROU KOINOPRAXIA EKM/SIS EPIVATIKO | Old port of Fira, Santorini, Grecia";"";"39875.81";"21";"425";"8.1";"CLP";"2026-02-24"
"Grecia";"Santorini";"Excursión en barco por Santorini al atardecer";"https://www.civitatis.com/es/santorini/excursion-santorini-atardecer/";"Santorini Excursions";"info@santoriniboat-tours.com";"+302286024287";"AFOI DAKOUTROU KOINOPRAXIA EKM/SIS EPIVATIKO | Old port of Fira, Santorini, Grecia";"";"48497.61";"9";"91";"9.1";"CLP";"2026-02-24"
"Grecia";"Santorini";"Alquiler de barco en Santorini";"https://www.civitatis.com/es/santorini/alquiler-barco-santorini/";"Meltemi Blue Boat";"info@meltemiblueboatsantorini.com";"+306985083226";"TRIPOLODGIKA EE | SANTORINI GREECE, Santorini, Grecia";"";"334094.65";"0";"43";"0.0";"CLP";"2026-02-24"
"Grecia";"Santorini";"Sesión fotográfica privada en Santorini";"https://www.civitatis.com/es/santorini/sesion-fotografica-privada-santorini/";"Ph.gen O.e";"info@santorini-personalphotographer.com";"00306947982533";"PH.GEN O.E | kolokotroni 82, Pireus, Grecia";"";"226322.18";"0";"30";"0.0";"CLP";"2026-02-24"
"Grecia";"Mykonos";"Tour de Mykonos para cruceros";"https://www.civitatis.com/es/mykonos/tour-mykonos-para-cruceros/";"Shore2Shore";"info@shore2shore.es";"928 51 53 52";"CALIMA SHORE TRAVEL S.L. | CALLE PARDELERA 8, Puerto Del Carmen, España";"";"34487.19";"578";"12565";"7.4";"CLP";"2026-02-24"
"Grecia";"Mykonos";"Excursión al faro de Armenistis";"https://www.civitatis.com/es/mykonos/excursion-faro-armenistis/";"Orancon Travel & Tours Ltd / Mykonos";"info@mykonosexcursions.com";"+30 6970226024";"YOURTRANSFER GR LTD | Messaria Mykonos P.O.B 7076, Mykonos, Grecia";"";"32331.74";"22";"144";"8.1";"CLP";"2026-02-24"
"Grecia";"Mykonos";"Visita guiada por Mykonos";"https://www.civitatis.com/es/mykonos/visita-guiada-mykonos/";"Orancon Travel & Tours Ltd / Mykonos";"info@mykonosexcursions.com";"+30 6970226024";"YOURTRANSFER GR LTD | Messaria Mykonos P.O.B 7076, Mykonos, Grecia";"";"38798.08";"367";"3604";"8.4";"CLP";"2026-02-24"
"Grecia";"Mykonos";"Tour privado por Mykonos";"https://www.civitatis.com/es/mykonos/tour-privado-mykonos/";"Greca Viajes";"excursiones@greca.co";"+302155352642";"Greca Travel Single Member P.C | El. Venizelou 140, Atenas, Grecia";"";"672500.21";"26";"1983";"7.8";"CLP";"2026-02-24"
"Grecia";"Mykonos";"Traslados en Mykonos";"https://www.civitatis.com/es/mykonos/traslados/";"No especificado / Único";"N/A";"N/A";"N/A";"";"38798.08";"125";"4936";"8.1";"CLP";"2026-02-24"
"Grecia";"Mykonos";"Tour por Mykonos, Ano Mera y granja de Mykonian";"https://www.civitatis.com/es/mykonos/tour-mykonos-ano-mera-granja/";"Orancon Travel & Tours Ltd / Mykonos";"info@mykonosexcursions.com";"+30 6970226024";"YOURTRANSFER GR LTD | Messaria Mykonos P.O.B 7076, Mykonos, Grecia";"";"52808.51";"120";"1015";"7.9";"CLP";"2026-02-24"
"Grecia";"Mykonos";"Jeep safari por Mykonos";"https://www.civitatis.com/es/mykonos/jeep-safari-mykonos/";"Orancon Travel & Tours Ltd / Mykonos";"info@mykonosexcursions.com";"+30 6970226024";"YOURTRANSFER GR LTD | Messaria Mykonos P.O.B 7076, Mykonos, Grecia";"";"96995.22";"13";"164";"7.1";"CLP";"2026-02-24"
"Grecia";"Mykonos";"Cata de vinos en una granja de Mykonos";"https://www.civitatis.com/es/mykonos/cata-vinos-granja-mykonos/";"Orancon Travel & Tours Ltd / Mykonos";"info@mykonosexcursions.com";"+30 6970226024";"YOURTRANSFER GR LTD | Messaria Mykonos P.O.B 7076, Mykonos, Grecia";"";"80829.35";"0";"34";"0.0";"CLP";"2026-02-24"
"Grecia";"Mykonos";"Excursión a las islas de Delos y Rhenia en velero";"https://www.civitatis.com/es/mykonos/excursion-delos-rhenia-barco-tradicional/";"Aegean Ventures";"info@aegean-ventures.com";"+306906263016";"AEGEAN VENTURES ΚΟΙΝΟΠΡΑΞΙΑ | KAMALAUKA 0, Mykonos, Grecia";"";"91606.59";"213";"2502";"8.6";"CLP";"2026-02-24"
"Grecia";"Mykonos";"Excursión a Delos";"https://www.civitatis.com/es/mykonos/excursion-isla-delos/";"Delos Travel";"sales@delostours.gr";"6978830355";"M. Hatziioannou & Co OE Delos Travel | DRAFAKI, Mykonos, Grecia";"";"85140.25";"90";"1184";"7.7";"CLP";"2026-02-24"
"Grecia";"Mykonos";"Crucero por Mykonos al atardecer";"https://www.civitatis.com/es/mykonos/crucero-mykonos-atardecer/";"Mykonos Cruises";"info@mykonoscruises.com";"+302109793502";"Mykonos Kaiki Cruises NEPA | Maou Ano Mera, Mykonos, Grecia";"";"53886.23";"36";"671";"7.3";"CLP";"2026-02-24"
"Grecia";"Mykonos";"Excursión en barco por el sur de Mykonos + Comida";"https://www.civitatis.com/es/mykonos/crucero-sur-mykonos/";"Greca Viajes";"excursiones@greca.co";"+302155352642";"Greca Travel Single Member P.C | El. Venizelou 140, Atenas, Grecia";"";"103461.57";"39";"485";"7.3";"CLP";"2026-02-24"
"Grecia";"Mykonos";"Fiesta en barco por Mykonos al atardecer";"https://www.civitatis.com/es/mykonos/fiesta-barco-mykonos-atardecer/";"Myk Boat Club";"webdeveloper@mykonospartyboat.com";"+306947230444";"Dopimar Events OE | Agia Sofia, Kouka street, Μυκονοσ, Grecia";"";"117471.99";"19";"381";"7.2";"CLP";"2026-02-24"
"Grecia";"Mykonos";"Crucero en catamarán por las islas de Delos y Rhenia";"https://www.civitatis.com/es/mykonos/crucero-delos-rhenia/";"Nostos Mykonos Yachts";"hello@nostosmykonos.com";"+306982255111";"NOSTOS MYKONOS YACHTS LIMITED PARTNERSHIP | 5 SPYROU LEKKA, Atenas, Grecia";"";"160580.98";"9";"280";"9.1";"CLP";"2026-02-24"
"Grecia";"Mykonos";"Tour panorámico por Mykonos";"https://www.civitatis.com/es/mykonos/tour-panoramico-mykonos/";"Greca Viajes";"excursiones@greca.co";"+302155352642";"Greca Travel Single Member P.C | El. Venizelou 140, Atenas, Grecia";"";"59274.85";"9";"147";"8.0";"CLP";"2026-02-24"
"Grecia";"Mykonos";"Ferry entre Mykonos y Delos";"https://www.civitatis.com/es/mykonos/ferry-mykonos-delos/";"Delos Travel";"sales@delostours.gr";"6978830355";"M. Hatziioannou & Co OE Delos Travel | DRAFAKI, Mykonos, Grecia";"";"31254.01";"8";"162";"7.7";"CLP";"2026-02-24"
"Grecia";"Mykonos";"Bautismo de buceo en Mykonos";"https://www.civitatis.com/es/mykonos/bautismo-buceo-mykonos/";"Godive Mykonos Diving Center";"info@godivemykonos.com";"6946957732";"GoDIVE Mykonos PADI diving center- ΔΕΜΙΡΟΠΟΥΛΟΣ ΚΩΝΣΤΑΝΤΙΝΟΣ ΔΗΜΗΤΡΙΟΣ | lia beach, Mykonos, Grecia";"";"167047.32";"8";"95";"8.8";"CLP";"2026-02-24"
"Grecia";"Mykonos";"Alquiler de kayak en Mykonos";"https://www.civitatis.com/es/mykonos/alquiler-kayak-mykonos/";"Super Paradise Watersports";"info@superparadisewatersports.com";"+306983075002";"Super Paradise LTD | Plintri, Mykonos, Grecia";"";"32331.74";"1";"51";"10.0";"CLP";"2026-02-24"
"Grecia";"Mykonos";"Ferry entre Atenas y Mykonos";"https://www.civitatis.com/es/mykonos/ferry-atenas-mykonos/";"Ferryhopper";"t.saralegui@ferryhopper.com";"+30 21 1198 3159";"Ferryhopper SA | Thessalonikis 147 Moschato, Atenas, Grecia";"";"105520.02";"0";"22";"0.0";"CLP";"2026-02-24"
"Grecia";"Mykonos";"Flyboard en Mykonos";"https://www.civitatis.com/es/mykonos/flyboard-mykonos/";"Super Paradise Watersports";"info@superparadisewatersports.com";"+306983075002";"Super Paradise LTD | Plintri, Mykonos, Grecia";"";"140104.21";"0";"47";"0.0";"CLP";"2026-02-24"
"Grecia";"Mykonos";"Sesión fotográfica privada en Mykonos";"https://www.civitatis.com/es/mykonos/sesion-fotografica-privada-mykonos/";"Ph.gen O.e";"info@santorini-personalphotographer.com";"00306947982533";"PH.GEN O.E | kolokotroni 82, Pireus, Grecia";"";"226322.18";"0";"1";"0.0";"CLP";"2026-02-24"
"Grecia";"Heraklión";"Visita guiada por el Palacio de Knossos";"https://www.civitatis.com/es/heraklion/visita-palacio-knossos/";"Orancon Travel & Tours Ltd / Heraklion";"androutsou.e@orancon.gr";"+30 6972925775";"ΥΟURΤRΑΝSFΕR GR LTD | Mykonos Island, Mykonos, Grecia";"";"75440.72";"73";"569";"9.0";"CLP";"2026-02-24"
"Grecia";"Heraklión";"Visita guiada por Heraklión";"https://www.civitatis.com/es/heraklion/visita-guiada-heraklion/";"Orancon Travel & Tours Ltd / Heraklion";"androutsou.e@orancon.gr";"+30 6972925775";"ΥΟURΤRΑΝSFΕR GR LTD | Mykonos Island, Mykonos, Grecia";"";"70052.1";"44";"370";"9.3";"CLP";"2026-02-24"
"Grecia";"Heraklión";"Tour de Heraklión para cruceros";"https://www.civitatis.com/es/heraklion/tour-heraklion-para-cruceros/";"Shore2Shore";"info@shore2shore.es";"928 51 53 52";"CALIMA SHORE TRAVEL S.L. | CALLE PARDELERA 8, Puerto Del Carmen, España";"";"57658.27";"52";"1663";"5.7";"CLP";"2026-02-24"
"Grecia";"Heraklión";"Entrada al Palacio de Knossos";"https://www.civitatis.com/es/heraklion/entrada-palacio-knossos/";"Key Tours S.a.";"reservations@keytours.gr";"+30 210 9233 166";"Key Tours S.A. | 26 Ath.Diakou Str, Atenas, Grecia";"";"28020.84";"15";"304";"8.1";"CLP";"2026-02-24"
"Grecia";"Heraklión";"Traslados en Heraklión";"https://www.civitatis.com/es/heraklion/traslados/";"No especificado / Único";"N/A";"N/A";"N/A";"";"24787.66";"169";"3404";"8.4";"CLP";"2026-02-24"
"Grecia";"Heraklión";"Entrada al Palacio de Knossos con audioguía";"https://www.civitatis.com/es/heraklion/entradas-palacio-knossos-audioguia/";"Key Tours S.a.";"reservations@keytours.gr";"+30 210 9233 166";"Key Tours S.A. | 26 Ath.Diakou Str, Atenas, Grecia";"";"32331.74";"7";"213";"4.6";"CLP";"2026-02-24"
"Grecia";"Heraklión";"Entrada al Museo Arqueológico de Heraklión";"https://www.civitatis.com/es/heraklion/entrada-museo-arqueologico-heraklion/";"Key Tours S.a.";"reservations@keytours.gr";"+30 210 9233 166";"Key Tours S.A. | 26 Ath.Diakou Str, Atenas, Grecia";"";"17243.59";"2";"37";"9.0";"CLP";"2026-02-24"
"Grecia";"Heraklión";"Tour gastronómico por Heraklión";"https://www.civitatis.com/es/heraklion/tour-gastronomico-heraklion/";"Grecianlux - We Operate Athens, Crete, Santorini, Thessaloniki Local Adventures";"info@grecianlux.com";"+306980679166";"Grecian Lux Monoprosopi Ike | 12 Arachovis Street, Atenas, Grecia";"";"104539.29";"2";"12";"10.0";"CLP";"2026-02-24"
"Grecia";"Heraklión";"Visita guiada por el Museo Arqueológico de Heraklión";"https://www.civitatis.com/es/heraklion/visita-guiada-museo-arqueologico-heraklion/";"Orancon Travel & Tours Ltd / Heraklion";"androutsou.e@orancon.gr";"+30 6972925775";"ΥΟURΤRΑΝSFΕR GR LTD | Mykonos Island, Mykonos, Grecia";"";"75440.72";"1";"5";"8.0";"CLP";"2026-02-24"
"Grecia";"Heraklión";"Excursión a Spinalonga y Ágios Nikolaos";"https://www.civitatis.com/es/heraklion/excursion-spinalonga-agios-nikolaos/";"Tourline";"sales@tourline.eu";"+306983732207";"SOFIA MARKATATOU AND CO. OE | 7th, KAPODISTRIOU STR., Heraklión, Grecia";"";"38798.08";"33";"278";"7.5";"CLP";"2026-02-24"
"Grecia";"Heraklión";"Excursión a Santorini";"https://www.civitatis.com/es/heraklion/excursion-santorini/";"Tourline";"sales@tourline.eu";"+306983732207";"SOFIA MARKATATOU AND CO. OE | 7th, KAPODISTRIOU STR., Heraklión, Grecia";"";"193990.44";"21";"220";"6.9";"CLP";"2026-02-24"
"Grecia";"Heraklión";"Excursión a la isla de Día";"https://www.civitatis.com/es/heraklion/excursion-isla-dia/";"Nefalo Ee";"nikos@altersail.gr";"+30 6986572858";"NEFALO ETERORRYTHMI ETAIREIA | K. Pirgos 70200, Heraklión, Grecia";"";"105617.02";"17";"216";"9.3";"CLP";"2026-02-24"
"Grecia";"Heraklión";"Excursión a Canea y Georgioupolis";"https://www.civitatis.com/es/heraklion/excursion-canea-retino-lago-kournas/";"Orancon Travel & Tours Ltd / Heraklion";"androutsou.e@orancon.gr";"+30 6972925775";"ΥΟURΤRΑΝSFΕR GR LTD | Mykonos Island, Mykonos, Grecia";"";"118549.71";"10";"76";"6.2";"CLP";"2026-02-24"
"Grecia";"Heraklión";"Bautismo de buceo en Agia Pelagia";"https://www.civitatis.com/es/heraklion/bautismo-buceo-agia-pelagia/";"Aquadive Unique Scuba Experience";"aquadivecenter@outlook.com";"6945307547";"IOANNIS MARAVELAKIS | ELEUTHERIOU VENIZELOU 2, AGIA PELAGIA, CRETE, Grecia";"";"80829.35";"11";"94";"8.9";"CLP";"2026-02-24"
"Grecia";"Heraklión";"Paseo en barco pirata por Heraklión";"https://www.civitatis.com/es/heraklion/paseo-barco-pirata/";"Mtm Tourism Greece Oe";"res@mtmdmc.gr";"+30 6981771000";"MTM TOURISM GREECE OE | ΑSKLIPIOU 23 - ATHENS, Atenas, Grecia";"";"59274.85";"6";"170";"9.0";"CLP";"2026-02-24"
"Grecia";"Heraklión";"Excursión a Festo, Mátala y Zaros";"https://www.civitatis.com/es/heraklion/excursion-matala/";"Orancon Travel & Tours Ltd / Heraklion";"androutsou.e@orancon.gr";"+30 6972925775";"ΥΟURΤRΑΝSFΕR GR LTD | Mykonos Island, Mykonos, Grecia";"";"75440.72";"5";"50";"7.6";"CLP";"2026-02-24"
"Grecia";"Heraklión";"Cena con espectáculo folclórico";"https://www.civitatis.com/es/heraklion/cena-espectaculo-folclorico/";"Mtm Tourism Greece Oe";"res@mtmdmc.gr";"+30 6981771000";"MTM TOURISM GREECE OE | ΑSKLIPIOU 23 - ATHENS, Atenas, Grecia";"";"61430.3";"5";"53";"5.6";"CLP";"2026-02-24"
"Grecia";"Heraklión";"Excursión a Rétino y el monasterio de Arkadi";"https://www.civitatis.com/es/heraklion/excursion-retino-monasterio-arkadi/";"Orancon Travel & Tours Ltd / Heraklion";"androutsou.e@orancon.gr";"+30 6972925775";"ΥΟURΤRΑΝSFΕR GR LTD | Mykonos Island, Mykonos, Grecia";"";"118549.71";"3";"11";"10.0";"CLP";"2026-02-24"
"Grecia";"Heraklión";"Tour privado por Heraklión";"https://www.civitatis.com/es/heraklion/tour-privado-heraklion/";"Orancon Travel & Tours Ltd / Heraklion";"androutsou.e@orancon.gr";"+30 6972925775";"ΥΟURΤRΑΝSFΕR GR LTD | Mykonos Island, Mykonos, Grecia";"";"176746.85";"0";"9";"0.0";"CLP";"2026-02-24"
"Grecia";"Rodas";"Tour por Rodas para cruceros";"https://www.civitatis.com/es/rodas/tour-rodas-para-cruceros/";"Shore2Shore";"info@shore2shore.es";"928 51 53 52";"CALIMA SHORE TRAVEL S.L. | CALLE PARDELERA 8, Puerto Del Carmen, España";"";"34487.19";"86";"2234";"7.1";"CLP";"2026-02-24"
"Grecia";"Rodas";"Excursión a Lindos y Seven Springs";"https://www.civitatis.com/es/rodas/excursion-lindos-seven-springs-barco/";"Kariba Travel";"kariba@otenet.gr";"+306942434753";"KARIBA TRAVEL | IONOS DRAGOUMI 18 STR, Rodas, Grecia";"";"29098.56";"14";"172";"7.0";"CLP";"2026-02-24"
"Grecia";"Rodas";"Tour por Rodas";"https://www.civitatis.com/es/rodas/tour-rodas/";"Kariba Travel";"kariba@otenet.gr";"+306942434753";"KARIBA TRAVEL | IONOS DRAGOUMI 18 STR, Rodas, Grecia";"";"48497.61";"6";"54";"7.0";"CLP";"2026-02-24"
"Grecia";"Rodas";"Entrada al Palacio del Gran Maestre de los Caballeros de Rodas";"https://www.civitatis.com/es/rodas/entrada-palacio-gran-maestre-rodas/";"Key Tours S.a.";"reservations@keytours.gr";"+30 210 9233 166";"Key Tours S.A. | 26 Ath.Diakou Str, Atenas, Grecia";"";"28020.84";"5";"54";"8.0";"CLP";"2026-02-24"
"Grecia";"Rodas";"Autobús turístico de Rodas";"https://www.civitatis.com/es/rodas/autobus-turistico-rodas/";"Sais Travel";"giannis86sais@gmail.com";"6948308777";"SAIS TRAVEL AND TOURISM AGENCY | tarpon springs 42, Rodas, Grecia";"";"21554.49";"37";"1102";"7.5";"CLP";"2026-02-24"
"Grecia";"Rodas";"Traslados en Rodas";"https://www.civitatis.com/es/rodas/traslados/";"No especificado / Único";"N/A";"N/A";"N/A";"";"30715.15";"35";"1190";"8.3";"CLP";"2026-02-24"
"Grecia";"Rodas";"Excursión a Symi y los monasterios de Panormitis";"https://www.civitatis.com/es/rodas/excursion-symi/";"Kariba Travel";"kariba@otenet.gr";"+306942434753";"KARIBA TRAVEL | IONOS DRAGOUMI 18 STR, Rodas, Grecia";"";"48497.61";"17";"320";"6.8";"CLP";"2026-02-24"
"Grecia";"Rodas";"Excursión a Marmaris";"https://www.civitatis.com/es/rodas/excursion-marmaris/";"Kariba Travel";"kariba@otenet.gr";"+306942434753";"KARIBA TRAVEL | IONOS DRAGOUMI 18 STR, Rodas, Grecia";"";"53886.23";"16";"278";"7.2";"CLP";"2026-02-24"
"Grecia";"Rodas";"Autobús turístico de Rodas + Paseo en barco con fondo de cristal";"https://www.civitatis.com/es/rodas/autobus-turistico-rodas-barco-fondo-cristal/";"Chatzi Maria";"info@rhodescitytour.com";"6944432098";"Rhodes City Tour | Shopping Center E, Rodas, Grecia";"";"32331.74";"8";"125";"7.2";"CLP";"2026-02-24"
"Grecia";"Rodas";"Excursión a Lindos en barco";"https://www.civitatis.com/es/rodas/excursion-lindos-barco/";"Kariba Travel";"kariba@otenet.gr";"+306942434753";"KARIBA TRAVEL | IONOS DRAGOUMI 18 STR, Rodas, Grecia";"";"53886.23";"13";"129";"7.4";"CLP";"2026-02-24"
"Grecia";"Rodas";"Paseo en barco con fondo de cristal";"https://www.civitatis.com/es/rodas/paseo-barco-fondo-cristal/";"Giannikos Stergos";"info@poseidonsubmarine.com";"+306944432098";"Poseidon Submarine | Alikranassou 4, Rodas, Grecia";"";"21554.49";"5";"201";"7.6";"CLP";"2026-02-24"
"Grecia";"Rodas";"Paseo en barco por las playas de Rodas";"https://www.civitatis.com/es/rodas/paseo-barco-playas-rodas/";"Kariba Travel";"kariba@otenet.gr";"+306942434753";"KARIBA TRAVEL | IONOS DRAGOUMI 18 STR, Rodas, Grecia";"";"70052.1";"11";"165";"7.3";"CLP";"2026-02-24"
"Grecia";"Rodas";"Paseo en catamarán con comida";"https://www.civitatis.com/es/rodas/paseo-catamaran-comida/";"Giannikos Stergos";"info@poseidonsubmarine.com";"+306944432098";"Poseidon Submarine | Alikranassou 4, Rodas, Grecia";"";"86217.97";"10";"95";"9.6";"CLP";"2026-02-24"
"Grecia";"Rodas";"Excursión a la colina Filerimos y valle de las Mariposas";"https://www.civitatis.com/es/rodas/excursion-filerimos-valle-mariposas/";"Kariba Travel";"kariba@otenet.gr";"+306942434753";"KARIBA TRAVEL | IONOS DRAGOUMI 18 STR, Rodas, Grecia";"";"29098.56";"19";"120";"7.2";"CLP";"2026-02-24"
"Grecia";"Rodas";"Tour en kayak por la costa de Rodas";"https://www.civitatis.com/es/rodas/tour-kayak-costa-rodas/";"Trekking Hellas Rhodes";"rhodes@trekking.gr";"00306974202182";"Trekking Hellas Rhodes | Ifestou16 Ialysos, Rhodes, Ialysos, Grecia";"";"96995.22";"1";"37";"10.0";"CLP";"2026-02-24"
"Grecia";"Rodas";"Paseo en catamarán al atardecer con cena";"https://www.civitatis.com/es/rodas/paseo-catamaran-atardecer-cena/";"Giannikos Stergos";"info@poseidonsubmarine.com";"+306944432098";"Poseidon Submarine | Alikranassou 4, Rodas, Grecia";"";"53886.23";"10";"89";"9.4";"CLP";"2026-02-24"
"Grecia";"Rodas";"Tour en 4x4 por Rodas";"https://www.civitatis.com/es/rodas/tour-4x4-rodas/";"Kariba Travel";"kariba@otenet.gr";"+306942434753";"KARIBA TRAVEL | IONOS DRAGOUMI 18 STR, Rodas, Grecia";"";"79751.62";"2";"32";"9.0";"CLP";"2026-02-24"
"Grecia";"Canea";"Visita guiada por Canea";"https://www.civitatis.com/es/canea/visita-guiada-canea/";"Descubre Creta";"descubrecreta@gmail.com";"+306948326285";"F. VELEGRAKI-B. ARBELOA ALZUETA O.E. | ATHANASIOU DIAKOU 8, Canea, Grecia";"";"80829.35";"11";"74";"10.0";"CLP";"2026-02-24"
"Grecia";"Canea";"Snorkel en la costa de Canea";"https://www.civitatis.com/es/canea/snorkel-costa-canea/";"Beyond Travel Chania";"info@beyondtravel.gr";"+306979771956";"Stafylaraki Argyro | Thotokopoulou 22 old town of chania, Canea, Grecia";"";"58197.13";"0";"7";"0.0";"CLP";"2026-02-24"
"Grecia";"Canea";"Entrada al Minoan's World";"https://www.civitatis.com/es/canea/entrada-minoans-world/";"Minoan's World";"minoansworld@gmail.com";"+306980080227";"VASILEIADIS O.E. | Ipsilanton 10A, Canea, Grecia";"";"21554.49";"0";"16";"0.0";"CLP";"2026-02-24"
"Grecia";"Canea";"Tour privado por Canea";"https://www.civitatis.com/es/canea/tour-privado-caneaa/";"Descubre Creta";"descubrecreta@gmail.com";"+306948326285";"F. VELEGRAKI-B. ARBELOA ALZUETA O.E. | ATHANASIOU DIAKOU 8, Canea, Grecia";"";"226322.18";"0";"7";"0.0";"CLP";"2026-02-24"
"Grecia";"Canea";"Entradas al Museo Arqueológico de La Canea";"https://www.civitatis.com/es/canea/entradas-museo-arqueologico-canea/";"Clio Muse Tours";"bookings@cliomusetours.com";"+302103006256";"Clio Muse Tours | Evripidou 14, 1st floor, Atenas, Grecia";"";"25865.39";"0";"1";"0.0";"CLP";"2026-02-24"
"Grecia";"Canea";"Tour gastronómico por Creta";"https://www.civitatis.com/es/canea/tour-gastronomico-creta/";"Beyond Travel Chania";"info@beyondtravel.gr";"+306979771956";"Stafylaraki Argyro | Thotokopoulou 22 old town of chania, Canea, Grecia";"";"58197.13";"0";"0";"0.0";"CLP";"2026-02-24"
"Grecia";"Canea";"Traslados en Canea";"https://www.civitatis.com/es/canea/traslados/";"No especificado / Único";"N/A";"N/A";"N/A";"";"24787.66";"169";"3404";"8.4";"CLP";"2026-02-24"
"Grecia";"Canea";"Tour por el Museo Arqueológico de Canea y el barrio de Halepa";"https://www.civitatis.com/es/canea/tour-museo-arqueologico-canea-halepa/";"Descubre Creta";"descubrecreta@gmail.com";"+306948326285";"F. VELEGRAKI-B. ARBELOA ALZUETA O.E. | ATHANASIOU DIAKOU 8, Canea, Grecia";"";"80829.35";"0";"0";"0.0";"CLP";"2026-02-24"
"Grecia";"Canea";"Tour por Akrotiri y Canea para cruceros";"https://www.civitatis.com/es/canea/tour-akrotiri-canea-cruceros/";"Shore2Shore";"info@shore2shore.es";"928 51 53 52";"CALIMA SHORE TRAVEL S.L. | CALLE PARDELERA 8, Puerto Del Carmen, España";"";"32331.74";"16";"460";"8.4";"CLP";"2026-02-24"
"Grecia";"Canea";"Excursión a la playa Elafonisi";"https://www.civitatis.com/es/canea/excursion-elafonisi-monasterio-chrisoskalitisa/";"Mtm Tourism Greece Oe";"res@mtmdmc.gr";"+30 6981771000";"MTM TOURISM GREECE OE | ΑSKLIPIOU 23 - ATHENS, Atenas, Grecia";"";"39875.81";"12";"297";"7.0";"CLP";"2026-02-24"
"Grecia";"Canea";"Excursión a Gramvousa y Balos";"https://www.civitatis.com/es/canea/excursion-gramvousa-balos/";"Beyond Travel Chania";"info@beyondtravel.gr";"+306979771956";"Stafylaraki Argyro | Thotokopoulou 22 old town of chania, Canea, Grecia";"";"64663.48";"5";"97";"5.6";"CLP";"2026-02-24"
"Grecia";"Canea";"Excursión a las playas de Elafonisi y Falasarna";"https://www.civitatis.com/es/canea/excursion-playas-elafonisi-falasarna/";"Descubre Creta";"descubrecreta@gmail.com";"+306948326285";"F. VELEGRAKI-B. ARBELOA ALZUETA O.E. | ATHANASIOU DIAKOU 8, Canea, Grecia";"";"150881.45";"1";"19";"10.0";"CLP";"2026-02-24"
"Grecia";"Canea";"Excursión a la playa Preveli";"https://www.civitatis.com/es/canea/excursion-playa-preveli/";"Travelpath";"m.dramitinos@travelpath.gr";"6906825381";"DRAMITINOU ELEFTHERIA MICHAI | GERAKARI 65, Rétino, Grecia";"";"46342.16";"0";"77";"0.0";"CLP";"2026-02-24"
"Grecia";"Canea";"Excursión a la playa Preveli";"https://www.civitatis.com/es/canea/excursion-playa-preveli/";"Beyond Travel Chania";"info@beyondtravel.gr";"+306979771956";"Stafylaraki Argyro | Thotokopoulou 22 old town of chania, Canea, Grecia";"";"46342.16";"0";"77";"0.0";"CLP";"2026-02-24"
"Grecia";"Canea";"Tour por el sur de Creta y las Montañas Blancas";"https://www.civitatis.com/es/canea/tour-sur-creta-montanas-blancas/";"Descubre Creta";"descubrecreta@gmail.com";"+306948326285";"F. VELEGRAKI-B. ARBELOA ALZUETA O.E. | ATHANASIOU DIAKOU 8, Canea, Grecia";"";"150881.45";"0";"6";"0.0";"CLP";"2026-02-24"
"Grecia";"Canea";"Excursión a Aptera y región de Apokoronas";"https://www.civitatis.com/es/canea/excursion-aptera-region-apokoronas/";"Descubre Creta";"descubrecreta@gmail.com";"+306948326285";"F. VELEGRAKI-B. ARBELOA ALZUETA O.E. | ATHANASIOU DIAKOU 8, Canea, Grecia";"";"129326.96";"0";"3";"0.0";"CLP";"2026-02-24"
"Grecia";"Corfú";"Tour por Corfú, Palacio de Achilleion y Kanoni para cruceros";"https://www.civitatis.com/es/corfu/corfu-palacio-achilleion-kanoni-cruceros/";"Shore2Shore";"info@shore2shore.es";"928 51 53 52";"CALIMA SHORE TRAVEL S.L. | CALLE PARDELERA 8, Puerto Del Carmen, España";"";"32331.74";"136";"3271";"8.5";"CLP";"2026-02-24"
"Grecia";"Corfú";"Visita guiada por Corfú";"https://www.civitatis.com/es/corfu/visita-guiada-corfu/";"Local Tales";"info@localtalestravel.com";"+306947665022";"KOULOURIDI AIKATERINI VASSILEIOS | DOY KERKYRAS, Corfú, Grecia";"";"37720.36";"5";"56";"8.4";"CLP";"2026-02-24"
"Grecia";"Corfú";"Excursión a Paxoí, Cuevas Azules y Lakka en barco";"https://www.civitatis.com/es/corfu/excursion-paxoi-cuevas-azules-barco/";"Ionian Cruises";"info@ionian-cruises.com";"+30 26610 38690";"CORFU DAILY CRUISES JOINT VENTURE | 4, Ethnikis Antistaseos New Port, Corfu-Greece, Corfú, Grecia";"";"59274.85";"195";"2623";"8.4";"CLP";"2026-02-24"
"Grecia";"Corfú";"Excursión a Paxoí, Cuevas Azules y Gáios en barco";"https://www.civitatis.com/es/corfu/excursion-paxoi-cuevas-azules-gaios-barco/";"Ionian Cruises";"info@ionian-cruises.com";"+30 26610 38690";"CORFU DAILY CRUISES JOINT VENTURE | 4, Ethnikis Antistaseos New Port, Corfu-Greece, Corfú, Grecia";"";"59274.85";"126";"1596";"8.6";"CLP";"2026-02-24"
"Grecia";"Corfú";"Autobús turístico de Corfú";"https://www.civitatis.com/es/corfu/autobus-turistico-corfu/";"City Sightseeing Eur";"bookings@city-sightseeing.com";"+44 0 1789 299123";"City Sightseeing Ltd | Suite 8 Floor 3 Grosvenor House Redditch, Worcestershire, Reino Unido";"";"23709.94";"50";"1073";"7.8";"CLP";"2026-02-24"
"Grecia";"Corfú";"Excursión a Saranda y Butrinto en barco";"https://www.civitatis.com/es/corfu/excursion-saranda-butrinto-barco/";"Ioniancruises";"alres@ionian-cruises.com";"2661025155";"Papikinos Theod. Petros | Ethnikis Antistaseos 4, Corfú, Grecia";"";"62508.03";"35";"412";"6.4";"CLP";"2026-02-24"
"Grecia";"Corfú";"Excursión a Kassiopi en barco";"https://www.civitatis.com/es/corfu/excursion-kassiopi-barco/";"Let's Book Travel Private Company";"info@letsbooktravel.eu";"+306942937052";"Lets Book Travel | 27 Veikou str, Koukaki, Atenas, Grecia";"";"67896.65";"10";"194";"9.2";"CLP";"2026-02-24"
"Grecia";"Corfú";"Paseo en barco al atardecer por Corfú";"https://www.civitatis.com/es/corfu/paseo-barco-atardecer/";"Ionian Cruises";"info@ionian-cruises.com";"+30 26610 38690";"CORFU DAILY CRUISES JOINT VENTURE | 4, Ethnikis Antistaseos New Port, Corfu-Greece, Corfú, Grecia";"";"45264.43";"5";"163";"8.4";"CLP";"2026-02-24"
"Grecia";"Corfú";"Tour por Corfú y Paleokastritsa";"https://www.civitatis.com/es/corfu/tour-corfu-palacio-achilleion-paleokastritsa/";"Let's Book Travel Private Company";"info@letsbooktravel.eu";"+306942937052";"Lets Book Travel | 27 Veikou str, Koukaki, Atenas, Grecia";"";"80829.35";"8";"82";"4.5";"CLP";"2026-02-24"
"Grecia";"Corfú";"Fiesta en barco por la Laguna Azul";"https://www.civitatis.com/es/corfu/fiesta-barco-laguna-azul/";"Kavos Cruises";"KAVOSBOOZECRUISE@YAHOO.COM";"6987014773";"KAVOS CRUISES | KAVOS, KAVOS LEFKIMMI, Grecia";"";"43108.98";"1";"65";"8.0";"CLP";"2026-02-24"
"Grecia";"Corfú";"Paseo en velero por Corfú";"https://www.civitatis.com/es/corfu/paseo-velero-corfu/";"Cruise Me Up";"info@cruisemeup.com";"6977322084";"Apprime Yachting Maritime Company | armodioy 11, Pallini, Grecia";"";"116394.26";"7";"85";"9.7";"CLP";"2026-02-24"
"Grecia";"Corfú";"Parasailing en Corfú";"https://www.civitatis.com/es/corfu/parasailing-corfu/";"Dassia Ski Club Watersports";"info@corfuwatersports.com";"00306975508799";"Kantaros IKE | Kato Korakiana, Skripero, , Kerkyra, Grecia";"";"86217.97";"3";"23";"10.0";"CLP";"2026-02-24"
"Grecia";"Corfú";"Visita guiada por la Casa Parlante";"https://www.civitatis.com/es/corfu/visita-guiada-casa-parlante/";"Let's Book Travel Private Company";"info@letsbooktravel.eu";"+306942937052";"Lets Book Travel | 27 Veikou str, Koukaki, Atenas, Grecia";"";"12932.69";"1";"19";"8.0";"CLP";"2026-02-24"
"Grecia";"Corfú";"Alquiler de Crazy Sofá en Corfú";"https://www.civitatis.com/es/corfu/crazy-sofa-corfu/";"Sidari Watersports";"sidariwatersports@gmail.com";"6930419567";"Sidari Watersports | Villa Fontas, Marmari, Avliotes, Grecia";"";"21554.49";"0";"0";"0.0";"CLP";"2026-02-24"
"Grecia";"Naxos";"Excursión a Mykonos";"https://www.civitatis.com/es/naxos/excursion-delos-mykonos/";"San Med Travel Hub";"t.dyrli@sanmedtravelhub.com";"+306949825173";"Santorini Mesogeios Touristikes Epicheiriseis Ike | Katerados, Santorini, Grecia";"";"75440.72";"11";"192";"8.0";"CLP";"2026-02-24"
"Grecia";"Naxos";"Excursión a Koufonisia";"https://www.civitatis.com/es/naxos/excursion-koufonisia/";"Mtm Tourism Greece Oe";"res@mtmdmc.gr";"+30 6981771000";"MTM TOURISM GREECE OE | ΑSKLIPIOU 23 - ATHENS, Atenas, Grecia";"";"86217.97";"9";"139";"8.7";"CLP";"2026-02-24"
"Grecia";"Naxos";"Paseo en barco por el sur de Naxos con barbacoa";"https://www.civitatis.com/es/naxos/crucero-comida-sur-naxos/";"San Med Travel Hub";"t.dyrli@sanmedtravelhub.com";"+306949825173";"Santorini Mesogeios Touristikes Epicheiriseis Ike | Katerados, Santorini, Grecia";"";"75440.72";"3";"65";"9.3";"CLP";"2026-02-24"
"Grecia";"Naxos";"Tour por el Castillo de Naxos + Atardecer en Portara";"https://www.civitatis.com/es/naxos/tour-castillo-naxos-atardecer-portara/";"San Med Travel Hub";"t.dyrli@sanmedtravelhub.com";"+306949825173";"Santorini Mesogeios Touristikes Epicheiriseis Ike | Katerados, Santorini, Grecia";"";"32331.74";"1";"7";"8.0";"CLP";"2026-02-24"
"Grecia";"Paros";"Clase de cocina griega en Paros";"https://www.civitatis.com/es/paros/clase-cocina-griega/";"Mtm Tourism Greece Oe";"res@mtmdmc.gr";"+30 6981771000";"MTM TOURISM GREECE OE | ΑSKLIPIOU 23 - ATHENS, Atenas, Grecia";"";"114238.81";"0";"16";"0.0";"CLP";"2026-02-24"
"Grecia";"Paros";"Tour por Paros y Antiparos";"https://www.civitatis.com/es/paros/tour-paros-antiparos/";"Mtm Tourism Greece Oe";"res@mtmdmc.gr";"+30 6981771000";"MTM TOURISM GREECE OE | ΑSKLIPIOU 23 - ATHENS, Atenas, Grecia";"";"75440.72";"6";"109";"5.7";"CLP";"2026-02-24"
"Grecia";"Paros";"Excursión a Delos y Mykonos";"https://www.civitatis.com/es/paros/excursion-delos-mykonos/";"San Med Travel Hub";"t.dyrli@sanmedtravelhub.com";"+306949825173";"Santorini Mesogeios Touristikes Epicheiriseis Ike | Katerados, Santorini, Grecia";"";"75440.72";"10";"98";"6.6";"CLP";"2026-02-24"
"Grecia";"Paros";"Crucero por Paros";"https://www.civitatis.com/es/paros/crucero-paros/";"Mtm Tourism Greece Oe";"res@mtmdmc.gr";"+30 6981771000";"MTM TOURISM GREECE OE | ΑSKLIPIOU 23 - ATHENS, Atenas, Grecia";"";"96995.22";"0";"21";"0.0";"CLP";"2026-02-24"
"Grecia";"Paros";"Paseo a caballo por Paros";"https://www.civitatis.com/es/paros/paseo-caballo-paros/";"Mtm Tourism Greece Oe";"res@mtmdmc.gr";"+30 6981771000";"MTM TOURISM GREECE OE | ΑSKLIPIOU 23 - ATHENS, Atenas, Grecia";"";"93762.04";"4";"24";"7.0";"CLP";"2026-02-24"
"Grecia";"Paros";"Traslados en Paros";"https://www.civitatis.com/es/paros/traslados/";"No especificado / Único";"N/A";"N/A";"N/A";"";"57119.4";"0";"36";"0.0";"CLP";"2026-02-24"
"Grecia";"Salónica";"Free tour por Salónica";"https://www.civitatis.com/es/salonica/free-tour-salonica/";"Free Walking Tour Athens";"fwtathens@gmail.com";"+30 690 909 6363";"CARACOL TRADING S.A.C. | JR.M. ORBEGOSO N.271,  Lima, Perú";"";"0.0";"0";"224";"0.0";"CLP";"2026-02-24"
"Grecia";"Salónica";"Tour por Salónica para cruceros";"https://www.civitatis.com/es/salonica/tour-salonica-cruceros/";"Shore2Shore";"info@shore2shore.es";"928 51 53 52";"CALIMA SHORE TRAVEL S.L. | CALLE PARDELERA 8, Puerto Del Carmen, España";"";"29098.56";"4";"138";"7.5";"CLP";"2026-02-24"
"Grecia";"Salónica";"Excursión a los baños termales de Pozar y Édessa";"https://www.civitatis.com/es/salonica/excursion-banos-termales-pozar-edessa/";"Ammon Express";"info@ammonexpress.gr";"+302310500225";"AMMON EXPRESS Ι Κ Ε | 3 Ionos Dragoumi str., Salónica, Grecia";"";"56041.68";"2";"22";"10.0";"CLP";"2026-02-24"
"Grecia";"Salónica";"Excursión a Meteora en tren";"https://www.civitatis.com/es/salonica/excursion-meteora-tren/";"Meteora Thrones - Travel Center";"info@meteoratour.com";"2432078455";"METEORA MARKETING ENTERPRISE SMPC | TRIKALON 28, KALABAKA, Grecia";"";"132560.13";"5";"118";"8.8";"CLP";"2026-02-24"
"Grecia";"Salónica";"Traslados en Salónica";"https://www.civitatis.com/es/salonica/traslados/";"No especificado / Único";"N/A";"N/A";"N/A";"";"43647.85";"7";"262";"8.6";"CLP";"2026-02-24"
"Grecia";"Salónica";"Tour privado por Salónica";"https://www.civitatis.com/es/salonica/tour-privado-salonica/";"Guydeez";"lauderic@guydeez.com";"+34 670 78 37 54";"GUYDEEZ TOUR - FZCO | IFZA Business Park, DDP, Dubái, Emiratos Árabes Unidos";"";"96995.22";"8";"66";"7.2";"CLP";"2026-02-24"
"Grecia";"Salónica";"Entrada al Museo de las Ilusiones de Salónica";"https://www.civitatis.com/es/salonica/entrada-museo-ilusiones/";"Museum Of Illusions Thessaloniki";"thesinfo@enthoosia.com";"00306944107346";"MOI THES AE | Doxis 5, Salónica, Grecia";"";"11854.97";"0";"24";"0.0";"CLP";"2026-02-24"
"Grecia";"Salónica";"Tour gastronómico por Salónica";"https://www.civitatis.com/es/salonica/tour-gastronomico-salonica/";"Mtm Tourism Greece Oe";"res@mtmdmc.gr";"+30 6981771000";"MTM TOURISM GREECE OE | ΑSKLIPIOU 23 - ATHENS, Atenas, Grecia";"";"75440.72";"0";"2";"0.0";"CLP";"2026-02-24"
"Grecia";"Salónica";"Entradas al Museo de la Cultura Bizantina";"https://www.civitatis.com/es/salonica/entradas-museo-cultura-bizantina/";"Clio Muse Tours";"bookings@cliomusetours.com";"+302103006256";"Clio Muse Tours | Evripidou 14, 1st floor, Atenas, Grecia";"";"19399.04";"0";"1";"0.0";"CLP";"2026-02-24"
"Grecia";"Salónica";"Autobús turístico de Salónica";"https://www.civitatis.com/es/salonica/autobus-turistico-salonica/";"City Sightseeing Eur";"bookings@city-sightseeing.com";"+44 0 1789 299123";"City Sightseeing Ltd | Suite 8 Floor 3 Grosvenor House Redditch, Worcestershire, Reino Unido";"";"19399.04";"22";"259";"5.5";"CLP";"2026-02-24"
"Grecia";"Salónica";"Excursión a Pella y Vergina";"https://www.civitatis.com/es/salonica/excursion-pella-vergina/";"City Sightseeing Eur";"bookings@city-sightseeing.com";"+44 0 1789 299123";"City Sightseeing Ltd | Suite 8 Floor 3 Grosvenor House Redditch, Worcestershire, Reino Unido";"";"62508.03";"6";"43";"5.7";"CLP";"2026-02-24"
"Grecia";"Salónica";"Excursión a Meteora";"https://www.civitatis.com/es/salonica/excursion-meteora/";"City Sightseeing Eur";"bookings@city-sightseeing.com";"+44 0 1789 299123";"City Sightseeing Ltd | Suite 8 Floor 3 Grosvenor House Redditch, Worcestershire, Reino Unido";"";"71129.83";"5";"38";"7.6";"CLP";"2026-02-24"
"Grecia";"Salónica";"Excursión a la playa de Navagio en barco";"https://www.civitatis.com/es/salonica/excursion-playa-navagio-barco/";"Sailinfoam";"arva2004m@hotmail.gr";"+306955336992";"Parasoglou Efthymios - ΠΑΡΑΣΟΓΛΟΥ ΕΥΘΥΜΙΟΣ ΣΑΒΒΑΣ | 3 Agiou Petrou, Salónica, Grecia";"";"102383.84";"2";"34";"10.0";"CLP";"2026-02-24"
"Grecia";"Salónica";"Excursión al Monte Olimpo y Díon";"https://www.civitatis.com/es/salonica/excursion-monte-olimpo-dion/";"City Sightseeing Eur";"bookings@city-sightseeing.com";"+44 0 1789 299123";"City Sightseeing Ltd | Suite 8 Floor 3 Grosvenor House Redditch, Worcestershire, Reino Unido";"";"62508.03";"0";"13";"0.0";"CLP";"2026-02-24"
"Grecia";"Salónica";"Paseo en barco pirata por la laguna azul de Calcídica";"https://www.civitatis.com/es/salonica/crucero-laguna-azul-calcidica-ammouliani/";"Mtm Tourism Greece Oe";"res@mtmdmc.gr";"+30 6981771000";"MTM TOURISM GREECE OE | ΑSKLIPIOU 23 - ATHENS, Atenas, Grecia";"";"71129.83";"4";"36";"5.5";"CLP";"2026-02-24"
"Grecia";"Kalambaka";"Tour privado por Meteora";"https://www.civitatis.com/es/kalambaka/tour-privado-meteora/";"Visit Meteora";"info@visitmeteora.travel";"2432023820";"VISIT METEORA IKE | Patr. Dimitriou 2, Kalampaka 42200, Greece, Kalambaka, Grecia";"";"269431.17";"9";"235";"8.4";"CLP";"2026-02-24"
"Grecia";"Kalambaka";"Excursión a los Monasterios de Meteora";"https://www.civitatis.com/es/kalambaka/excursion-monasterios-meteora/";"Meteora Thrones - Travel Center";"info@meteoratour.com";"2432078455";"METEORA MARKETING ENTERPRISE SMPC | TRIKALON 28, KALABAKA, Grecia";"";"63585.75";"112";"1095";"8.6";"CLP";"2026-02-24"
"Grecia";"Kalambaka";"Senderismo por Meteora";"https://www.civitatis.com/es/kalambaka/senderismo-meteora/";"Meteora Thrones - Travel Center";"info@meteoratour.com";"2432078455";"METEORA MARKETING ENTERPRISE SMPC | TRIKALON 28, KALABAKA, Grecia";"";"37720.36";"9";"72";"9.1";"CLP";"2026-02-24"
"Grecia";"Kalambaka";"Visita guiada por el Monasterio de San Esteban";"https://www.civitatis.com/es/kalambaka/visita-guiada-monasterio-san-esteban/";"Local Tales";"info@localtalestravel.com";"+306947665022";"KOULOURIDI AIKATERINI VASSILEIOS | DOY KERKYRAS, Corfú, Grecia";"";"48497.61";"0";"0";"0.0";"CLP";"2026-02-24"
"Grecia";"Kalambaka";"Excursión a Meteora al atardecer";"https://www.civitatis.com/es/kalambaka/excursion-meteora-atardecer/";"Meteora Thrones - Travel Center";"info@meteoratour.com";"2432078455";"METEORA MARKETING ENTERPRISE SMPC | TRIKALON 28, KALABAKA, Grecia";"";"70052.1";"45";"274";"8.8";"CLP";"2026-02-24"
"Grecia";"Kalambaka";"Senderismo por Meteora al atardecer";"https://www.civitatis.com/es/kalambaka/senderismo-meteora-atardecer/";"Meteora Trip";"info@meteoratrip.com";"+30 6974131166";"VASILOPOULOU M. TSIATSIOS N. G.P. - Meteora Trip | 140 Trikalon Street, Kalampaka, Grecia";"";"32331.74";"0";"22";"0.0";"CLP";"2026-02-24"
"Grecia";"Kastraki";"Tour privado por Meteora";"https://www.civitatis.com/es/kastraki/tour-privado-meteora/";"Visit Meteora";"info@visitmeteora.travel";"2432023820";"VISIT METEORA IKE | Patr. Dimitriou 2, Kalampaka 42200, Greece, Kalambaka, Grecia";"";"269431.17";"9";"235";"8.4";"CLP";"2026-02-24"
"Grecia";"Kastraki";"Excursión a los Monasterios de Meteora";"https://www.civitatis.com/es/kastraki/excursion-monasterios-meteora/";"Meteora Thrones - Travel Center";"info@meteoratour.com";"2432078455";"METEORA MARKETING ENTERPRISE SMPC | TRIKALON 28, KALABAKA, Grecia";"";"63585.75";"112";"1095";"8.6";"CLP";"2026-02-24"
"Grecia";"Kastraki";"Senderismo por Meteora";"https://www.civitatis.com/es/kastraki/senderismo-meteora/";"Meteora Thrones - Travel Center";"info@meteoratour.com";"2432078455";"METEORA MARKETING ENTERPRISE SMPC | TRIKALON 28, KALABAKA, Grecia";"";"37720.36";"9";"72";"9.1";"CLP";"2026-02-24"
"Grecia";"Kastraki";"Visita guiada por el Monasterio de San Esteban";"https://www.civitatis.com/es/kastraki/visita-guiada-monasterio-san-esteban/";"Local Tales";"info@localtalestravel.com";"+306947665022";"KOULOURIDI AIKATERINI VASSILEIOS | DOY KERKYRAS, Corfú, Grecia";"";"48497.61";"0";"0";"0.0";"CLP";"2026-02-24"
"Grecia";"Kastraki";"Excursión a Meteora al atardecer";"https://www.civitatis.com/es/kastraki/excursion-meteora-atardecer/";"Meteora Thrones - Travel Center";"info@meteoratour.com";"2432078455";"METEORA MARKETING ENTERPRISE SMPC | TRIKALON 28, KALABAKA, Grecia";"";"70052.1";"45";"274";"8.8";"CLP";"2026-02-24"
"Grecia";"Kastraki";"Senderismo por Meteora al atardecer";"https://www.civitatis.com/es/kastraki/senderismo-meteora-atardecer/";"Meteora Trip";"info@meteoratrip.com";"+30 6974131166";"VASILOPOULOU M. TSIATSIOS N. G.P. - Meteora Trip | 140 Trikalon Street, Kalampaka, Grecia";"";"32331.74";"0";"22";"0.0";"CLP";"2026-02-24"
"Grecia";"Zante";"Paseo en barco a las Cuevas Azules y playa de Navagio";"https://www.civitatis.com/es/zante/paseo-barco-cuevas-azules-navagio/";"Afoi Dragona Oe";"logistis29@yahoo.gr";"+30 6977741500";"Abba Travel Zakynthos | Grigoriou Xenopoulou 4, Zante, Grecia";"";"26943.11";"40";"758";"7.0";"CLP";"2026-02-24"
"Grecia";"Zante";"Excursión a las Cuevas Azules y playa de Navagio";"https://www.civitatis.com/es/zante/cuevas-azules-playa-navagio/";"Afoi Dragona Oe";"logistis29@yahoo.gr";"+30 6977741500";"Abba Travel Zakynthos | Grigoriou Xenopoulou 4, Zante, Grecia";"";"64663.48";"52";"717";"7.5";"CLP";"2026-02-24"
"Grecia";"Zante";"Crucero con avistamiento de tortugas";"https://www.civitatis.com/es/zante/crucero-avistamiento-tortugas/";"Afoi Dragona Oe";"logistis29@yahoo.gr";"+30 6977741500";"Abba Travel Zakynthos | Grigoriou Xenopoulou 4, Zante, Grecia";"";"26943.11";"23";"413";"6.1";"CLP";"2026-02-24"
"Grecia";"Zante";"Tour por la isla de Zante al atardecer";"https://www.civitatis.com/es/zante/tour-zante-atardecer/";"Afoi Dragona Oe";"logistis29@yahoo.gr";"+30 6977741500";"Abba Travel Zakynthos | Grigoriou Xenopoulou 4, Zante, Grecia";"";"43108.98";"5";"75";"4.4";"CLP";"2026-02-24"
"Grecia";"Zante";"Traslados en Zante";"https://www.civitatis.com/es/zante/traslados/";"No especificado / Único";"N/A";"N/A";"N/A";"";"38798.08";"14";"691";"8.9";"CLP";"2026-02-24"
"Grecia";"Zante";"Tour por Zante para cruceros";"https://www.civitatis.com/es/zante/tour-zante-cruceros/";"Shore2Shore";"info@shore2shore.es";"928 51 53 52";"CALIMA SHORE TRAVEL S.L. | CALLE PARDELERA 8, Puerto Del Carmen, España";"";"47419.88";"25";"365";"5.8";"CLP";"2026-02-24"
"Grecia";"Zante";"Paseo en barco con fondo de cristal con avistamiento de tortugas";"https://www.civitatis.com/es/zante/barco-fondo-cristal-tortugas/";"Majorana Srl";"yotomutour@gmail.com";"+306980780697";"MAJORANA SRL | Via Linificio 4, Fara Gera D'Adda, Italia";"";"26835.34";"8";"239";"7.0";"CLP";"2026-02-24"
"Grecia";"Zante";"Tour en 4x4 por la isla de Zante";"https://www.civitatis.com/es/zante/tour-4x4-isla-zante/";"Fidelity Travel";"excursionsdepartment@fidelitytravel.gr";"0030 26950 58019";"FIDELITY AΝΩΝΥΜΗ ΕΜΠΟΡΙΚΗ ΚΑΙ ΤΟΥΡΙΣΤΙΚΗ ΕΤΑΙΡΕΙΑ||FIDELITY A.E.T.E | Airport Road, Zakynthos, Greece, Zante, Grecia";"";"71129.83";"5";"43";"9.2";"CLP";"2026-02-24"
"Grecia";"Argostoli";"Tour privado por Cefalonia";"https://www.civitatis.com/es/argostoli/tour-privado-cefalonia/";"Kefalonia Excursions";"info@kefaloniaexcursions.com";"00306972081471";"KATSOURIS TRAVEL DESTINATION SERVICES | Narkesini 2 & Leof. Vergoti 46 Argostoli , Argostoli, Kefalonia, Grecia";"";"474198.86";"1";"82";"8.0";"CLP";"2026-02-24"
"Grecia";"Argostoli";"Excursión a la cueva Melissani para cruceros";"https://www.civitatis.com/es/argostoli/excursion-cueva-melissani-cruceros/";"Shore2Shore";"info@shore2shore.es";"928 51 53 52";"CALIMA SHORE TRAVEL S.L. | CALLE PARDELERA 8, Puerto Del Carmen, España";"";"33409.46";"58";"1329";"8.1";"CLP";"2026-02-24"
"Grecia";"Argostoli";"Tour por Cefalonia";"https://www.civitatis.com/es/argostoli/tour-cefalonia/";"Avalon Single Member P.c";"avalon.holidays@gmail.com";"+306941543334";"AVALON TRAVEL SERVICES ΜΟΝ Ι.Κ.Ε | LEOFOROS ANTONI TRITSI 26, ARGOSTOLI, KEFALONIA - GREECE, Argostoli, Grecia";"";"75440.72";"6";"146";"7.0";"CLP";"2026-02-24"
"Grecia";"Argostoli";"Excursión a la cueva Melissani y la playa de Myrtos";"https://www.civitatis.com/es/argostoli/excursion-cueva-melissani-playa-myrtos/";"Avalon Single Member P.c";"avalon.holidays@gmail.com";"+306941543334";"AVALON TRAVEL SERVICES ΜΟΝ Ι.Κ.Ε | LEOFOROS ANTONI TRITSI 26, ARGOSTOLI, KEFALONIA - GREECE, Argostoli, Grecia";"";"64663.48";"7";"46";"8.0";"CLP";"2026-02-24"
"Grecia";"Argostoli";"Traslados en Argostoli";"https://www.civitatis.com/es/argostoli/traslados/";"No especificado / Único";"N/A";"N/A";"N/A";"";"31254.01";"1";"22";"10.0";"CLP";"2026-02-24"
"Grecia";"Argostoli";"Excursión a Ítaca";"https://www.civitatis.com/es/argostoli/excursion-itaca/";"Kefalonia Excursions";"info@kefaloniaexcursions.com";"00306972081471";"KATSOURIS TRAVEL DESTINATION SERVICES | Narkesini 2 & Leof. Vergoti 46 Argostoli , Argostoli, Kefalonia, Grecia";"";"59274.85";"8";"43";"5.8";"CLP";"2026-02-24"
"Grecia";"Argostoli";"Excursión al castillo de San Jorge y el monasterio de San Gerasimos";"https://www.civitatis.com/es/argostoli/castillo-san-jorge-monasterio-gerasimos/";"Avalon Single Member P.c";"avalon.holidays@gmail.com";"+306941543334";"AVALON TRAVEL SERVICES ΜΟΝ Ι.Κ.Ε | LEOFOROS ANTONI TRITSI 26, ARGOSTOLI, KEFALONIA - GREECE, Argostoli, Grecia";"";"53886.23";"0";"0";"0.0";"CLP";"2026-02-24"
"Grecia";"Katákolo";"Excursión a Olimpia para cruceros";"https://www.civitatis.com/es/katakolo/excursion-olimpia-cruceros/";"Shore2Shore";"info@shore2shore.es";"928 51 53 52";"CALIMA SHORE TRAVEL S.L. | CALLE PARDELERA 8, Puerto Del Carmen, España";"";"32331.74";"116";"4393";"7.9";"CLP";"2026-02-24"
"Grecia";"Katákolo";"Autobús turístico entre Katákolo y Pyrgos";"https://www.civitatis.com/es/katakolo/autobus-turistico-katakolo-pyrgos/";"Sights Of Athens";"info@sightsofathens.gr";"00302104176144";"Open Top Bus Hellas Ltd | Akti Miaouli 81 Piraeus, Piraeus, Grecia";"";"10777.24";"12";"254";"7.5";"CLP";"2026-02-24"
"Grecia";"Nauplia";"Tour por Micenas y Nauplia para cruceros";"https://www.civitatis.com/es/nauplia/tour-micenas-nauplia-cruceros/";"Shore2Shore";"info@shore2shore.es";"928 51 53 52";"CALIMA SHORE TRAVEL S.L. | CALLE PARDELERA 8, Puerto Del Carmen, España";"";"34487.19";"5";"136";"7.2";"CLP";"2026-02-24"
"Grecia";"Nauplia";"Autobús turístico de Nauplia";"https://www.civitatis.com/es/nauplia/autobus-turistico-nauplia/";"Sights Of Athens";"info@sightsofathens.gr";"00302104176144";"Open Top Bus Hellas Ltd | Akti Miaouli 81 Piraeus, Piraeus, Grecia";"";"10777.24";"7";"90";"6.3";"CLP";"2026-02-24"
"Grecia";"Milos";"Excursión a las cuevas de Kleftiko en barco";"https://www.civitatis.com/es/milos/excursion-cuevas-kleftiko-barco/";"Let's Book Travel Private Company";"info@letsbooktravel.eu";"+306942937052";"Lets Book Travel | 27 Veikou str, Koukaki, Atenas, Grecia";"";"53886.23";"182";"2869";"8.7";"CLP";"2026-02-24"
"Grecia";"Milos";"Tour en catamarán por Milos y Políegos";"https://www.civitatis.com/es/milos/tour-catamaran-milos-poliegos/";"Polco Tours";"POLYKARPOS.LAGOGIANNIS@GMAIL.COM";"00306936092728";"POLYKARPOS LAGOGIANNIS | ADAMAS, Milos, Grecia";"";"161658.7";"39";"422";"9.5";"CLP";"2026-02-24"
"Grecia";"Milos";"Alquiler de barco en Milos";"https://www.civitatis.com/es/milos/alquiler-barco-milos/";"Aegean Rent A Boat";"info@agean-boat.gr";"+30 6974202793";"Tsipras Orestis | Korfos 0, Milos, Grecia";"";"334094.65";"1";"23";"10.0";"CLP";"2026-02-24"
"Grecia";"Nea Makri";"Bautismo de buceo en Nea Makri";"https://www.civitatis.com/es/nea-makri/bautismo-buceo-nea-makri/";"Kanelakis Diving Experiences";"dkanelakis@otenet.gr";"00306944131738";"Dimitrios Kanelakis | Frinis 20, Nea Makri, Grecia";"";"91509.6";"2";"3";"9.0";"CLP";"2026-02-24"
"Grecia";"Nea Makri";"Snorkel en la bahía de Schinias";"https://www.civitatis.com/es/nea-makri/snorkel-bahia-schinias/";"Kanelakis Diving Experiences";"dkanelakis@otenet.gr";"00306944131738";"Dimitrios Kanelakis | Frinis 20, Nea Makri, Grecia";"";"86422.74";"0";"0";"0.0";"CLP";"2026-02-24"
"Grecia";"Astipalea";"Excursión a Koutsomitis, Kounoupa y Roca Roja";"https://www.civitatis.com/es/astipalea/excursion-koutsomitis-kounoupa-roca-roja/";"Thalassopouli Cruises Maritime Company";"thalassopouli.cruises@gmail.com";"6949473947";"ΘΑΛΑΣΣΟΠΟΥΛΙ ΚΡΟΥΑΖΙΕΡΕΣ ΝΑΥΤΙΚΗ ΕΤΑΙΡΕΙΑ | Chora Astypalaia, Astipalea, Grecia";"";"32331.74";"2";"22";"10.0";"CLP";"2026-02-24"
"Grecia";"Rétino";"Tour por Rétino y Argiroupoli";"https://www.civitatis.com/es/retino/tour-retino-argiroupoli/";"Descubre Creta";"descubrecreta@gmail.com";"+306948326285";"F. VELEGRAKI-B. ARBELOA ALZUETA O.E. | ATHANASIOU DIAKOU 8, Canea, Grecia";"";"140104.21";"0";"16";"0.0";"CLP";"2026-02-24"
"Grecia";"Rétino";"Excursión a la playa Elafonisi";"https://www.civitatis.com/es/retino/excursion-playa-elafonisi/";"Travelpath";"m.dramitinos@travelpath.gr";"6906825381";"DRAMITINOU ELEFTHERIA MICHAI | GERAKARI 65, Rétino, Grecia";"";"29098.56";"10";"97";"5.4";"CLP";"2026-02-24"
"Grecia";"Rétino";"Excursión a Heraklión y el Palacio de Knossos";"https://www.civitatis.com/es/retino/excursion-heraklion/";"Travelpath";"m.dramitinos@travelpath.gr";"6906825381";"DRAMITINOU ELEFTHERIA MICHAI | GERAKARI 65, Rétino, Grecia";"";"30176.29";"5";"30";"6.4";"CLP";"2026-02-24"
"Grecia";"Rétino";"Excursión a Canea";"https://www.civitatis.com/es/retino/excursion-canea/";"Travelpath";"m.dramitinos@travelpath.gr";"6906825381";"DRAMITINOU ELEFTHERIA MICHAI | GERAKARI 65, Rétino, Grecia";"";"24787.66";"0";"22";"0.0";"CLP";"2026-02-24"
"Grecia";"Rétino";"Excursión a la playa Elafonisi y montaña de Vouxa";"https://www.civitatis.com/es/retino/excursion-playa-elafonisi-montana-vouxa/";"Travelpath";"m.dramitinos@travelpath.gr";"6906825381";"DRAMITINOU ELEFTHERIA MICHAI | GERAKARI 65, Rétino, Grecia";"";"48497.61";"0";"8";"0.0";"CLP";"2026-02-24"
"Grecia";"Rétino";"Traslados en Rétino";"https://www.civitatis.com/es/retino/traslados/";"No especificado / Único";"N/A";"N/A";"N/A";"";"24787.66";"169";"3404";"8.4";"CLP";"2026-02-24"
"Grecia";"Rétino";"Tour privado por Rétino";"https://www.civitatis.com/es/retino/tour-privado-retino/";"The Mirsi Way, Guía Oficial";"mirsini.ilio@gmail.com";"0030 6934671289";"Iliopoulou Mirsini | P. Vlastou 10, Rétino, Grecia";"";"290985.66";"0";"5";"0.0";"CLP";"2026-02-24"
"Grecia";"Rétino";"Tour por el centro de Creta + Lago Kournas";"https://www.civitatis.com/es/retino/tour-centro-creta-lago-kournas/";"Travelpath";"m.dramitinos@travelpath.gr";"6906825381";"DRAMITINOU ELEFTHERIA MICHAI | GERAKARI 65, Rétino, Grecia";"";"30176.29";"2";"18";"10.0";"CLP";"2026-02-24"
"Grecia";"Rétino";"Excursión al monasterio de Arkadi, Margarites y cueva de Melidoni";"https://www.civitatis.com/es/retino/excursion-monasterio-arkadi-margarites-melidoni/";"Travelpath";"m.dramitinos@travelpath.gr";"6906825381";"DRAMITINOU ELEFTHERIA MICHAI | GERAKARI 65, Rétino, Grecia";"";"43108.98";"1";"20";"8.0";"CLP";"2026-02-24"
"Grecia";"Rétino";"Excursión a Spili, gruta de Patsos y playa de Plakias";"https://www.civitatis.com/es/retino/excursion-spili-patsos-plakias/";"Travelpath";"m.dramitinos@travelpath.gr";"6906825381";"DRAMITINOU ELEFTHERIA MICHAI | GERAKARI 65, Rétino, Grecia";"";"32331.74";"1";"2";"8.0";"CLP";"2026-02-24"
"Grecia";"Neos Marmaras";"Paseo en barco privado por la península de Sithonia";"https://www.civitatis.com/es/neos-marmaras/paseo-barco-privado-peninsula-sithonia/";"Helionautica";"info@helionautica.com";"+306974761299";"HELIONAUTIKA ΜΟΝΟΠΡΟΣΩΠΗ Ι Κ Ε | Vakchou 1, Salónica, Grecia";"";"484976.11";"0";"0";"0.0";"CLP";"2026-02-24"
"Grecia";"Nidrí";"Crucero por las playas de Lefkada";"https://www.civitatis.com/es/nidri/crucero-playas-lefkada/";"Mtm Tourism Greece Oe";"res@mtmdmc.gr";"+30 6981771000";"MTM TOURISM GREECE OE | ΑSKLIPIOU 23 - ATHENS, Atenas, Grecia";"";"48497.61";"5";"125";"8.0";"CLP";"2026-02-24"
"Grecia";"Nidrí";"Crucero por Ítaca, Cefalonia y Skorpios";"https://www.civitatis.com/es/nidri/crucero-itaca-cefalonia-skorpios/";"Mtm Tourism Greece Oe";"res@mtmdmc.gr";"+30 6981771000";"MTM TOURISM GREECE OE | ΑSKLIPIOU 23 - ATHENS, Atenas, Grecia";"";"56041.68";"8";"92";"6.2";"CLP";"2026-02-24"
"Grecia";"Nidrí";"Crucero por Spartochori, Lakka y Skorpios";"https://www.civitatis.com/es/nidri/crucero-spartochori-lakka-skorpios/";"Mtm Tourism Greece Oe";"res@mtmdmc.gr";"+30 6981771000";"MTM TOURISM GREECE OE | ΑSKLIPIOU 23 - ATHENS, Atenas, Grecia";"";"73285.27";"0";"13";"0.0";"CLP";"2026-02-24"
"Grecia";"Malia";"Paseo en barco al atardecer por Agios Georgios";"https://www.civitatis.com/es/malia/paseo-barco-atardecer-agios-georgios/";"Daneri Yachts";"daneriyachts@gmail.com";"+30 6945040555";"FLY & SAIL PC | Lilis Zografou 14, Heraklión, Grecia";"";"86217.97";"1";"34";"10.0";"CLP";"2026-02-24"
"Grecia";"Malia";"Tour en 4x4 por Kavusi, Skouros y Richtra";"https://www.civitatis.com/es/malia/tour-4x4-kavusi-skouros-richtra/";"Go Crete Safari";"gocretesafari@gmail.com";"00306984789525";"GOCRETESAFARI KAI SIA EE | DOMINIKOU THEOTOKOPOULOU 12, Malia, Grecia";"";"88373.42";"0";"10";"0.0";"CLP";"2026-02-24"
"Grecia";"Malia";"Tour en 4x4 por la meseta de Katharo y garganta de Sarakina";"https://www.civitatis.com/es/malia/tour-4x4-katharo-garganta-sarakina/";"Go Crete Safari";"gocretesafari@gmail.com";"00306984789525";"GOCRETESAFARI KAI SIA EE | DOMINIKOU THEOTOKOPOULOU 12, Malia, Grecia";"";"88373.42";"0";"11";"0.0";"CLP";"2026-02-24"
"Grecia";"Malia";"Tour en 4x4 por Agiofarago, Matala y monasterio de Odigitria";"https://www.civitatis.com/es/malia/tour-4x4-agiofarago-matala-odigitria/";"Go Crete Safari";"gocretesafari@gmail.com";"00306984789525";"GOCRETESAFARI KAI SIA EE | DOMINIKOU THEOTOKOPOULOU 12, Malia, Grecia";"";"88373.42";"4";"22";"9.0";"CLP";"2026-02-24"
"Grecia";"Malia";"Excursión a Spinalonga y Ágios Nikolaos";"https://www.civitatis.com/es/malia/excursion-spinalonga-agios-nikolaos/";"Tourline";"sales@tourline.eu";"+306983732207";"SOFIA MARKATATOU AND CO. OE | 7th, KAPODISTRIOU STR., Heraklión, Grecia";"";"38798.08";"33";"278";"7.5";"CLP";"2026-02-24"
"Grecia";"Malia";"Excursión a Santorini";"https://www.civitatis.com/es/malia/excursion-santorini/";"No especificado / Único";"N/A";"N/A";"N/A";"";"193990.44";"21";"220";"6.9";"CLP";"2026-02-24"
"Grecia";"Malia";"Traslados en Malia";"https://www.civitatis.com/es/malia/traslados/";"No especificado / Único";"N/A";"N/A";"N/A";"";"24787.66";"169";"3404";"8.4";"CLP";"2026-02-24"
"Grecia";"Malia";"Snorkel en Agia Pelagia";"https://www.civitatis.com/es/malia/snorkel-agia-pelagia/";"Aquadive Unique Scuba Experience";"aquadivecenter@outlook.com";"6945307547";"IOANNIS MARAVELAKIS | ELEUTHERIOU VENIZELOU 2, AGIA PELAGIA, CRETE, Grecia";"";"48497.61";"4";"65";"8.5";"CLP";"2026-02-24"
"Grecia";"Malia";"Excursión a Spinalonga y Kolokitha";"https://www.civitatis.com/es/malia/excursion-agios-nikolaos-elunda-spinalonga/";"Tourline";"sales@tourline.eu";"+306983732207";"SOFIA MARKATATOU AND CO. OE | 7th, KAPODISTRIOU STR., Heraklión, Grecia";"";"35564.91";"12";"102";"8.0";"CLP";"2026-02-24"
"Grecia";"Malia";"Excursión a Canea, Rétino y lago Kournas";"https://www.civitatis.com/es/malia/excursion-canea-retino-lago-kournas/";"Tourline";"sales@tourline.eu";"+306983732207";"SOFIA MARKATATOU AND CO. OE | 7th, KAPODISTRIOU STR., Heraklión, Grecia";"";"48497.61";"7";"39";"7.4";"CLP";"2026-02-24"
"Grecia";"Malia";"Tour en 4x4 por Asterousia, Agios Myronas y Agios Thomas";"https://www.civitatis.com/es/malia/tour-4x4-asterousia-agios-myronas-thomas/";"Go Crete Safari";"gocretesafari@gmail.com";"00306984789525";"GOCRETESAFARI KAI SIA EE | DOMINIKOU THEOTOKOPOULOU 12, Malia, Grecia";"";"88373.42";"0";"2";"0.0";"CLP";"2026-02-24"
"Grecia";"Delfos";"Entrada al yacimiento arqueológico de Delfos";"https://www.civitatis.com/es/delfos/entrada-delfos/";"Key Tours S.a.";"reservations@keytours.gr";"+30 210 9233 166";"Key Tours S.A. | 26 Ath.Diakou Str, Atenas, Grecia";"";"31254.01";"15";"277";"6.0";"CLP";"2026-02-24"
"Grecia";"Ágios Nikolaos";"Paseo en barco por la bahía de Mirabello";"https://www.civitatis.com/es/agios-nikolaos/paseo-barco-bahia-mirabello/";"Daneri Yachts";"daneriyachts@gmail.com";"+30 6945040555";"FLY & SAIL PC | Lilis Zografou 14, Heraklión, Grecia";"";"150881.45";"0";"3";"0.0";"CLP";"2026-02-24"
"Grecia";"Ágios Nikolaos";"Alquiler de barco en Ágios Nikolaos";"https://www.civitatis.com/es/agios-nikolaos/alquiler-barco-agios-nikolaos/";"Mirabello Boats";"info@mirabelloboats.gr";"6946616794";"Xenikakis Giorgos | Kazani 49, Ágios Nikolaos, Grecia";"";"215544.93";"0";"4";"0.0";"CLP";"2026-02-24"
"Grecia";"Uranópolis";"Paseo en barco por el Monte Athos";"https://www.civitatis.com/es/uranopolis/paseo-barco-monte-athos/";"Calypso Cruises";"contact@calypso-cruises.gr";"+30 6979110330";"ATHOS HELLAS EPE | IERISSOS CHALKIDIK, Ouranoupolis, Grecia";"";"26943.11";"0";"59";"0.0";"CLP";"2026-02-24"
"Grecia";"Uranópolis";"Crucero por la Laguna Azul";"https://www.civitatis.com/es/uranopolis/crucero-laguna-azul-playa-alykes/";"Calypso Cruises";"contact@calypso-cruises.gr";"+30 6979110330";"ATHOS HELLAS EPE | IERISSOS CHALKIDIK, Ouranoupolis, Grecia";"";"43108.98";"3";"42";"8.0";"CLP";"2026-02-24"
"Grecia";"Uranópolis";"Paseo en barco con fondo de cristal por el Monte Athos";"https://www.civitatis.com/es/uranopolis/crucero-monte-athos-playa-alykes/";"Nikolaos Lempidas";"eirinikosglassbottom.kristi@gmail.com";"+306981745586";"NIKOLAOS LEMPIDAS NAFTIKI ETAIRIA | Iroon 40, Ierissos Halkidiki, Ierissos Halkidiki, Grecia";"";"32331.74";"2";"20";"9.0";"CLP";"2026-02-24"
"Grecia";"Amorgos";"Tour por Amorgos, la vuelta a la isla";"https://www.civitatis.com/es/amorgos/tour-amorgos/";"Dream Blue";"info@worduzz.gr";"+30 22850 73288";"S&E GIANNAKOPOULOS S.A. | Tholaria, Aegiali, Amorgos, Grecia";"";"80829.35";"0";"6";"0.0";"CLP";"2026-02-24"
"Grecia";"Ioánina";"Rafting en el río Voïdomátis";"https://www.civitatis.com/es/ioanina/rafting-rio-voidomatis/";"Active Nature";"exarhos2015@gmail.com";"6937667799";"Cristos Nikolaou | Psina Dodonis Ioannina, Ioánina, Grecia";"";"43108.98";"1";"16";"10.0";"CLP";"2026-02-24"
"Grecia";"Ioánina";"Rápel en la garganta de Nefeli";"https://www.civitatis.com/es/ioanina/rapel-garganta-nefeli/";"Active Nature";"exarhos2015@gmail.com";"6937667799";"Cristos Nikolaou | Psina Dodonis Ioannina, Ioánina, Grecia";"";"75440.72";"0";"0";"0.0";"CLP";"2026-02-24"
"Grecia";"Ioánina";"Rafting en el río Aracto";"https://www.civitatis.com/es/ioanina/rafting-rio-aracto/";"Active Nature";"exarhos2015@gmail.com";"6937667799";"Cristos Nikolaou | Psina Dodonis Ioannina, Ioánina, Grecia";"";"53886.23";"1";"2";"10.0";"CLP";"2026-02-24"
"Grecia";"Cos";"Excursión a Nísiros";"https://www.civitatis.com/es/cos/excursion-nisiros/";"Lazaros Technitis";"info@kosactivities.gr";"+30 22420 49150";"KOS ACTIVITIES | 22 MITR ZAHARIA B, Cos, Grecia";"";"32331.74";"7";"79";"8.9";"CLP";"2026-02-24"
"Grecia";"Cos";"Excursión a Kálimnos, Pserimos y Plati";"https://www.civitatis.com/es/cos/excursion-kalimnos-pserimos-plati/";"Lazaros Technitis";"info@kosactivities.gr";"+30 22420 49150";"KOS ACTIVITIES | 22 MITR ZAHARIA B, Cos, Grecia";"";"32331.74";"0";"50";"0.0";"CLP";"2026-02-24"
"Grecia";"Cos";"Baño y masaje en un hammam tradicional";"https://www.civitatis.com/es/cos/bano-masaje-hammam-tradicional/";"Arbek Travel Agency";"info@arbektravel.com";"0090 544 455 00 06";"Fb Turizm ve Ticaret Limited Sirketi | Kemeraltı Mahallesi 64 Sokak No 2/z2, Marmaris, Turquía";"";"58197.13";"2";"18";"9.0";"CLP";"2026-02-24"
"Grecia";"Cos";"Paseo en barco con fondo de cristal por Cos";"https://www.civitatis.com/es/cos/paseo-barco-fondo-cristal/";"Kos Cruise Experts";"hello@koscruisexperts.gr";"+306934589901";"Christodoulos Hatziioannou (Agios Savvas Naftiki Etairia) | AG. THEOLOGOS, KALYMNOS, Grecia";"";"26943.11";"0";"11";"0.0";"CLP";"2026-02-24"
"Grecia";"Cos";"Traslados en Cos";"https://www.civitatis.com/es/cos/traslados/";"No especificado / Único";"N/A";"N/A";"N/A";"";"51730.78";"4";"334";"9.0";"CLP";"2026-02-24"
"Grecia";"Kísamos";"Excursión a la laguna de Balos e isla de Gramvousa";"https://www.civitatis.com/es/kisamos/excursion-laguna-balos-gramvousa/";"Cretan Daily Cruises";"marketing@cretandailycruises.com";"+302822022888";"CRETAN DAILY CRUISES | Port of Kissamos, Kissamos, Chania, Crete, Grecia";"";"43108.98";"20";"248";"6.0";"CLP";"2026-02-24"
"Grecia";"Ierápetra ";"Excursión a la isla Chrisi";"https://www.civitatis.com/es/ierapetra/excursion-isla-chrisi/";"Chrissi Daily Cruises";"info@chrissidailycruises.com";"+30 28220 83311";"CHRISSI DAILY CRUISES | 73400 KISAMOS -CHANIA -Greece, KISAMOS -CHANIA, Grecia";"";"43108.98";"13";"160";"6.2";"CLP";"2026-02-24"
"Grecia";"Skópelos";"Tour de Mamma Mia por Skópelos";"https://www.civitatis.com/es/skopelos/tour-mamma-mia-skopelos/";"Mtm Tourism Greece Oe";"res@mtmdmc.gr";"+30 6981771000";"MTM TOURISM GREECE OE | ΑSKLIPIOU 23 - ATHENS, Atenas, Grecia";"";"54963.95";"30";"416";"8.8";"CLP";"2026-02-24"
"Grecia";"Skópelos";"Tour por Skópelos, Pyrgos y playa Panormos";"https://www.civitatis.com/es/skopelos/tour-skopelos-pyrgos-playa-panormos/";"Mtm Tourism Greece Oe";"res@mtmdmc.gr";"+30 6981771000";"MTM TOURISM GREECE OE | ΑSKLIPIOU 23 - ATHENS, Atenas, Grecia";"";"37720.36";"0";"6";"0.0";"CLP";"2026-02-24"
"Grecia";"Skópelos";"Tour por Skópelos al atardecer";"https://www.civitatis.com/es/skopelos/tour-skopelos-atardecer/";"Mtm Tourism Greece Oe";"res@mtmdmc.gr";"+30 6981771000";"MTM TOURISM GREECE OE | ΑSKLIPIOU 23 - ATHENS, Atenas, Grecia";"";"53886.23";"1";"2";"10.0";"CLP";"2026-02-24"
"Grecia";"Préveza";"Paseo en barco por el golfo de Arta";"https://www.civitatis.com/es/preveza/paseo-barco-golfo-arta/";"Amvrakikos Cruises";"dimitriosgiovanos@gmail.com";"+30 6949353576";"GIOVANOS DIMITRIOS | Kamarina, Préveza, Grecia";"";"64663.48";"2";"6";"9.0";"CLP";"2026-02-24"
"Grecia";"Zagori";"Tour privado por Zagori, Vikos y Papingo";"https://www.civitatis.com/es/zagori/tour-privado-zagori-vikos-papingo/";"Epirus Adventures";"info@epirusadventures.com";"6955755852";"ΚΑΡΑΓΙΑΝΝΗΣ ΓΕΩΡΓΙΟΣ | Koukouli, Zagori , Aspraggeli, Grecia";"";"290985.66";"0";"0";"0.0";"CLP";"2026-02-24"
"Grecia";"Scíathos";"Tour de Mamma Mia por Skópelos";"https://www.civitatis.com/es/sciathos/tour-mamma-mia-skopelos/";"Mtm Tourism Greece Oe";"res@mtmdmc.gr";"+30 6981771000";"MTM TOURISM GREECE OE | ΑSKLIPIOU 23 - ATHENS, Atenas, Grecia";"";"57658.27";"9";"176";"6.2";"CLP";"2026-02-24"
"Grecia";"Scíathos";"Tour de Scíathos, la vuelta a la isla en barco";"https://www.civitatis.com/es/sciathos/tour-isla-sciathos-barco/";"Mtm Tourism Greece Oe";"res@mtmdmc.gr";"+30 6981771000";"MTM TOURISM GREECE OE | ΑSKLIPIOU 23 - ATHENS, Atenas, Grecia";"";"51730.78";"6";"61";"8.3";"CLP";"2026-02-24"
"Grecia";"Scíathos";"Excursión privada desde Scíathos";"https://www.civitatis.com/es/sciathos/excursion-privada-sciathos/";"Prive";"prive.trip.skiathos@gmail.com";"00306977699849";"FERGADIS KONSTANTINOS | PATRIARCO GRIGORIOU SO , Scíathos, Grecia";"";"484976.11";"0";"14";"0.0";"CLP";"2026-02-24"
"Grecia";"Scíathos";"Excursión a Skópelos y Alónnisos";"https://www.civitatis.com/es/sciathos/excursion-skopelos-alonnisos/";"Mtm Tourism Greece Oe";"res@mtmdmc.gr";"+30 6981771000";"MTM TOURISM GREECE OE | ΑSKLIPIOU 23 - ATHENS, Atenas, Grecia";"";"66818.93";"5";"26";"8.4";"CLP";"2026-02-24"
"Grecia";"Casandra";"Paseo en barco pirata por la Laguna Azul";"https://www.civitatis.com/es/casandra/paseo-barco-pirata-laguna-azul/";"Mtm Tourism Greece Oe";"res@mtmdmc.gr";"+30 6981771000";"MTM TOURISM GREECE OE | ΑSKLIPIOU 23 - ATHENS, Atenas, Grecia";"";"64663.48";"1";"10";"8.0";"CLP";"2026-02-24"
"Grecia";"Casandra";"Buceo o snorkel en Calcídica";"https://www.civitatis.com/es/casandra/buceo-snorkel-calcidica/";"Triton Scuba Diving Center";"tritonscubacenter@gmail.com";"+306939220628";"Γ ΜΠΟΤΣΙΝ ΚΑΙ ΣΙΑ ΟΕ | ΞΕΝΟΔΟΧΕΙΟ ΧΡΟΥΣΣΩ ΠΑΛΙΟΥΡΙ 0, Pefkohori, Grecia";"";"64663.48";"0";"0";"0.0";"CLP";"2026-02-24"
"Grecia";"Sithonia";"Paseo en barco pirata por la Laguna Azul";"https://www.civitatis.com/es/sithonia/paseo-barco-pirata-laguna-azul/";"Mtm Tourism Greece Oe";"res@mtmdmc.gr";"+30 6981771000";"MTM TOURISM GREECE OE | ΑSKLIPIOU 23 - ATHENS, Atenas, Grecia";"";"64663.48";"1";"10";"8.0";"CLP";"2026-02-24"
"Grecia";"Sithonia";"Paseo en barco privado por la península de Sithonia";"https://www.civitatis.com/es/neos-marmaras/paseo-barco-privado-peninsula-sithonia/";"Helionautica";"info@helionautica.com";"+306974761299";"HELIONAUTIKA ΜΟΝΟΠΡΟΣΩΠΗ Ι Κ Ε | Vakchou 1, Salónica, Grecia";"";"484976.11";"0";"0";"0.0";"CLP";"2026-02-24"
"Grecia";"Agia Pelagia";"Snorkel en Agia Pelagia";"https://www.civitatis.com/es/agia-pelagia/snorkel-agia-pelagia/";"Aquadive Unique Scuba Experience";"aquadivecenter@outlook.com";"6945307547";"IOANNIS MARAVELAKIS | ELEUTHERIOU VENIZELOU 2, AGIA PELAGIA, CRETE, Grecia";"";"48497.61";"4";"65";"8.5";"CLP";"2026-02-24"
"Grecia";"Agia Pelagia";"Tour en quad por Agia Pelagia";"https://www.civitatis.com/es/agia-pelagia/tour-quad-agia-pelagia/";"Ela Quad Safari";"georgebellos678@yahoo.com";"+306949443991";"Bellos Georgios | Mononaftis baie, Agia Pelagia, Grecia";"";"91606.59";"0";"8";"0.0";"CLP";"2026-02-24"
"Grecia";"Micenas";"Entrada al yacimiento arqueológico de Micenas";"https://www.civitatis.com/es/micenas/entrada-micenas/";"Key Tours S.a.";"reservations@keytours.gr";"+30 210 9233 166";"Key Tours S.A. | 26 Ath.Diakou Str, Atenas, Grecia";"";"28020.84";"8";"196";"8.5";"CLP";"2026-02-24"
"Grecia";"Micenas";"Tour por Micenas y Nauplia para cruceros";"https://www.civitatis.com/es/nauplia/tour-micenas-nauplia-cruceros/";"Shore2Shore";"info@shore2shore.es";"928 51 53 52";"CALIMA SHORE TRAVEL S.L. | CALLE PARDELERA 8, Puerto Del Carmen, España";"";"34487.19";"5";"136";"7.2";"CLP";"2026-02-24"
"Grecia";"Olimpia";"Entrada al yacimiento arqueológico de Olimpia";"https://www.civitatis.com/es/olimpia/entrada-olimpia/";"Key Tours S.a.";"reservations@keytours.gr";"+30 210 9233 166";"Key Tours S.A. | 26 Ath.Diakou Str, Atenas, Grecia";"";"28020.84";"17";"237";"7.8";"CLP";"2026-02-24"
"Grecia";"Olimpia";"Excursión a Olimpia para cruceros";"https://www.civitatis.com/es/katakolo/excursion-olimpia-cruceros/";"Shore2Shore";"info@shore2shore.es";"928 51 53 52";"CALIMA SHORE TRAVEL S.L. | CALLE PARDELERA 8, Puerto Del Carmen, España";"";"32331.74";"116";"4393";"7.9";"CLP";"2026-02-24"
"Grecia";"Epidauro";"Entrada al yacimiento arqueológico de Epidauro";"https://www.civitatis.com/es/epidauro/entrada-epidauro/";"Key Tours S.a.";"reservations@keytours.gr";"+30 210 9233 166";"Key Tours S.A. | 26 Ath.Diakou Str, Atenas, Grecia";"";"28020.84";"12";"288";"7.3";"CLP";"2026-02-24"
"Grecia";"Egina";"Ferry entre Atenas y Egina";"https://www.civitatis.com/es/egina/ferry-atenas-egina/";"Ferryhopper";"t.saralegui@ferryhopper.com";"+30 21 1198 3159";"Ferryhopper SA | Thessalonikis 147 Moschato, Atenas, Grecia";"";"12027.4";"6";"91";"8.7";"CLP";"2026-02-24"
"Grecia";"Corinto";"Crucero por el canal de Corinto";"https://www.civitatis.com/es/corinto/crucero-canal-corinto/";"Sea Turtle Maritime Company";"zografil1@gmail.com";"+306906812888";"SEA TURTLE MARITIME COMPANY | Settlement of Alissos of the Municipality of West Achaia 0, Brachnaika, Grecia";"";"43108.98";"0";"4";"0.0";"CLP";"2026-02-24"
