"pais";"destino";"actividad";"url_actividad";"operador";"email";"telefono";"direccion";"descripcion";"precio_real";"opiniones";"viajeros";"rating";"moneda";"fecha_scan"
"Países Bajos";"Ámsterdam";"Excursión a Volendam, Marken, Edam y Zaanse Schans";"https://www.civitatis.com/es/amsterdam/excursion-zaanse-schans-volendam-marken/";"Camaleón Tours";"reservas@camaleontours.com";"+31 615 467 640";"Camaleón Tours B.V. | Bernhard Eilershof 9, Ámsterdam, Países Bajos";"";"42031.26";"26734";"236920";"9.3";"CLP";"2026-02-24"
"Países Bajos";"Ámsterdam";"Free tour por Ámsterdam";"https://www.civitatis.com/es/amsterdam/free-tour-amsterdam/";"Camaleón Tours";"reservas@camaleontours.com";"+31 615 467 640";"Camaleón Tours B.V. | Bernhard Eilershof 9, Ámsterdam, Países Bajos";"";"0.0";"42859";"875078";"9.5";"CLP";"2026-02-24"
"Países Bajos";"Ámsterdam";"Free tour por Ámsterdam";"https://www.civitatis.com/es/amsterdam/free-tour-amsterdam/";"Viaterra (Países Bajos)";"unaifontal@viaterratours.com";"+31630104018";"WUT4 TOURS B.V | Maerten van Heemskerckstraat 39, Haarlem, Países Bajos";"";"0.0";"42859";"875078";"9.5";"CLP";"2026-02-24"
"Países Bajos";"Ámsterdam";"Free tour por Ámsterdam";"https://www.civitatis.com/es/amsterdam/free-tour-amsterdam/";"El Amsterdamer";"elamsterdamer@gmail.com";"+31619752987";"Carlos Soriano Molla | Elpermeer 187 1A, Ámsterdam, Países Bajos";"";"0.0";"42859";"875078";"9.5";"CLP";"2026-02-24"
"Países Bajos";"Ámsterdam";"Paseo en barco por los canales";"https://www.civitatis.com/es/amsterdam/paseo-barco-canales-amsterdam/";"Tours & Tickets";"reservations@enticon.com";"+31 020 705 4938";"ENTICON B2B B.V. | New Yorkstraat 3, Lijnden, Países Bajos";"";"15088.14";"5318";"101745";"7.8";"CLP";"2026-02-24"
"Países Bajos";"Ámsterdam";"Excursión a Keukenhof";"https://www.civitatis.com/es/amsterdam/excursion-keukenhof/";"Camaleón Tours";"reservas@camaleontours.com";"+31 615 467 640";"Camaleón Tours B.V. | Bernhard Eilershof 9, Ámsterdam, Países Bajos";"";"63585.75";"2078";"23942";"8.7";"CLP";"2026-02-24"
"Países Bajos";"Ámsterdam";"Traslados en Ámsterdam";"https://www.civitatis.com/es/amsterdam/traslados/";"No especificado / Único";"N/A";"N/A";"N/A";"";"50653.06";"6636";"103280";"9.3";"CLP";"2026-02-24"
"Países Bajos";"Ámsterdam";"Excursión a Brujas";"https://www.civitatis.com/es/amsterdam/excursion-brujas/";"Camaleón Tours";"reservas@camaleontours.com";"+31 615 467 640";"Camaleón Tours B.V. | Bernhard Eilershof 9, Ámsterdam, Países Bajos";"";"50653.06";"3738";"69869";"8.6";"CLP";"2026-02-24"
"Países Bajos";"Ámsterdam";"Excursión a Brujas";"https://www.civitatis.com/es/amsterdam/excursion-brujas/";"Buendía Países Bajos";"paisesbajos@buendiatours.com";"624136618";"BUENDIA TRAVEL & TECH SL | C/ URÍA, 58, 3º, Oviedo, España";"";"50653.06";"3738";"69869";"8.6";"CLP";"2026-02-24"
"Países Bajos";"Ámsterdam";"Excursión exprés a Volendam, Marken, Edam y Zaanse Schans";"https://www.civitatis.com/es/amsterdam/roterdam-marken-volendam-zaanse-schans/";"Amsterdam Guías & Tours Bv";"david@guiasytours.com";"+3168937548";"Amsterdam Guias & Tours BV | Oudebrugsteeg 9, Ámsterdam, Países Bajos";"";"31254.01";"19";"1394";"9.3";"CLP";"2026-02-24"
"Países Bajos";"Ámsterdam";"Entrada al Museo Van Gogh";"https://www.civitatis.com/es/amsterdam/entrada-museo-van-gogh/";"Van Gogh Museum";"H.Blommestijn@vangoghmuseum.nl";"+31 20 570 5200";"Van Gogh Museum | Gabriël Metsustraat 8, Ámsterdam, Países Bajos";"";"29098.56";"542";"9398";"9.2";"CLP";"2026-02-24"
"Países Bajos";"Ámsterdam";"Free tour por el Barrio Rojo";"https://www.civitatis.com/es/amsterdam/free-tour-barrio-rojo/";"Viaterra (Países Bajos)";"unaifontal@viaterratours.com";"+31630104018";"WUT4 TOURS B.V | Maerten van Heemskerckstraat 39, Haarlem, Países Bajos";"";"0.0";"233";"6252";"9.4";"CLP";"2026-02-24"
"Países Bajos";"Ámsterdam";"Excursión a Róterdam y La Haya";"https://www.civitatis.com/es/amsterdam/excursion-roterdam-haya/";"Camaleón Tours";"reservas@camaleontours.com";"+31 615 467 640";"Camaleón Tours B.V. | Bernhard Eilershof 9, Ámsterdam, Países Bajos";"";"42031.26";"2286";"19958";"8.9";"CLP";"2026-02-24"
"Países Bajos";"Ámsterdam";"Visita guiada por el Barrio Rojo";"https://www.civitatis.com/es/amsterdam/paseo-barrio-rojo/";"Camaleón Tours";"reservas@camaleontours.com";"+31 615 467 640";"Camaleón Tours B.V. | Bernhard Eilershof 9, Ámsterdam, Países Bajos";"";"20153.45";"4336";"57466";"9.4";"CLP";"2026-02-24"
"Países Bajos";"Ámsterdam";"Tour de Ana Frank por el barrio judío";"https://www.civitatis.com/es/amsterdam/tour-ana-frank/";"360 Amsterdam";"shop@360amsterdamtours.com";"0634977829";"360 Amsterdam Tours BV | Oudezijds Voorburgwal 187K, Ámsterdam, Países Bajos";"";"25865.39";"3452";"36636";"9.2";"CLP";"2026-02-24"
"Países Bajos";"Ámsterdam";"Tour en bicicleta por Ámsterdam";"https://www.civitatis.com/es/amsterdam/tour-amsterdam-bicicleta/";"Amsterdam En Bicicleta";"ana@amsterdamenbicicleta.com";"+31 647 148 750";"Amsterdam BiciTours V.O.F | Nieuwe Keizersgracht 484, Ámsterdam, Países Bajos";"";"37720.36";"1674";"25990";"9.3";"CLP";"2026-02-24"
"Países Bajos";"Ámsterdam";"Excursión a Zaanse Schans";"https://www.civitatis.com/es/amsterdam/excursion-molinos-zaanse-schans/";"Camaleón Tours";"reservas@camaleontours.com";"+31 615 467 640";"Camaleón Tours B.V. | Bernhard Eilershof 9, Ámsterdam, Países Bajos";"";"26943.11";"1367";"26341";"8.5";"CLP";"2026-02-24"
"Países Bajos";"Ámsterdam";"Excursión a Zaanse Schans";"https://www.civitatis.com/es/amsterdam/excursion-molinos-zaanse-schans/";"Tour Company Nl";"info@tourcompany.nl";"+31 6 29 78 41 55";"Tour Company BV | Olingermeeden 1, Appingedam, Países Bajos";"";"26943.11";"1367";"26341";"8.5";"CLP";"2026-02-24"
"Países Bajos";"Ámsterdam";"Tour de la II Guerra Mundial por el Barrio Judío";"https://www.civitatis.com/es/amsterdam/tour-ii-guerra-mundial-barrio-judio/";"Viaterra (Países Bajos)";"unaifontal@viaterratours.com";"+31630104018";"WUT4 TOURS B.V | Maerten van Heemskerckstraat 39, Haarlem, Países Bajos";"";"21554.49";"211";"4329";"9.6";"CLP";"2026-02-24"
"Países Bajos";"Ámsterdam";"Excursión a Keukenhof y Zaanse Schans";"https://www.civitatis.com/es/amsterdam/excursion-keukenhof-zaanse-schans/";"Tour Company Nl";"info@tourcompany.nl";"+31 6 29 78 41 55";"Tour Company BV | Olingermeeden 1, Appingedam, Países Bajos";"";"99689.53";"21";"475";"8.9";"CLP";"2026-02-24"
"Países Bajos";"Ámsterdam";"Entradas para la Heineken Experience";"https://www.civitatis.com/es/amsterdam/entrada-heineken-experience/";"Heineken Experience";"Lisa.Kalkhuis@heineken.com";"";"HEINEKEN INTERNATIONAL B.V. | Tweede Weteringplantsoen 21,, Ámsterdam, Países Bajos";"";"26889.23";"652";"13589";"8.6";"CLP";"2026-02-24"
"Países Bajos";"Ámsterdam";"Visita guiada por el Museo Van Gogh";"https://www.civitatis.com/es/amsterdam/visita-museo-van-gogh/";"Camaleón Tours";"reservas@camaleontours.com";"+31 615 467 640";"Camaleón Tours B.V. | Bernhard Eilershof 9, Ámsterdam, Países Bajos";"";"63585.75";"996";"18263";"9.7";"CLP";"2026-02-24"
"Países Bajos";"Ámsterdam";"Visita guiada por el Museo Van Gogh";"https://www.civitatis.com/es/amsterdam/visita-museo-van-gogh/";"Viaterra (Países Bajos)";"unaifontal@viaterratours.com";"+31630104018";"WUT4 TOURS B.V | Maerten van Heemskerckstraat 39, Haarlem, Países Bajos";"";"63585.75";"996";"18263";"9.7";"CLP";"2026-02-24"
"Países Bajos";"Ámsterdam";"Autobús a Keukenhof con entrada";"https://www.civitatis.com/es/amsterdam/autobus-keukenhof-entrada/";"Tours & Tickets";"reservations@enticon.com";"+31 020 705 4938";"ENTICON B2B B.V. | New Yorkstraat 3, Lijnden, Países Bajos";"";"37073.72";"331";"9952";"7.8";"CLP";"2026-02-24"
"Países Bajos";"Ámsterdam";"Autobús a Keukenhof con entrada";"https://www.civitatis.com/es/amsterdam/autobus-keukenhof-entrada/";"Holland Ticket Services";"heleen@hollandticketservices.com";"0031 6 51203087";"Holland Ticket Services B.V. | Steenbakkerstraat 1, Katwijk, Países Bajos";"";"37073.72";"331";"9952";"7.8";"CLP";"2026-02-24"
"Países Bajos";"Ámsterdam";"Crucero nocturno por los canales de Ámsterdam";"https://www.civitatis.com/es/amsterdam/crucero-velas-amsterdam/";"Tours & Tickets";"reservations@enticon.com";"+31 020 705 4938";"ENTICON B2B B.V. | New Yorkstraat 3, Lijnden, Países Bajos";"";"37720.36";"827";"15563";"8.7";"CLP";"2026-02-24"
"Países Bajos";"Ámsterdam";"Visita guiada por Ámsterdam en grupo reducido";"https://www.civitatis.com/es/amsterdam/visita-guiada-amsterdam/";"Amsterdam Guías & Tours Bv";"david@guiasytours.com";"+3168937548";"Amsterdam Guias & Tours BV | Oudebrugsteeg 9, Ámsterdam, Países Bajos";"";"21446.72";"1073";"11472";"9.2";"CLP";"2026-02-24"
"Países Bajos";"Ámsterdam";"Visita guiada por el Rijksmuseum";"https://www.civitatis.com/es/amsterdam/visita-guiada-rijksmuseum/";"Camaleón Tours";"reservas@camaleontours.com";"+31 615 467 640";"Camaleón Tours B.V. | Bernhard Eilershof 9, Ámsterdam, Países Bajos";"";"63585.75";"423";"3122";"9.5";"CLP";"2026-02-24"
"Países Bajos";"Ámsterdam";"Crucero por los canales con cena de lujo";"https://www.civitatis.com/es/amsterdam/crucero-cena-amsterdam/";"Tours & Tickets";"reservations@enticon.com";"+31 020 705 4938";"ENTICON B2B B.V. | New Yorkstraat 3, Lijnden, Países Bajos";"";"95917.49";"260";"3200";"8.1";"CLP";"2026-02-24"
"Países Bajos";"Ámsterdam";"Free tour por Jordaan y Leidseplein";"https://www.civitatis.com/es/amsterdam/tour-jordaan-leidseplein-vondelpark/";"Camaleón Tours";"reservas@camaleontours.com";"+31 615 467 640";"Camaleón Tours B.V. | Bernhard Eilershof 9, Ámsterdam, Países Bajos";"";"0.0";"1684";"39284";"9.2";"CLP";"2026-02-24"
"Países Bajos";"Ámsterdam";"Free tour por Jordaan y Leidseplein";"https://www.civitatis.com/es/amsterdam/tour-jordaan-leidseplein-vondelpark/";"Pandres";"pandres.tours@gmail.com";"+31 685412051";"Pau Andrés Juan | 1054 HJ, Ámsterdam, Países Bajos";"";"0.0";"1684";"39284";"9.2";"CLP";"2026-02-24"
"Países Bajos";"Ámsterdam";"Tour privado por Ámsterdam";"https://www.civitatis.com/es/amsterdam/tour-privado-amsterdam/";"Camaleón Tours";"reservas@camaleontours.com";"+31 615 467 640";"Camaleón Tours B.V. | Bernhard Eilershof 9, Ámsterdam, Países Bajos";"";"210156.31";"466";"16664";"9.5";"CLP";"2026-02-24"
"Países Bajos";"Ámsterdam";"Entrada al Museo Moco de Ámsterdam";"https://www.civitatis.com/es/amsterdam/entrada-museo-moco/";"Moco Museum Amsterdam";"justin@mocomuseum.com";"684467089";"Moco Amsterdam BV | Honthorststraat 20, Ámsterdam, Países Bajos";"";"19399.04";"118";"3127";"8.3";"CLP";"2026-02-24"
"Países Bajos";"Ámsterdam";"Excursión a Utrecht y Gouda";"https://www.civitatis.com/es/amsterdam/excursion-utrecht-gouda/";"Camaleón Tours";"reservas@camaleontours.com";"+31 615 467 640";"Camaleón Tours B.V. | Bernhard Eilershof 9, Ámsterdam, Países Bajos";"";"63585.75";"35";"298";"9.0";"CLP";"2026-02-24"
"Países Bajos";"Ámsterdam";"Excursión a Giethoorn";"https://www.civitatis.com/es/amsterdam/excursion-giethoorn/";"Tours & Tickets";"reservations@enticon.com";"+31 020 705 4938";"ENTICON B2B B.V. | New Yorkstraat 3, Lijnden, Países Bajos";"";"63585.75";"543";"10231";"8.0";"CLP";"2026-02-24"
"Países Bajos";"Ámsterdam";"Paseo en barca con guía en español";"https://www.civitatis.com/es/amsterdam/paseo-barca-guia-espanol/";"Amsterdam Guías & Tours Bv";"david@guiasytours.com";"+3168937548";"Amsterdam Guias & Tours BV | Oudebrugsteeg 9, Ámsterdam, Países Bajos";"";"20476.76";"137";"1928";"8.5";"CLP";"2026-02-24"
"Países Bajos";"Ámsterdam";"Excursión a Róterdam, Delft y La Haya";"https://www.civitatis.com/es/amsterdam/tour-roterdam-la-haya-madurodam/";"Tours & Tickets";"reservations@enticon.com";"+31 020 705 4938";"ENTICON B2B B.V. | New Yorkstraat 3, Lijnden, Países Bajos";"";"61430.3";"1172";"11523";"6.9";"CLP";"2026-02-24"
"Países Bajos";"Ámsterdam";"Excursión a Róterdam, Delft y La Haya";"https://www.civitatis.com/es/amsterdam/tour-roterdam-la-haya-madurodam/";"Tour Company Nl";"info@tourcompany.nl";"+31 6 29 78 41 55";"Tour Company BV | Olingermeeden 1, Appingedam, Países Bajos";"";"61430.3";"1172";"11523";"6.9";"CLP";"2026-02-24"
"Países Bajos";"Ámsterdam";"Entradas a A'DAM Lookout";"https://www.civitatis.com/es/amsterdam/entradas-adam-lookout/";"A'dam Lookout";"sven@adamlookout.com";"+31020";"A'DAM LOOKOUT B.V. | Overhoeksplein 5, Ámsterdam, Países Bajos";"";"22093.35";"26";"725";"8.2";"CLP";"2026-02-24"
"Países Bajos";"Ámsterdam";"Excursión a Bruselas y Brujas";"https://www.civitatis.com/es/amsterdam/excursion-bruselas-brujas/";"Amigo Tours Norte Y Centro Europa";"madrid+nor@amigotours.com";"91 129 34 83";"Amigo Group Europa, S.L. | Calle Francisco Silvela, 42, planta 1, Madrid, España";"";"214467.21";"130";"4590";"9.4";"CLP";"2026-02-24"
"Países Bajos";"Ámsterdam";"Tour gastronómico por Ámsterdam";"https://www.civitatis.com/es/amsterdam/tour-gastronomico-amsterdam/";"Ollantay Food Tour Amsterdam";"foodloverstouramsterdam@hotmail.com";"+33687013259";"MORICE ROMAIN | 11 R DE L AVIATEUR MARTEL, Ámsterdam, Países Bajos";"";"85140.25";"36";"381";"9.8";"CLP";"2026-02-24"
"Países Bajos";"Ámsterdam";"Entrada al Icebar Xtracold";"https://www.civitatis.com/es/amsterdam/entrada-icebar-xtracold/";"Tours & Tickets";"reservations@enticon.com";"+31 020 705 4938";"ENTICON B2B B.V. | New Yorkstraat 3, Lijnden, Países Bajos";"";"24248.8";"237";"5448";"8.7";"CLP";"2026-02-24"
"Países Bajos";"Ámsterdam";"Degustación de quesos holandeses";"https://www.civitatis.com/es/amsterdam/degustacion-quesos-holandeses/";"Henri Willig Cheese";"xander.nieuwenhuys@henriwillig.com";"+31640961865";"Henri Willig Kaas BV | Hoogedijk 8, PM Katwoude, Países Bajos";"";"24248.8";"95";"1571";"8.7";"CLP";"2026-02-24"
"Países Bajos";"Ámsterdam";"Free tour de los misterios y leyendas de Ámsterdam";"https://www.civitatis.com/es/amsterdam/tour-misterios-leyendas-amsterdam/";"El Amsterdamer";"elamsterdamer@gmail.com";"+31619752987";"Carlos Soriano Molla | Elpermeer 187 1A, Ámsterdam, Países Bajos";"";"0.0";"294";"8237";"8.9";"CLP";"2026-02-24"
"Países Bajos";"Ámsterdam";"Tour en bicicleta por Ámsterdam + Paseo en barco por los canales";"https://www.civitatis.com/es/amsterdam/tour-bicicleta-amsterdam-barco-canales/";"Amsterdam Guías & Tours Bv";"david@guiasytours.com";"+3168937548";"Amsterdam Guias & Tours BV | Oudebrugsteeg 9, Ámsterdam, Países Bajos";"";"44186.71";"165";"3186";"8.8";"CLP";"2026-02-24"
"Países Bajos";"Ámsterdam";"Tour en bicicleta por Ámsterdam + Paseo en barco por los canales";"https://www.civitatis.com/es/amsterdam/tour-bicicleta-amsterdam-barco-canales/";"Amsterdam En Bicicleta";"ana@amsterdamenbicicleta.com";"+31 647 148 750";"Amsterdam BiciTours V.O.F | Nieuwe Keizersgracht 484, Ámsterdam, Países Bajos";"";"44186.71";"165";"3186";"8.8";"CLP";"2026-02-24"
"Países Bajos";"Ámsterdam";"Tour privado por Ámsterdam en bicicleta";"https://www.civitatis.com/es/amsterdam/tour-privado-amsterdam-bicicleta/";"Amsterdam En Bicicleta";"ana@amsterdamenbicicleta.com";"+31 647 148 750";"Amsterdam BiciTours V.O.F | Nieuwe Keizersgracht 484, Ámsterdam, Países Bajos";"";"183213.19";"106";"1389";"9.7";"CLP";"2026-02-24"
"Países Bajos";"Ámsterdam";"Excursión a Zaanse Schans y Giethoorn";"https://www.civitatis.com/es/amsterdam/excursion-zaanse-schans-giethoorn/";"Cherry Travel & Tours";"info@cherrytraveltours.com";"0616121051";"Cherry Travel & Tours | Zeelandiahoeve, 199, AMSTELVEEN, Países Bajos";"";"148726.0";"3";"101";"10.0";"CLP";"2026-02-24"
"Países Bajos";"Ámsterdam";"Autobús y entrada a Keukenhof + Barco por los molinos de los lagos Kaag";"https://www.civitatis.com/es/amsterdam/keukenhof-barco-lagos-kaag/";"Holland Ticket Services";"heleen@hollandticketservices.com";"0031 6 51203087";"Holland Ticket Services B.V. | Steenbakkerstraat 1, Katwijk, Países Bajos";"";"58735.99";"11";"281";"7.5";"CLP";"2026-02-24"
"Países Bajos";"Ámsterdam";"Taller de stroopwafels en Ámsterdam";"https://www.civitatis.com/es/amsterdam/taller-stroopwafels-amsterdam/";"Fun Amsterdam";"partners@funamsterdam.com";"+31 20 810 0285";"We are Amsterdam BV | Herengracht 564,1017 CH Amsterdam,The Netherlands, Ámsterdam, Países Bajos";"";"24248.8";"11";"174";"9.5";"CLP";"2026-02-24"
"Países Bajos";"Ámsterdam";"Entrada al Museo de la Ciencia NEMO";"https://www.civitatis.com/es/amsterdam/entrada-museo-ciencia-nemo/";"Tours & Tickets";"reservations@enticon.com";"+31 020 705 4938";"ENTICON B2B B.V. | New Yorkstraat 3, Lijnden, Países Bajos";"";"23171.08";"9";"297";"8.0";"CLP";"2026-02-24"
"Países Bajos";"Ámsterdam";"Museo del Holocausto, Sinagoga Portuguesa, Museo Judío y Hollandsche Schouwburg";"https://www.civitatis.com/es/amsterdam/entrada-museos-sinagoga-barrio-judio/";"Jewish Cultural Quarter";"service@jck.nl";"+31634022773";"Stichting Joods Museum | Nieuwe Amstelstraat 1, Ámsterdam, Países Bajos";"";"21554.49";"32";"485";"7.9";"CLP";"2026-02-24"
"Países Bajos";"Ámsterdam";"I amsterdam City Card";"https://www.civitatis.com/es/amsterdam/amsterdam-city-card/";"Amsterdam&partners";"financien@iamsterdam.com";"";"Stichting Amsterdam Marketing | De Ruyterkade 5, 1013 AA, Ámsterdam, Países Bajos";"";"70052.1";"189";"3205";"8.4";"CLP";"2026-02-24"
"Países Bajos";"Ámsterdam";"Sesión fotográfica privada en Ámsterdam";"https://www.civitatis.com/es/amsterdam/sesion-fotografica-privada-amsterdam/";"Smiler";"bookings@joinsmiler.com";"+31208088522";"Smiler B.V. | Poortland 66,  Amsterdam, Ámsterdam, Países Bajos";"";"37720.36";"25";"548";"9.5";"CLP";"2026-02-24"
"Países Bajos";"Ámsterdam";"Tour privado en bicitaxi por Ámsterdam";"https://www.civitatis.com/es/amsterdam/tour-privado-bicitaxi-amsterdam/";"Pedicab Amsterdam";"apedinams@gmail.com";"+31633658214";"I Guido BikeTaXXXi VOF | Osdorperweg, 502, Ámsterdam, Países Bajos";"";"215544.93";"1";"11";"10.0";"CLP";"2026-02-24"
"Países Bajos";"Ámsterdam";"Excursión a Hoorn y Enkhuizen";"https://www.civitatis.com/es/amsterdam/excursion-hoorn-enkhuizen/";"Alexgoededag Tours";"roljoral@hotmail.com";"+31647413513";"Alexander Rol Jorge | Distel 61, Zwaag, Países Bajos";"";"59274.85";"0";"31";"0.0";"CLP";"2026-02-24"
"Países Bajos";"Ámsterdam";"Autobús turístico de Ámsterdam";"https://www.civitatis.com/es/amsterdam/autobus-turistico-amsterdam/";"City Sightseeing Eur";"bookings@city-sightseeing.com";"+44 0 1789 299123";"City Sightseeing Ltd | Suite 8 Floor 3 Grosvenor House Redditch, Worcestershire, Reino Unido";"";"31792.87";"360";"5951";"8.1";"CLP";"2026-02-24"
"Países Bajos";"Ámsterdam";"Entrada al Madame Tussauds de Ámsterdam";"https://www.civitatis.com/es/amsterdam/entrada-madame-tussauds/";"Ingresso Group Limited Eur";"garrythompson@ingresso.co.uk";"+44 0 1189347400";"Ingresso Group Limited | 1 Butterwick, Hammersmith, Londres, Reino Unido";"";"29098.56";"211";"5147";"8.9";"CLP";"2026-02-24"
"Países Bajos";"Ámsterdam";"Entrada al Museo STRAAT con audioguía";"https://www.civitatis.com/es/amsterdam/entrada-museo-straat/";"Blue Boat Company";"administratie@blueboat.nl";"+31206791370";"B.V. Algemene Amsterdamse Rederij Noord-Zuid | Stadhouderskade 30, Ámsterdam, Países Bajos";"";"21015.63";"0";"10";"0.0";"CLP";"2026-02-24"
"Países Bajos";"Ámsterdam";"Visita guiada por la Royal Experience Amsterdam";"https://www.civitatis.com/es/amsterdam/visita-guiada-royal-coster-diamonds/";"Royal Coster Diamonds B.v.";"facturen@royalcoster.com";"+31 0 20 3055 500";"Royal Coster Diamonds B.V. | Paulus Potterstraat 2, Ámsterdam, Países Bajos";"";"42570.12";"57";"601";"8.8";"CLP";"2026-02-24"
"Países Bajos";"Ámsterdam";"Hard Rock Cafe Amsterdam sin colas";"https://www.civitatis.com/es/amsterdam/hard-rock-cafe-amsterdam/";"Hard Rock Cafe Amsterdam";"amsterdam_social@hardrock.com";"+31 020 888-1358";"Hard Rock Cafe Amsterdam | Max Euweplein 59-61, Ámsterdam, Países Bajos";"";"32999.93";"61";"1231";"8.6";"CLP";"2026-02-24"
"Países Bajos";"Ámsterdam";"Entradas al Palacio Real de Ámsterdam con audioguía";"https://www.civitatis.com/es/amsterdam/entradas-palacio-real-amsterdam/";"Wegotrip";"partners@wegotrip.com";"+44 208 089 2265";"WEGOTRIP INC. | 447 Broadway, 2nd Floor, 1291, Nueva York, Estados Unidos";"";"19672.65";"6";"149";"9.7";"CLP";"2026-02-24"
"Países Bajos";"Ámsterdam";"Entrada a The Amsterdam Dungeon";"https://www.civitatis.com/es/amsterdam/entrada-amsterdam-dungeon/";"Ingresso Group Limited Eur";"garrythompson@ingresso.co.uk";"+44 0 1189347400";"Ingresso Group Limited | 1 Butterwick, Hammersmith, Londres, Reino Unido";"";"25865.39";"15";"304";"8.0";"CLP";"2026-02-24"
"Países Bajos";"Ámsterdam";"Entrada al Museo de la Casa Flotante";"https://www.civitatis.com/es/amsterdam/entrada-museo-casa-flotante/";"Boatboys B.v";"info@amsterdamprivateboat.com";"0639051068";"BoatBoys B.V | Oudeschans 64 Z, Ámsterdam, Países Bajos";"";"10777.24";"1";"8";"8.0";"CLP";"2026-02-24"
"Países Bajos";"Ámsterdam";"Entrada a AMAZE Ámsterdam";"https://www.civitatis.com/es/amsterdam/entrada-amaze-amsterdam/";"Amaze Amsterdam";"info@amaze-amsterdam.nl";"+31643378411";"AMAZE b.v. | Isolatorweg 36, Ámsterdam, Países Bajos";"";"29098.56";"4";"144";"6.5";"CLP";"2026-02-24"
"Países Bajos";"Ámsterdam";"Pub Crawl ¡Tour de fiesta por Ámsterdam!";"https://www.civitatis.com/es/amsterdam/pub-crawl-amsterdam/";"Ultimate Party";"info@joinultimateparty.com";"+31 6 14 32 12 09";"Ultimate Party BV | Herengracht 564, Ámsterdam, Países Bajos";"";"26943.11";"4";"76";"3.0";"CLP";"2026-02-24"
"Países Bajos";"Ámsterdam";"Excursión privada desde Ámsterdam";"https://www.civitatis.com/es/amsterdam/excursion-privada-amsterdam/";"Camaleón Tours";"reservas@camaleontours.com";"+31 615 467 640";"Camaleón Tours B.V. | Bernhard Eilershof 9, Ámsterdam, Países Bajos";"";"727464.17";"65";"1422";"9.7";"CLP";"2026-02-24"
"Países Bajos";"Ámsterdam";"Amsterdam Nightlife Ticket";"https://www.civitatis.com/es/amsterdam/amsterdam-nightlife-ticket/";"Amsterdam Nightlife - The New Event";"Menka@nightlifeticket.nl";"+31617755453";"H/O THE NEW EVENT | Herengracht 221, Ámsterdam, Países Bajos";"";"12393.83";"9";"731";"7.1";"CLP";"2026-02-24"
"Países Bajos";"Ámsterdam";"Barco navideño de Ámsterdam";"https://www.civitatis.com/es/amsterdam/barco-navidad-amsterdam/";"Blue Boat Company";"administratie@blueboat.nl";"+31206791370";"B.V. Algemene Amsterdamse Rederij Noord-Zuid | Stadhouderskade 30, Ámsterdam, Países Bajos";"";"27481.97";"31";"457";"6.6";"CLP";"2026-02-24"
"Países Bajos";"Ámsterdam";"Paseo en barca de flores por los canales";"https://www.civitatis.com/es/amsterdam/paseo-barca-flores-canales/";"Starboard Boats";"timo@starboardboats.nl";"+31619909425";"Starbordboats B.V. | Herengracht 564, Ámsterdam, Países Bajos";"";"21015.63";"15";"363";"8.8";"CLP";"2026-02-24"
"Países Bajos";"Ámsterdam";"Crucero por el mar de Frisia con avistamiento de focas";"https://www.civitatis.com/es/amsterdam/crucero-mar-frisia/";"Dutch Tours";"eva@dutchsealtours.com";"+31-6-28655996";"Dutch Tours | ARISTIDE BRIANDSTRAAT 27, DIEMEN, Países Bajos";"";"134715.58";"36";"328";"8.8";"CLP";"2026-02-24"
"Países Bajos";"Ámsterdam";"¿Escala en Ámsterdam? Tour privado desde el aeropuerto";"https://www.civitatis.com/es/amsterdam/tour-escala-amsterdam/";"Camaleón Tours";"reservas@camaleontours.com";"+31 615 467 640";"Camaleón Tours B.V. | Bernhard Eilershof 9, Ámsterdam, Países Bajos";"";"334094.65";"10";"196";"9.8";"CLP";"2026-02-24"
"Países Bajos";"Ámsterdam";"Tour en bicicleta por la campiña holandesa + Barco por los canales";"https://www.civitatis.com/es/amsterdam/bicicleta-campina-holandesa-barco-canales/";"Amsterdam Guías & Tours Bv";"david@guiasytours.com";"+3168937548";"Amsterdam Guias & Tours BV | Oudebrugsteeg 9, Ámsterdam, Países Bajos";"";"56041.68";"23";"207";"9.0";"CLP";"2026-02-24"
"Países Bajos";"Ámsterdam";"Excursión al mercado de queso de Gouda, Alkmaar o Edam";"https://www.civitatis.com/es/amsterdam/excursion-mercado-queso-gouda/";"Holland Ticket Services";"heleen@hollandticketservices.com";"0031 6 51203087";"Holland Ticket Services B.V. | Steenbakkerstraat 1, Katwijk, Países Bajos";"";"64124.61";"0";"14";"0.0";"CLP";"2026-02-24"
"Países Bajos";"Haarlem";"Free tour por Haarlem";"https://www.civitatis.com/es/haarlem/free-tour-haarlem/";"Camaleón Tours";"reservas@camaleontours.com";"+31 615 467 640";"Camaleón Tours B.V. | Bernhard Eilershof 9, Ámsterdam, Países Bajos";"";"0.0";"14";"638";"9.9";"CLP";"2026-02-24"
"Países Bajos";"Haarlem";"Paseo en barco por Haarlem";"https://www.civitatis.com/es/haarlem/paseo-barco-haarlem/";"Smidtje Canal Cruises";"online@smidtje.nl";"+31206706067";"Smidtje Group | Spaarne 11A, Haarlem, Países Bajos";"";"19937.9";"10";"87";"7.6";"CLP";"2026-02-24"
"Países Bajos";"Haarlem";"Visita guiada por Haarlem";"https://www.civitatis.com/es/haarlem/visita-guiada-haarlem/";"360 Haarlem Tours";"support@360haarlemtours.com";"0031619934503";"MASA Haarlem Tours | Hemelboog Binnen 45, Heerhugowaard, Países Bajos";"";"30715.15";"13";"216";"9.8";"CLP";"2026-02-24"
"Países Bajos";"Haarlem";"Tour privado por Haarlem";"https://www.civitatis.com/es/haarlem/tour-privado-haarlem/";"Independer Tours Amsterdam";"independertouradam@gmail.com";"+31 615640014";"Independer Tours Amsterdam | Grote hout of Koningsweg 38, Velsen Noord, Países Bajos";"";"274819.79";"0";"18";"0.0";"CLP";"2026-02-24"
"Países Bajos";"Haarlem";"Tour en bicicleta por Haarlem";"https://www.civitatis.com/es/haarlem/tour-bicicleta-haarlem/";"Bike Tours Haarlem";"info@biketourshaarlem.com";"0031232340004";"Bike Tours Haarlem | Drossestraat 2, Haarlem, Países Bajos";"";"26943.11";"0";"15";"0.0";"CLP";"2026-02-24"
"Países Bajos";"Haarlem";"Crucero con cata de vinos y quesos";"https://www.civitatis.com/es/haarlem/crucero-cata-vinos-quesos/";"Smidtje Canal Cruises";"online@smidtje.nl";"+31206706067";"Smidtje Group | Spaarne 11A, Haarlem, Países Bajos";"";"37666.47";"0";"1";"0.0";"CLP";"2026-02-24"
"Países Bajos";"La Haya";"Free tour por La Haya";"https://www.civitatis.com/es/la-haya/free-tour-la-haya/";"Camaleón Tours";"reservas@camaleontours.com";"+31 615 467 640";"Camaleón Tours B.V. | Bernhard Eilershof 9, Ámsterdam, Países Bajos";"";"0.0";"160";"4169";"8.3";"CLP";"2026-02-24"
"Países Bajos";"La Haya";"Free tour por La Haya";"https://www.civitatis.com/es/la-haya/free-tour-la-haya/";"Rotterdam Adventure Tours";"guiarotterdam@gmail.com";"+34 631718037";"Rotterdam Adventure Tours | Vondelweg 105K, Róterdam, Países Bajos";"";"0.0";"160";"4169";"8.3";"CLP";"2026-02-24"
"Países Bajos";"La Haya";"Autobús a Keukenhof con entrada";"https://www.civitatis.com/es/la-haya/autobus-keukenhof-entrada/";"Holland Ticket Services";"heleen@hollandticketservices.com";"0031 6 51203087";"Holland Ticket Services B.V. | Steenbakkerstraat 1, Katwijk, Países Bajos";"";"45803.29";"6";"59";"4.0";"CLP";"2026-02-24"
"Países Bajos";"Róterdam";"Free tour por Róterdam";"https://www.civitatis.com/es/roterdam/free-tour-roterdam/";"Rotterdam Adventure Tours";"guiarotterdam@gmail.com";"+34 631718037";"Rotterdam Adventure Tours | Vondelweg 105K, Róterdam, Países Bajos";"";"0.0";"2159";"28388";"9.3";"CLP";"2026-02-24"
"Países Bajos";"Róterdam";"Autobús a Keukenhof con entrada";"https://www.civitatis.com/es/roterdam/autobus-keukenhof-entrada/";"Holland Ticket Services";"heleen@hollandticketservices.com";"0031 6 51203087";"Holland Ticket Services B.V. | Steenbakkerstraat 1, Katwijk, Países Bajos";"";"45803.29";"6";"59";"4.0";"CLP";"2026-02-24"
"Países Bajos";"Róterdam";"Tour en autobús anfibio por Róterdam";"https://www.civitatis.com/es/roterdam/tour-bus-anfibio-roterdam/";"Tours & Tickets";"reservations@enticon.com";"+31 020 705 4938";"ENTICON B2B B.V. | New Yorkstraat 3, Lijnden, Países Bajos";"";"31792.87";"21";"293";"6.2";"CLP";"2026-02-24"
"Países Bajos";"Róterdam";"Tour de la arquitectura de Róterdam";"https://www.civitatis.com/es/roterdam/tour-arquitectura-roterdam/";"Walk Rotterdam";"info@walkrotterdam.com";"+31625397303";"Walk Rotterdam | Loods Holland 20 3024WC, Róterdam, Países Bajos";"";"48497.61";"18";"278";"9.8";"CLP";"2026-02-24"
"Países Bajos";"Róterdam";"Tour privado por Róterdam";"https://www.civitatis.com/es/roterdam/tour-privado-roterdam/";"Walk Rotterdam";"info@walkrotterdam.com";"+31625397303";"Walk Rotterdam | Loods Holland 20 3024WC, Róterdam, Países Bajos";"";"215544.93";"2";"79";"10.0";"CLP";"2026-02-24"
"Países Bajos";"Róterdam";"Tour del arte y la arquitectura de Róterdam";"https://www.civitatis.com/es/roterdam/tour-arte-arquitectura-roterdam/";"Walk Rotterdam";"info@walkrotterdam.com";"+31625397303";"Walk Rotterdam | Loods Holland 20 3024WC, Róterdam, Países Bajos";"";"59274.85";"4";"112";"10.0";"CLP";"2026-02-24"
"Países Bajos";"Róterdam";"Traslados en Róterdam";"https://www.civitatis.com/es/roterdam/traslados/";"No especificado / Único";"N/A";"N/A";"N/A";"";"80872.46";"14";"315";"9.7";"CLP";"2026-02-24"
"Países Bajos";"Róterdam";"Visita por Róterdam + Watertaxi";"https://www.civitatis.com/es/roterdam/visita-de-rotterdam-watertaxi/";"Walk Rotterdam";"info@walkrotterdam.com";"+31625397303";"Walk Rotterdam | Loods Holland 20 3024WC, Róterdam, Países Bajos";"";"75440.72";"2";"29";"8.0";"CLP";"2026-02-24"
"Países Bajos";"Róterdam";"Tour gastronómico por Róterdam";"https://www.civitatis.com/es/roterdam/tour-gastronomico-roterdam/";"Taste Your Way Around";"info@tasteyourwayaround.com";"+31610856375";"Taste Your Way Around | Boterbloemstraat 45, Odiliapeel, Países Bajos";"";"53886.23";"1";"8";"10.0";"CLP";"2026-02-24"
"Países Bajos";"Róterdam";"Visita guiada por Róterdam";"https://www.civitatis.com/es/roterdam/visita-guiada-roterdam/";"Walk Rotterdam";"info@walkrotterdam.com";"+31625397303";"Walk Rotterdam | Loods Holland 20 3024WC, Róterdam, Países Bajos";"";"26943.11";"0";"0";"0.0";"CLP";"2026-02-24"
"Países Bajos";"Róterdam";"Excursión a Ámsterdam para cruceros";"https://www.civitatis.com/es/roterdam/excursion-amsterdam-cruceros/";"Shore2Shore";"info@shore2shore.es";"928 51 53 52";"CALIMA SHORE TRAVEL S.L. | CALLE PARDELERA 8, Puerto Del Carmen, España";"";"63585.75";"15";"435";"9.5";"CLP";"2026-02-24"
"Países Bajos";"Róterdam";"Entrada a la torre Euromast";"https://www.civitatis.com/es/roterdam/entrada-torre-euromast/";"Rotterdam Euromast";"melanie@worldwideattractions.com";"+31 0102411788";"Euromast horeca B.V. | Parkhaven 20, Róterdam, Países Bajos";"";"18321.31";"10";"281";"8.4";"CLP";"2026-02-24"
"Países Bajos";"Utrecht";"Free tour por Utrecht";"https://www.civitatis.com/es/utrecht/free-tour-utrecht/";"Camaleón Tours";"reservas@camaleontours.com";"+31 615 467 640";"Camaleón Tours B.V. | Bernhard Eilershof 9, Ámsterdam, Países Bajos";"";"0.0";"573";"9898";"9.0";"CLP";"2026-02-24"
"Países Bajos";"Utrecht";"Free tour por Utrecht";"https://www.civitatis.com/es/utrecht/free-tour-utrecht/";"Utrecht City Tour";"fiotyn@yahoo.com";"+31618109628";"Fiorella Maria Cruz | molenweg 43, Utrecht, Países Bajos";"";"0.0";"573";"9898";"9.0";"CLP";"2026-02-24"
"Países Bajos";"Utrecht";"Paseo en barco por los canales de Utrecht";"https://www.civitatis.com/es/utrecht/paseo-barco-canales-utrecht/";"Camaleón Tours";"reservas@camaleontours.com";"+31 615 467 640";"Camaleón Tours B.V. | Bernhard Eilershof 9, Ámsterdam, Países Bajos";"";"20476.76";"13";"508";"6.3";"CLP";"2026-02-24"
"Países Bajos";"Utrecht";"Tour privado por Utrecht";"https://www.civitatis.com/es/utrecht/tour-privado-utrecht-castillo-haar/";"Camaleón Tours";"reservas@camaleontours.com";"+31 615 467 640";"Camaleón Tours B.V. | Bernhard Eilershof 9, Ámsterdam, Países Bajos";"";"641246.19";"2";"102";"9.0";"CLP";"2026-02-24"
"Países Bajos";"Utrecht";"Tour gastronómico por Utrecht";"https://www.civitatis.com/es/utrecht/tour-gastronomico-utrecht/";"Local Tour Utrecht";"lucas@localtourutrecht.nl";"+31651031589";"THE DUTCH INVENTOR | Moskeeplein 12, Utrecht, Países Bajos";"";"54963.95";"0";"0";"0.0";"CLP";"2026-02-24"
"Países Bajos";"Kaatsheuvel";"Entrada al parque temático Efteling";"https://www.civitatis.com/es/kaatsheuvel/entrada-parque-efteling/";"Efteling";"salesleisure@efteling.com";"+31416287777";"Efteling B.V. | Europalaan 1, Kaatsheuvel, Países Bajos";"";"60352.58";"12";"352";"9.7";"CLP";"2026-02-24"
"Países Bajos";"Philipsburg";"Tour de San Martín al completo";"https://www.civitatis.com/es/philipsburg/tour-san-martin-completo/";"St. Maarten Presidential Tours";"stmaartenpresidentialtours@gmail.com";"7215227546";"Samuel Ricardo Alphonso Lake | Raspberry road #11, St. Peters, Países Bajos";"";"59447.8";"22";"213";"7.6";"CLP";"2026-02-24"
"Países Bajos";"Philipsburg";"Excursión a Marigot y playa de Maho";"https://www.civitatis.com/es/philipsburg/excursion-marigot-playa-maho/";"St. Maarten Presidential Tours";"stmaartenpresidentialtours@gmail.com";"7215227546";"Samuel Ricardo Alphonso Lake | Raspberry road #11, St. Peters, Países Bajos";"";"36583.26";"10";"260";"8.2";"CLP";"2026-02-24"
"Países Bajos";"Philipsburg";"Paseo en catamarán por la isla de San Martín";"https://www.civitatis.com/es/philipsburg/paseo-catamaran-isla-san-martin/";"Random Wind Charters";"info@randomwind.com";"+17215242271";"Random Wind Charters NV | Mountain Dove Road #22, Pointe Blanche, Países Bajos";"";"127126.84";"1";"30";"10.0";"CLP";"2026-02-24"
"Países Bajos";"Philipsburg";"Excursión a Grand Case";"https://www.civitatis.com/es/philipsburg/excursion-grand-case/";"Yolo Destination Group";"sxmbooking@gmail.com";"+590 690 77 45 55";"Yolo Destination Group | Philipsburg Sint Maarten Nederlands Antilles, Sint Maarten, Países Bajos";"";"67357.79";"0";"5";"0.0";"CLP";"2026-02-24"
"Países Bajos";"Philipsburg";"Tour privado por la isla de San Martín";"https://www.civitatis.com/es/philipsburg/tour-privado-isla-san-martin/";"St. Maarten Presidential Tours";"stmaartenpresidentialtours@gmail.com";"7215227546";"Samuel Ricardo Alphonso Lake | Raspberry road #11, St. Peters, Países Bajos";"";"274374.48";"13";"223";"7.8";"CLP";"2026-02-24"
"Países Bajos";"Philipsburg";"Excursión a Marigot y a la playa Orient Bay";"https://www.civitatis.com/es/philipsburg/excursion-playa-orient-bay/";"Tours Sx";"rwathey@tours.sx";"+1 721 586-9001";"Infinite Island Tours N.V. | 51 Chin Cherry road, Point Blanche, Países Bajos";"";"118895.61";"0";"24";"0.0";"CLP";"2026-02-24"
"Países Bajos";"Philipsburg";"Entrada al Rainforest Adventures St Maarten";"https://www.civitatis.com/es/philipsburg/entrada-rainforest-st-maarten/";"Rainforest Adventure";"jdaniel@rainforestadventure.com";"+305 890 5914";"ELITE SHORE EXCURSIONS LDT | Intershore Chambers, Road Town, Tortola, BVI, Tortola, Reino Unido";"";"53960.31";"5";"136";"9.2";"CLP";"2026-02-24"
"Países Bajos";"Philipsburg";"Paseo en yate privado por la isla de San Martín";"https://www.civitatis.com/es/philipsburg/paseo-privado-yate-atardecer/";"Random Wind Charters";"info@randomwind.com";"+17215242271";"Random Wind Charters NV | Mountain Dove Road #22, Pointe Blanche, Países Bajos";"";"3018119.37";"0";"8";"0.0";"CLP";"2026-02-24"
"Países Bajos";"Philipsburg";"Moto de agua en Philipsburg";"https://www.civitatis.com/es/philipsburg/moto-agua-philipsburg/";"Tours Sx";"rwathey@tours.sx";"+1 721 586-9001";"Infinite Island Tours N.V. | 51 Chin Cherry road, Point Blanche, Países Bajos";"";"228645.4";"0";"4";"0.0";"CLP";"2026-02-24"
"Países Bajos";"Philipsburg";"Tour en quad por la isla de San Martín";"https://www.civitatis.com/es/philipsburg/tour-quad-isla-san-martin/";"Tours Sx";"rwathey@tours.sx";"+1 721 586-9001";"Infinite Island Tours N.V. | 51 Chin Cherry road, Point Blanche, Países Bajos";"";"184745.48";"0";"4";"0.0";"CLP";"2026-02-24"
"Países Bajos";"Philipsburg";"Excursión a playa de Maho, Mullet Bay y Friars Bay";"https://www.civitatis.com/es/philipsburg/excursion-playa-maho/";"Tours Sx";"rwathey@tours.sx";"+1 721 586-9001";"Infinite Island Tours N.V. | 51 Chin Cherry road, Point Blanche, Países Bajos";"";"132614.33";"0";"19";"0.0";"CLP";"2026-02-24"
"Países Bajos";"Philipsburg";"Visita guiada por Philipsburg";"https://www.civitatis.com/es/philipsburg/visita-guiada-philipsburg/";"Yolo Destination Group";"sxmbooking@gmail.com";"+590 690 77 45 55";"Yolo Destination Group | Philipsburg Sint Maarten Nederlands Antilles, Sint Maarten, Países Bajos";"";"40414.67";"0";"10";"0.0";"CLP";"2026-02-24"
"Países Bajos";"Philipsburg";"Snorkel y Sea Trek en Phillipsburg";"https://www.civitatis.com/es/philipsburg/snorkel-sea-trek-phillipsburg/";"Rainforest Adventure";"jdaniel@rainforestadventure.com";"+305 890 5914";"ELITE SHORE EXCURSIONS LDT | Intershore Chambers, Road Town, Tortola, BVI, Tortola, Reino Unido";"";"108835.21";"0";"0";"0.0";"CLP";"2026-02-24"
"Países Bajos";"Oranjestad";"Paseo en catamarán + Snorkel";"https://www.civitatis.com/es/oranjestad/paseo-catamaran-snorkel/";"Octopus Aruba";"info@octopusaruba.com";"00297 560 6565";"Octo Watersports VBA | J.E. Irausquin Blvd 87, On the beach, Noord, Países Bajos";"";"68584.47";"36";"685";"8.0";"CLP";"2026-02-24"
"Países Bajos";"Oranjestad";"Paseo en catamarán por Aruba al atardecer";"https://www.civitatis.com/es/oranjestad/paseo-catamaran-aruba-atardecer/";"Octopus Aruba";"info@octopusaruba.com";"00297 560 6565";"Octo Watersports VBA | J.E. Irausquin Blvd 87, On the beach, Noord, Países Bajos";"";"77730.29";"24";"351";"9.7";"CLP";"2026-02-24"
"Países Bajos";"Oranjestad";"Tour por el sur de Aruba";"https://www.civitatis.com/es/oranjestad/tour-sur-aruba/";"El Tours";"leon@eltoursaruba.com";"+297 585 6730";"Le Pep Tours N.V. | Barcadera #4, Oranjestad, Países Bajos";"";"52131.15";"36";"413";"7.8";"CLP";"2026-02-24"
"Países Bajos";"Oranjestad";"Tour en 4x4 por Aruba";"https://www.civitatis.com/es/oranjestad/tour-todoterreno-aruba/";"Pelican Adventures";"satya.heinze@pelican-aruba.com";"+297 5872307";"Pelican Adventures N.V. | J.E Irausquin Blvd 232, Oranjestad, Países Bajos";"";"123468.51";"0";"15";"0.0";"CLP";"2026-02-24"
"Países Bajos";"Oranjestad";"Traslados en Oranjestad";"https://www.civitatis.com/es/oranjestad/traslados/";"No especificado / Único";"N/A";"N/A";"N/A";"";"8231.23";"365";"10345";"9.2";"CLP";"2026-02-24"
"Países Bajos";"Oranjestad";"Tour en 4x4 por el Parque Nacional de Arikok";"https://www.civitatis.com/es/oranjestad/tour-4x4-parque-arikok/";"Agw Tours & Services";"agwtours@gmail.com";"7318080";"J. Espinal Corporation VBA | Kamerlingh Onnesstraat, 74B, Oranjestad, Países Bajos";"";"81397.76";"0";"34";"0.0";"CLP";"2026-02-24"
"Países Bajos";"Oranjestad";"Senderismo por Arikok";"https://www.civitatis.com/es/oranjestad/senderismo-arikok/";"Aruba Nature Adventure";"reservations@arubaeco.com";"7300077";"J&P Aruba Nature Adventure VBA | Bona Vista 5, Oranjestad, Países Bajos";"";"105176.88";"1";"45";"10.0";"CLP";"2026-02-24"
"Países Bajos";"Oranjestad";"Paseo a caballo por la playa de Wariruri";"https://www.civitatis.com/es/oranjestad/paseo-caballo-playa-wariruri/";"Inversiones Cheval N.v";"info@arubahorsetour.com";"2975621839";"INVERSIONES CHEVAL N.V. | NUÑA 26 ARUBA, Oranjestad, Países Bajos";"";"106091.46";"6";"44";"7.3";"CLP";"2026-02-24"
"Países Bajos";"Oranjestad";"Paseo a caballo por el norte de Aruba";"https://www.civitatis.com/es/oranjestad/paseo-caballo-norte-aruba/";"Rancho Notorious Enterprises N.v.";"ranchonotoriousaruba@gmail.com";"+297-6995492";"Rancho Notorious Enterprises N.V. | Boroncana 8E, Noord, Países Bajos";"";"96995.22";"1";"10";"10.0";"CLP";"2026-02-24"
"Países Bajos";"Oranjestad";"Tour en buggy por Aruba";"https://www.civitatis.com/es/oranjestad/tour-buggy-quad-aruba/";"Action Tours Aruba";"actiontoursaruba@gmail.com";"5927514";"Action Tours Aruba N.V. | Sabana Liber 13 Q, Aruba, Países Bajos";"";"219499.59";"4";"95";"6.0";"CLP";"2026-02-24"
"Países Bajos";"Oranjestad";"Tour en kayak por la Laguna Española y Mangel Halto + Snorkel";"https://www.civitatis.com/es/oranjestad/kayak-laguna-espanola-mangel-halto/";"Aruba Nature Adventure";"reservations@arubaeco.com";"7300077";"J&P Aruba Nature Adventure VBA | Bona Vista 5, Oranjestad, Países Bajos";"";"128041.42";"0";"7";"0.0";"CLP";"2026-02-24"
"Países Bajos";"Oranjestad";"Tour en kayak por la isla de Sea Glass";"https://www.civitatis.com/es/oranjestad/tour-kayak-isla-sea-glass/";"Aruba Nature Adventure";"reservations@arubaeco.com";"7300077";"J&P Aruba Nature Adventure VBA | Bona Vista 5, Oranjestad, Países Bajos";"";"128041.42";"0";"0";"0.0";"CLP";"2026-02-24"
"Países Bajos";"Oranjestad";"Senderismo por la Laguna Española";"https://www.civitatis.com/es/oranjestad/senderismo-laguna-espanola/";"Aruba Nature Adventure";"reservations@arubaeco.com";"7300077";"J&P Aruba Nature Adventure VBA | Bona Vista 5, Oranjestad, Países Bajos";"";"123468.51";"0";"0";"0.0";"CLP";"2026-02-24"
"Países Bajos";"Oranjestad";"Tour en 4x4 por el norte de Aruba";"https://www.civitatis.com/es/oranjestad/tour-4x4-norte-aruba/";"Agw Tours & Services";"agwtours@gmail.com";"7318080";"J. Espinal Corporation VBA | Kamerlingh Onnesstraat, 74B, Oranjestad, Países Bajos";"";"81397.76";"22";"289";"8.6";"CLP";"2026-02-24"
"Países Bajos";"Oranjestad";"Alquiler de dónut barco";"https://www.civitatis.com/es/oranjestad/alquiler-donut-barco/";"Octopus Aruba";"info@octopusaruba.com";"00297 560 6565";"Octo Watersports VBA | J.E. Irausquin Blvd 87, On the beach, Noord, Países Bajos";"";"199378.79";"0";"10";"0.0";"CLP";"2026-02-24"
"Países Bajos";"Willemstad";"Excursión a Klein Curazao en catamarán";"https://www.civitatis.com/es/willemstad/excursion-klein-curazao-catamaran/";"All Boat Charters";"INFO@ALLBOATCHARTERS.COM";"+5999 5670781";"Kima Kalki Marina N.V., Al Boat Charters | Brakkeput Ariba 62, Santo Domingo, Dominica";"";"123468.51";"37";"607";"8.8";"CLP";"2026-02-24"
"Países Bajos";"Willemstad";"Tour por Curazao, la vuelta a la isla";"https://www.civitatis.com/es/willemstad/tour-curazao-vuelta-isla/";"Fbtt Travel";"info@fb-tt.com";"+5999 8699559";"FBTT TRAVEL B.V. | Seru Mahuma 18-20, Willemstad, Países Bajos";"";"99689.39";"22";"286";"8.9";"CLP";"2026-02-24"
"Países Bajos";"Willemstad";"Tour por Otrobanda y Punda";"https://www.civitatis.com/es/willemstad/tour-otrobanda-punda/";"Curaçao Fascinating Taxi And Tours";"bookfascinatingtours@gmail.com";"+59996624335";"Curaçao Fascinating Tours B.V. | Mahuma Kaya K 18, Willemstad, Países Bajos";"";"34754.1";"11";"141";"10.0";"CLP";"2026-02-24"
"Países Bajos";"Willemstad";"Excursión a las playas Piskado, Kenepa y Cas Abao";"https://www.civitatis.com/es/willemstad/tour-shete-boka-playas-curazao/";"Fbtt Travel";"info@fb-tt.com";"+5999 8699559";"FBTT TRAVEL B.V. | Seru Mahuma 18-20, Willemstad, Países Bajos";"";"99689.39";"23";"242";"8.4";"CLP";"2026-02-24"
"Países Bajos";"Willemstad";"Excursión a las playas Grote Knip, Kalki y Piskado";"https://www.civitatis.com/es/willemstad/excursion-playas-grote-knip-kalki-piskado/";"Vacation Deals Curacao";"vacationdealscuracao@gmail.com";"+59995605422";"Osferney Jeremy Nazir Nahr | Curacao, Willemstad, Selinda 25, Willemstad, Países Bajos";"";"107772.46";"7";"135";"7.7";"CLP";"2026-02-24"
"Países Bajos";"Willemstad";"Traslados en Willemstad";"https://www.civitatis.com/es/willemstad/traslados/";"No especificado / Único";"N/A";"N/A";"N/A";"";"42985.33";"41";"1807";"7.9";"CLP";"2026-02-24"
"Países Bajos";"Willemstad";"Tour por Willemstad con degustación de licor";"https://www.civitatis.com/es/willemstad/tour-willemstad-degustacion-licor/";"Bonaij Adventure Tours";"nixon@bonaij.com";"+5997950111";"Urban Imports LLC | 412 North Main Street, Buffalo, Estados Unidos";"";"53960.31";"4";"102";"7.0";"CLP";"2026-02-24"
"Países Bajos";"Willemstad";"Excursión a las Cuevas de Hato y el santuario de flamencos";"https://www.civitatis.com/es/willemstad/excursion-cuevas-hato-santuario-flamencos/";"Vacation Deals Curacao";"vacationdealscuracao@gmail.com";"+59995605422";"Osferney Jeremy Nazir Nahr | Curacao, Willemstad, Selinda 25, Willemstad, Países Bajos";"";"81907.07";"9";"111";"8.7";"CLP";"2026-02-24"
"Países Bajos";"Willemstad";"Tren turístico de Willemstad";"https://www.civitatis.com/es/willemstad/tren-turistico-willemstad/";"Fbtt Travel";"info@fb-tt.com";"+5999 8699559";"FBTT TRAVEL B.V. | Seru Mahuma 18-20, Willemstad, Países Bajos";"";"26522.86";"4";"97";"8.0";"CLP";"2026-02-24"
"Países Bajos";"Willemstad";"Tour en moto eléctrica por la bahía de Caracas";"https://www.civitatis.com/es/willemstad/tour-moto-electrica-willemstad/";"Eco Cruise Curaçao";"ecocruisecuracao@gmail.com";"+59995152121";"Caribbean Eco Cruise | Jan Thiel Beach Z/N, Willemstad, Países Bajos";"";"52131.15";"1";"13";"10.0";"CLP";"2026-02-24"
"Países Bajos";"Willemstad";"Seawalker en Willemstad";"https://www.civitatis.com/es/willemstad/seawalker-willemstad/";"Underwater Walking Tours";"seatrekcura@outlook.com";"+599995243982";"Underwater Walking Tours B.V. | Dr Martin Luther King BLVD Z/N, Willemstad, Curaçao, Países Bajos";"";"98774.81";"3";"52";"8.7";"CLP";"2026-02-24"
"Países Bajos";"Willemstad";"Fiesta en catamarán por Spanish Water al atardecer";"https://www.civitatis.com/es/willemstad/fiesta-catamaran-spaanse-water-atardecer/";"All Boat Charters";"INFO@ALLBOATCHARTERS.COM";"+5999 5670781";"Kima Kalki Marina N.V., Al Boat Charters | Brakkeput Ariba 62, Santo Domingo, Dominica";"";"105176.88";"0";"36";"0.0";"CLP";"2026-02-24"
"Países Bajos";"Willemstad";"Visita guiada por Willemstad";"https://www.civitatis.com/es/willemstad/visita-guiada-willemstad/";"Fbtt Travel";"info@fb-tt.com";"+5999 8699559";"FBTT TRAVEL B.V. | Seru Mahuma 18-20, Willemstad, Países Bajos";"";"40241.59";"0";"18";"0.0";"CLP";"2026-02-24"
"Países Bajos";"Willemstad";"Tour de bares por Willemstad";"https://www.civitatis.com/es/willemstad/tour-bares-willemstad/";"Curaçao Fascinating Taxi And Tours";"bookfascinatingtours@gmail.com";"+59996624335";"Curaçao Fascinating Tours B.V. | Mahuma Kaya K 18, Willemstad, Países Bajos";"";"85046.94";"1";"10";"10.0";"CLP";"2026-02-24"
"Países Bajos";"Willemstad";"Tour gastronómico por Willemstad";"https://www.civitatis.com/es/willemstad/tour-gastronomico-willemstad/";"Curaçao Fascinating Taxi And Tours";"bookfascinatingtours@gmail.com";"+59996624335";"Curaçao Fascinating Tours B.V. | Mahuma Kaya K 18, Willemstad, Países Bajos";"";"73157.38";"2";"7";"10.0";"CLP";"2026-02-24"
"Países Bajos";"Willemstad";"Snorkel en Willemstad";"https://www.civitatis.com/es/willemstad/snorkel-willemstad/";"All Boat Charters";"INFO@ALLBOATCHARTERS.COM";"+5999 5670781";"Kima Kalki Marina N.V., Al Boat Charters | Brakkeput Ariba 62, Santo Domingo, Dominica";"";"100603.97";"0";"1";"0.0";"CLP";"2026-02-24"
"Países Bajos";"Volendam";"Ferry a Marken";"https://www.civitatis.com/es/volendam/ferry-marken/";"Tours & Tickets";"reservations@enticon.com";"+31 020 705 4938";"ENTICON B2B B.V. | New Yorkstraat 3, Lijnden, Países Bajos";"";"10777.24";"54";"1309";"8.7";"CLP";"2026-02-24"
"Países Bajos";"Volendam";"Excursión a Volendam, Marken, Edam y Zaanse Schans";"https://www.civitatis.com/es/amsterdam/excursion-zaanse-schans-volendam-marken/";"Camaleón Tours";"reservas@camaleontours.com";"+31 615 467 640";"Camaleón Tours B.V. | Bernhard Eilershof 9, Ámsterdam, Países Bajos";"";"42031.26";"26738";"236978";"9.3";"CLP";"2026-02-24"
"Países Bajos";"Volendam";"Excursión exprés a Volendam, Marken, Edam y Zaanse Schans";"https://www.civitatis.com/es/amsterdam/roterdam-marken-volendam-zaanse-schans/";"Amsterdam Guías & Tours Bv";"david@guiasytours.com";"+3168937548";"Amsterdam Guias & Tours BV | Oudebrugsteeg 9, Ámsterdam, Países Bajos";"";"31254.01";"19";"1403";"9.3";"CLP";"2026-02-24"
"Países Bajos";"Marken";"Ferry a Volendam";"https://www.civitatis.com/es/marken/ferry-volendam/";"Tours & Tickets";"reservations@enticon.com";"+31 020 705 4938";"ENTICON B2B B.V. | New Yorkstraat 3, Lijnden, Países Bajos";"";"10777.24";"9";"249";"7.8";"CLP";"2026-02-24"
"Países Bajos";"Marken";"Excursión a Volendam, Marken, Edam y Zaanse Schans";"https://www.civitatis.com/es/amsterdam/excursion-zaanse-schans-volendam-marken/";"Camaleón Tours";"reservas@camaleontours.com";"+31 615 467 640";"Camaleón Tours B.V. | Bernhard Eilershof 9, Ámsterdam, Países Bajos";"";"42031.26";"26738";"236978";"9.3";"CLP";"2026-02-24"
"Países Bajos";"Marken";"Excursión exprés a Volendam, Marken, Edam y Zaanse Schans";"https://www.civitatis.com/es/amsterdam/roterdam-marken-volendam-zaanse-schans/";"Amsterdam Guías & Tours Bv";"david@guiasytours.com";"+3168937548";"Amsterdam Guias & Tours BV | Oudebrugsteeg 9, Ámsterdam, Países Bajos";"";"31254.01";"19";"1403";"9.3";"CLP";"2026-02-24"
"Países Bajos";"Lisse";"Entradas para Keukenhof";"https://www.civitatis.com/es/lisse/entrada-keukenhof/";"Keukenhof";"reservas@civitatis.com";"";"Keukenhof | xx, Keukenhof, Países Bajos";"";"23171.08";"18";"1041";"8.9";"CLP";"2026-02-24"
"Países Bajos";"Kralendijk";"Tour panorámico por Bonaire";"https://www.civitatis.com/es/kralendijk/tour-panoramico-bonaire/";"Bonaij Adventure Tours";"nixon@bonaij.com";"+5997950111";"Urban Imports LLC | 412 North Main Street, Buffalo, Estados Unidos";"";"53960.31";"8";"101";"7.3";"CLP";"2026-02-24"
"Países Bajos";"Kralendijk";"Tour en camión safari por Kralendijk";"https://www.civitatis.com/es/kralendijk/tour-camion-safari-kralendjik/";"Bonaij Adventure Tours";"nixon@bonaij.com";"+5997950111";"Urban Imports LLC | 412 North Main Street, Buffalo, Estados Unidos";"";"36583.26";"0";"11";"0.0";"CLP";"2026-02-24"
"Países Bajos";"Kralendijk";"Tour por el sur de Bonaire";"https://www.civitatis.com/es/kralendijk/tour-sur-bonaire/";"Bonaij Adventure Tours";"nixon@bonaij.com";"+5997950111";"Urban Imports LLC | 412 North Main Street, Buffalo, Estados Unidos";"";"44814.49";"0";"17";"0.0";"CLP";"2026-02-24"
"Países Bajos";"Kralendijk";"Watertaxi a Klein Bonaire";"https://www.civitatis.com/es/kralendijk/watertaxi-klein-bonaire/";"Bonaij Adventure Tours";"nixon@bonaij.com";"+5997950111";"Urban Imports LLC | 412 North Main Street, Buffalo, Estados Unidos";"";"44814.49";"0";"8";"0.0";"CLP";"2026-02-24"
"Países Bajos";"Kralendijk";"Tour por el norte de Bonaire";"https://www.civitatis.com/es/kralendijk/tour-norte-bonaire/";"Shekhinah Tours";"info@shekhinahtours.com";"+5997874778";"Ephraim Jonathan Alberto | Kibrahacha 9, Antriol Pabou, Bonaire,, Kralendijk, Países Bajos";"";"58533.22";"1";"4";"10.0";"CLP";"2026-02-24"
"Países Bajos";"Kralendijk";"Traslados en Kralendijk";"https://www.civitatis.com/es/kralendijk/traslados/";"No especificado / Único";"N/A";"N/A";"N/A";"";"56041.68";"0";"18";"0.0";"CLP";"2026-02-24"
"Países Bajos";"Kralendijk";"Excursión a Rincón";"https://www.civitatis.com/es/kralendijk/excursion-rincon/";"Shekhinah Tours";"info@shekhinahtours.com";"+5997874778";"Ephraim Jonathan Alberto | Kibrahacha 9, Antriol Pabou, Bonaire,, Kralendijk, Países Bajos";"";"79568.6";"0";"4";"0.0";"CLP";"2026-02-24"
"Países Bajos";"Kralendijk";"Snorkel en Bonaire";"https://www.civitatis.com/es/kralendijk/snorkel-bonaire/";"Shekhinah Tours";"info@shekhinahtours.com";"+5997874778";"Ephraim Jonathan Alberto | Kibrahacha 9, Antriol Pabou, Bonaire,, Kralendijk, Países Bajos";"";"58533.22";"0";"2";"0.0";"CLP";"2026-02-24"
"Países Bajos";"Kralendijk";"Tour privado por Bonaire";"https://www.civitatis.com/es/kralendijk/tour-privado-bonaire/";"Private Guided Tours Bonaire";"info@privateguidedtoursbonaire.com";"+31629416699";"OYA Bonaire B.V. | Kaya Mazurka 57 B Bonaire Caribbean Netherlands, Bonaire, Caribbean Netherlands, Países Bajos";"";"141760.15";"0";"0";"0.0";"CLP";"2026-02-24"
"Países Bajos";"Kralendijk";"Snorkel nocturno en Bonaire";"https://www.civitatis.com/es/kralendijk/snorkel-nocturno-bonaire/";"Amazing Bonaire";"info@amazingbonaire.com";"+5997851702";"DSbonaire | kaya n. g. debrot 168, Bonaire, Países Bajos";"";"102369.12";"0";"0";"0.0";"CLP";"2026-02-24"
"Países Bajos";"Kralendijk";"Avistamiento de flamencos + Snorkel en Bonaire";"https://www.civitatis.com/es/kralendijk/avistamiento-flamencos-snorkel-bonaire/";"Amazing Bonaire";"info@amazingbonaire.com";"+5997851702";"DSbonaire | kaya n. g. debrot 168, Bonaire, Países Bajos";"";"98774.81";"0";"0";"0.0";"CLP";"2026-02-24"
"Países Bajos";"Kralendijk";"Bautismo de buceo en Bonaire";"https://www.civitatis.com/es/kralendijk/bautismo-buceo-bonaire/";"Amazing Bonaire";"info@amazingbonaire.com";"+5997851702";"DSbonaire | kaya n. g. debrot 168, Bonaire, Países Bajos";"";"160051.78";"0";"0";"0.0";"CLP";"2026-02-24"
"Países Bajos";"Kralendijk";"Tour por las cuevas de Bonaire con snorkel";"https://www.civitatis.com/es/kralendijk/tour-cuevas-bonaire-snorkel/";"Shekhinah Tours";"info@shekhinahtours.com";"+5997874778";"Ephraim Jonathan Alberto | Kibrahacha 9, Antriol Pabou, Bonaire,, Kralendijk, Países Bajos";"";"78654.02";"0";"0";"0.0";"CLP";"2026-02-24"
"Países Bajos";"Kralendijk";"Tour privado por el norte de Bonaire";"https://www.civitatis.com/es/kralendijk/tour-privado-norte-bonaire/";"Amazing Bonaire";"info@amazingbonaire.com";"+5997851702";"DSbonaire | kaya n. g. debrot 168, Bonaire, Países Bajos";"";"297239.02";"0";"0";"0.0";"CLP";"2026-02-24"
"Países Bajos";"Edam";"Entrada al Museo del Queso de Edam";"https://www.civitatis.com/es/edam/entrada-museo-queso-edam/";"Henri Willig Cheese";"xander.nieuwenhuys@henriwillig.com";"+31640961865";"Henri Willig Kaas BV | Hoogedijk 8, PM Katwoude, Países Bajos";"";"8621.79";"3";"201";"8.0";"CLP";"2026-02-24"
"Países Bajos";"Warmond";"Paseo en barco por los lagos Kaag y sus molinos";"https://www.civitatis.com/es/warmond/paseo-barco-lagos-kaag/";"Rederij Van Hulst";"nico@rederijvanhulst.nl";"+31712501900";"REDERIJ VAN HULST B.V. | Steenbakkerstraat 1, Katwijk aan Zee, Países Bajos";"";"21015.63";"0";"44";"0.0";"CLP";"2026-02-24"
"Países Bajos";"Simpson Bay";"Paseo en catamarán por la isla de San Martín";"https://www.civitatis.com/es/simpson-bay/paseo-catamaran-isla-san-martin/";"Random Wind Charters";"info@randomwind.com";"+17215242271";"Random Wind Charters NV | Mountain Dove Road #22, Pointe Blanche, Países Bajos";"";"127126.84";"1";"30";"10.0";"CLP";"2026-02-24"
"Países Bajos";"Simpson Bay";"Paseo en yate privado por la isla de San Martín";"https://www.civitatis.com/es/simpson-bay/paseo-privado-yate-atardecer/";"Random Wind Charters";"info@randomwind.com";"+17215242271";"Random Wind Charters NV | Mountain Dove Road #22, Pointe Blanche, Países Bajos";"";"3018119.37";"0";"8";"0.0";"CLP";"2026-02-24"
"Países Bajos";"Simpson Bay";"Moto de agua en Philipsburg";"https://www.civitatis.com/es/simpson-bay/moto-agua-philipsburg/";"Tours Sx";"rwathey@tours.sx";"+1 721 586-9001";"Infinite Island Tours N.V. | 51 Chin Cherry road, Point Blanche, Países Bajos";"";"228645.4";"0";"4";"0.0";"CLP";"2026-02-24"
"Países Bajos";"Maastricht";"Free tour por Maastricht";"https://www.civitatis.com/es/maastricht/free-tour-maastricht/";"Het Spaans";"hetspaans@outlook.com";"0031 610 90 90 68";"Het Spaans | Old Hickoryplein 37 C, Maastricht, Países Bajos";"";"0.0";"67";"2474";"9.5";"CLP";"2026-02-24"
"Países Bajos";"Giethoorn";"Paseo en barco por Giethoorn";"https://www.civitatis.com/es/giethoorn/paseo-barco-giethoorn/";"Henri Willig Cheese";"xander.nieuwenhuys@henriwillig.com";"+31640961865";"Henri Willig Kaas BV | Hoogedijk 8, PM Katwoude, Países Bajos";"";"11854.97";"0";"0";"0.0";"CLP";"2026-02-24"
