"pais";"destino";"actividad";"url_actividad";"operador";"email";"telefono";"direccion";"descripcion";"precio_real";"opiniones";"viajeros";"rating";"moneda";"fecha_scan"
"Polonia";"Cracovia";"Excursión a Auschwitz-Birkenau con guía";"https://www.civitatis.com/es/cracovia/excursion-auschwitz-birkenau/";"Cracow City Tours";"spanish@cracowcitytours.pl";"+48 12 4211327";"Malopolska Prywatna Komunikacja Samochodowa Sp. z o.o. | Pawia 12/15, Cracovia, Polonia";"";"64625.81";"27947";"536136";"8.9";"CLP";"2026-02-16"
"Polonia";"Cracovia";"Excursión a Auschwitz-Birkenau con guía";"https://www.civitatis.com/es/cracovia/excursion-auschwitz-birkenau/";"Supercracow";"booking@supercracow.com";"+48 796 556 969";"Michael's Group Michał Ciężadło | GRZEGÓRZECKA 69B M3, Cracovia, Polonia";"";"64625.81";"27947";"536136";"8.9";"CLP";"2026-02-16"
"Polonia";"Cracovia";"Oferta: Auschwitz + Minas de Sal en un día";"https://www.civitatis.com/es/cracovia/auschwitz-minas-sal/";"Cracow City Tours";"spanish@cracowcitytours.pl";"+48 12 4211327";"Malopolska Prywatna Komunikacja Samochodowa Sp. z o.o. | Pawia 12/15, Cracovia, Polonia";"";"135919.37";"8528";"151460";"8.7";"CLP";"2026-02-16"
"Polonia";"Cracovia";"Oferta: Auschwitz + Minas de Sal en un día";"https://www.civitatis.com/es/cracovia/auschwitz-minas-sal/";"Supercracow";"booking@supercracow.com";"+48 796 556 969";"Michael's Group Michał Ciężadło | GRZEGÓRZECKA 69B M3, Cracovia, Polonia";"";"135919.37";"8528";"151460";"8.7";"CLP";"2026-02-16"
"Polonia";"Cracovia";"Excursión a las Minas de Sal de Wieliczka";"https://www.civitatis.com/es/cracovia/excursion-minas-sal-wieliczka/";"Cracow City Tours";"spanish@cracowcitytours.pl";"+48 12 4211327";"Malopolska Prywatna Komunikacja Samochodowa Sp. z o.o. | Pawia 12/15, Cracovia, Polonia";"";"69960.0";"11240";"294082";"8.0";"CLP";"2026-02-16"
"Polonia";"Cracovia";"Excursión a las Minas de Sal de Wieliczka";"https://www.civitatis.com/es/cracovia/excursion-minas-sal-wieliczka/";"Cracow Visit S.c";"slawglad@gmail.com";"+48500381000";"Cracow Visit s.c Waldemar Słowakiewicz Sławomir Gładysz | Kuśnierska 10, Cracovia, Polonia";"";"69960.0";"11240";"294082";"8.0";"CLP";"2026-02-16"
"Polonia";"Cracovia";"Free tour por Cracovia";"https://www.civitatis.com/es/cracovia/tour-casco-antiguo/";"Hola Cracovia";"admin@holacracovia.com";"+48787873137";"HOLA CRACOVIA SPOLKA Z ORGANICZONA | Rakowicka 30/6, Cracovia, Polonia";"";"0.0";"16815";"376122";"9.5";"CLP";"2026-02-16"
"Polonia";"Cracovia";"Free tour por Cracovia";"https://www.civitatis.com/es/cracovia/tour-casco-antiguo/";"Walkative Tour";"info@walkative.eu";"+48 513 875 814";"Legendary Tours | Ul. Rolna 7/2 , Cracovia, Polonia";"";"0.0";"16815";"376122";"9.5";"CLP";"2026-02-16"
"Polonia";"Cracovia";"Visita guiada por la fábrica de Schindler";"https://www.civitatis.com/es/cracovia/visita-guiada-fabrica-schindler/";"Urbanizator";"marga@guia-cracovia.pl";"+48 693 602 782";"Urbanizator 2 spólka Z.O.O | Ul. św. Gertrudy 14/P1, Cracovia, Polonia";"";"37792.36";"4620";"97325";"8.8";"CLP";"2026-02-16"
"Polonia";"Cracovia";"Visita guiada por la fábrica de Schindler";"https://www.civitatis.com/es/cracovia/visita-guiada-fabrica-schindler/";"All Poland (Excursions City)";"info@poland-service.com";"+48727001040";"All Poland Sp. z o.o. | ul. Mikolajska 26/5, Cracovia, Polonia";"";"37792.36";"4620";"97325";"8.8";"CLP";"2026-02-16"
"Polonia";"Cracovia";"Traslados en Cracovia";"https://www.civitatis.com/es/cracovia/traslados/";"No especificado / Único";"N/A";"N/A";"N/A";"";"37792.36";"8964";"98914";"9.5";"CLP";"2026-02-16"
"Polonia";"Cracovia";"Excursión a Zakopane y los baños termales de Chochołów";"https://www.civitatis.com/es/cracovia/excursion-zakopane-banos-termales-chocholow/";"Discover Cracow";"pawel.nowakowski@discovercracow.com";"123463899";"Discover Cracow | Czyżówka 16,, Cracovia, Polonia";"";"96370.53";"113";"1548";"9.2";"CLP";"2026-02-16"
"Polonia";"Cracovia";"Excursión a Auschwitz-Birkenau con guía y recogida en el hotel";"https://www.civitatis.com/es/cracovia/excursion-auschwitz-birkenau-recogida-hotel/";"Supercracow";"booking@supercracow.com";"+48 796 556 969";"Michael's Group Michał Ciężadło | GRZEGÓRZECKA 69B M3, Cracovia, Polonia";"";"60266.13";"240";"3450";"7.7";"CLP";"2026-02-16"
"Polonia";"Cracovia";"Free tour por el barrio judío de Cracovia";"https://www.civitatis.com/es/cracovia/tour-barrio-judio/";"Hola Cracovia";"admin@holacracovia.com";"+48787873137";"HOLA CRACOVIA SPOLKA Z ORGANICZONA | Rakowicka 30/6, Cracovia, Polonia";"";"0.0";"10761";"249979";"9.5";"CLP";"2026-02-16"
"Polonia";"Cracovia";"Free tour por el barrio judío de Cracovia";"https://www.civitatis.com/es/cracovia/tour-barrio-judio/";"Walkative Tour";"info@walkative.eu";"+48 513 875 814";"Legendary Tours | Ul. Rolna 7/2 , Cracovia, Polonia";"";"0.0";"10761";"249979";"9.5";"CLP";"2026-02-16"
"Polonia";"Cracovia";"Zakopane y baños termales de Chochołów + Paseo en moto de nieve";"https://www.civitatis.com/es/cracovia/zakopane-chocholow-moto-nieve/";"Krk-Krakowtours Tomasz Kieres";"krk.krakowtours@gmail.com";"+48511968164";"TOMAS MICHAL KIERES | Agatowa 33/57, Cracovia, Polonia";"";"115403.23";"14";"212";"9.9";"CLP";"2026-02-16"
"Polonia";"Cracovia";"Tour por la Cracovia judía y la fábrica de Schindler";"https://www.civitatis.com/es/cracovia/tour-barrio-judio-fabrica-schindler/";"All Poland (Excursions City)";"info@poland-service.com";"+48727001040";"All Poland Sp. z o.o. | ul. Mikolajska 26/5, Cracovia, Polonia";"";"49669.96";"265";"2997";"9.2";"CLP";"2026-02-16"
"Polonia";"Cracovia";"Tour de la II Guerra Mundial®";"https://www.civitatis.com/es/cracovia/tour-ii-guerra-mundial/";"Cracovia Histórica Tours";"info@cracoviahistoricatours.com";"+34660355419";"CHT SPÓŁKA Z OGRANICZONĄ ODPOWIEDZIALNOŚCIĄ | ŁADNA 15, 33-156 SKRZYSZÓW, Ladna, Polonia";"";"16196.72";"570";"5864";"9.8";"CLP";"2026-02-16"
"Polonia";"Cracovia";"Free tour por el casco antiguo y el barrio judío de Cracovia®";"https://www.civitatis.com/es/cracovia/tour-casco-antiguo-barrio-judio/";"Cracovia Histórica Tours";"info@cracoviahistoricatours.com";"+34660355419";"CHT SPÓŁKA Z OGRANICZONĄ ODPOWIEDZIALNOŚCIĄ | ŁADNA 15, 33-156 SKRZYSZÓW, Ladna, Polonia";"";"0.0";"1224";"18018";"9.6";"CLP";"2026-02-16"
"Polonia";"Cracovia";"Excursión a Zakopane y los montes Tatras";"https://www.civitatis.com/es/cracovia/excursion-zakopane/";"Cracow City Tours";"spanish@cracowcitytours.pl";"+48 12 4211327";"Malopolska Prywatna Komunikacja Samochodowa Sp. z o.o. | Pawia 12/15, Cracovia, Polonia";"";"117967.75";"876";"7765";"8.9";"CLP";"2026-02-16"
"Polonia";"Cracovia";"Tour por la catedral de Cracovia + Colina de Wawel";"https://www.civitatis.com/es/cracovia/tour-catedral-colina-wawel/";"Hola Cracovia";"admin@holacracovia.com";"+48787873137";"HOLA CRACOVIA SPOLKA Z ORGANICZONA | Rakowicka 30/6, Cracovia, Polonia";"";"26994.54";"340";"8503";"9.4";"CLP";"2026-02-16"
"Polonia";"Cracovia";"Tour por la catedral de Cracovia + Colina de Wawel";"https://www.civitatis.com/es/cracovia/tour-catedral-colina-wawel/";"All Poland (Excursions City)";"info@poland-service.com";"+48727001040";"All Poland Sp. z o.o. | ul. Mikolajska 26/5, Cracovia, Polonia";"";"26994.54";"340";"8503";"9.4";"CLP";"2026-02-16"
"Polonia";"Cracovia";"Tour del vodka por Cracovia";"https://www.civitatis.com/es/cracovia/tour-bares-tradicionales-cracovia/";"Hola Cracovia";"admin@holacracovia.com";"+48787873137";"HOLA CRACOVIA SPOLKA Z ORGANICZONA | Rakowicka 30/6, Cracovia, Polonia";"";"43191.27";"144";"1093";"9.8";"CLP";"2026-02-16"
"Polonia";"Cracovia";"Excursión privada a Auschwitz-Birkenau";"https://www.civitatis.com/es/cracovia/excursion-privada-auschwitz-birkenau/";"Urbanizator";"marga@guia-cracovia.pl";"+48 693 602 782";"Urbanizator 2 spólka Z.O.O | Ul. św. Gertrudy 14/P1, Cracovia, Polonia";"";"712656.08";"111";"3127";"9.0";"CLP";"2026-02-16"
"Polonia";"Cracovia";"Free tour de los misterios y leyendas de Cracovia";"https://www.civitatis.com/es/cracovia/tour-misterios-leyendas-cracovia/";"Cracovia Walking Tour";"javichu78@gmail.com";"+48 732 473 642";"Javier Vázquez De Castro | ul.Wroclawska 53K/25, Cracovia, Polonia";"";"0.0";"1680";"22129";"8.2";"CLP";"2026-02-16"
"Polonia";"Cracovia";"Tour por el museo subterráneo de Cracovia";"https://www.civitatis.com/es/cracovia/tour-museo-subterraneo-cracovia/";"All Poland (Excursions City)";"info@poland-service.com";"+48727001040";"All Poland Sp. z o.o. | ul. Mikolajska 26/5, Cracovia, Polonia";"";"31313.67";"234";"2410";"9.0";"CLP";"2026-02-16"
"Polonia";"Cracovia";"Concierto de piano con música de Chopin";"https://www.civitatis.com/es/cracovia/concierto-piano-chopin/";"Fphu Krakpol S.c. S.m. Prokopik (Cracow Concerts)";"info@cracowconcerts.com";"+48 604 093 570";"FPHU KRAKPOL s.c. S.M. Prokopik | 10 Rynek Główny, Cracovia, Polonia";"";"20515.85";"334";"2918";"9.3";"CLP";"2026-02-16"
"Polonia";"Cracovia";"Visita guiada por el castillo de Wawel";"https://www.civitatis.com/es/cracovia/visita-guiada-castillo-wawel/";"At Cracow";"krzysztof.b@atcracow.com";"+48 799 797 977";"AT CRACOW S.C. MAŁGORZATA BALON, KRZYSZTOF BALON | Węgrzce Wielkie, 495, Węgrzce Wielkie, Polonia";"";"37792.36";"112";"2857";"7.3";"CLP";"2026-02-16"
"Polonia";"Cracovia";"Visita guiada por el castillo de Wawel";"https://www.civitatis.com/es/cracovia/visita-guiada-castillo-wawel/";"All Poland (Excursions City)";"info@poland-service.com";"+48727001040";"All Poland Sp. z o.o. | ul. Mikolajska 26/5, Cracovia, Polonia";"";"37792.36";"112";"2857";"7.3";"CLP";"2026-02-16"
"Polonia";"Cracovia";"Free tour del Holocausto por el gueto de Cracovia";"https://www.civitatis.com/es/cracovia/free-tour-holocausto-cracovia/";"Cracovia Histórica Tours";"info@cracoviahistoricatours.com";"+34660355419";"CHT SPÓŁKA Z OGRANICZONĄ ODPOWIEDZIALNOŚCIĄ | ŁADNA 15, 33-156 SKRZYSZÓW, Ladna, Polonia";"";"0.0";"331";"9080";"9.6";"CLP";"2026-02-16"
"Polonia";"Cracovia";"Excursión al balneario de Chochołów";"https://www.civitatis.com/es/cracovia/excursion-banos-termales-montes-tatras/";"Legendary Krakow";"office@legendarykrakow.pl";"+48539004008";"WOJCIECH RZEPKA - Xtrip | Sebastiana Klonowica 24/124, Cracovia, Polonia";"";"92066.13";"18";"321";"8.2";"CLP";"2026-02-16"
"Polonia";"Cracovia";"Crucero nocturno por el río Vístula";"https://www.civitatis.com/es/cracovia/crucero-nocturno-rio-vistula/";"Wiktorex";"biuro@kapitanvictor.pl";"+48579330888";"Wiktor Szewczyk Wiktorex | ul. Zubrzyckiego 3/81   30-611 Kraków Polska, Cracovia, Polonia";"";"22675.42";"203";"2334";"6.9";"CLP";"2026-02-16"
"Polonia";"Cracovia";"Tour privado por Cracovia";"https://www.civitatis.com/es/cracovia/visita-guiada-cracovia/";"Urbanizator";"marga@guia-cracovia.pl";"+48 693 602 782";"Urbanizator 2 spólka Z.O.O | Ul. św. Gertrudy 14/P1, Cracovia, Polonia";"";"215956.39";"675";"11351";"9.7";"CLP";"2026-02-16"
"Polonia";"Cracovia";"Espectáculo de folclore polaco con cena";"https://www.civitatis.com/es/cracovia/espectaculo-folclore-polaco/";"Biuro Turystyki Antałek";"marketing@skansensmakow.pl";"004812 3571006";"ANTAŁEK TRAVEL GROUP SPÓŁKA Z OGRANICZONĄ ODPOWIEDZIALNOŚCIĄ | Cholerzyn 424, Liszki , Polonia";"";"53598.39";"329";"3897";"8.3";"CLP";"2026-02-16"
"Polonia";"Cracovia";"Visita guiada por el campo de concentración de Płaszów";"https://www.civitatis.com/es/cracovia/visita-guiada-plaszow/";"All Poland (Excursions City)";"info@poland-service.com";"+48727001040";"All Poland Sp. z o.o. | ul. Mikolajska 26/5, Cracovia, Polonia";"";"26994.54";"212";"1422";"9.6";"CLP";"2026-02-16"
"Polonia";"Cracovia";"Tour en buggy por Cracovia";"https://www.civitatis.com/es/cracovia/tour-buggy-cracovia/";"Gluzinski City Tour Krakow Sp. Z.o.o";"togetherkrakow@gmail.com";"+48459581581";"Arkadiusz Gluziński KrakowTogether.com | Dietla 75 street , Cracovia, Polonia";"";"16669.35";"105";"1180";"8.3";"CLP";"2026-02-16"
"Polonia";"Cracovia";"Excursión a los subcampos de Auschwitz";"https://www.civitatis.com/es/cracovia/excursion-subcampos-auschwitz/";"All In Krakow";"allinkrakow@allinkrakow.com";"+48 666 274 150";"KrakowOmnia sp z o.o. | Rakowicka 10B/4, Cracovia, Polonia";"";"94630.65";"4";"138";"8.5";"CLP";"2026-02-16"
"Polonia";"Cracovia";"Entrada al Museo Polaco de Aviación";"https://www.civitatis.com/es/cracovia/entrada-museo-polaco-aviacion/";"Discover Cracow";"pawel.nowakowski@discovercracow.com";"123463899";"Discover Cracow | Czyżówka 16,, Cracovia, Polonia";"";"11877.6";"1";"43";"10.0";"CLP";"2026-02-16"
"Polonia";"Cracovia";"Visita guiada por la Basílica de Santa María";"https://www.civitatis.com/es/cracovia/visita-guiada-basilica-santa-maria/";"All Poland (Excursions City)";"info@poland-service.com";"+48727001040";"All Poland Sp. z o.o. | ul. Mikolajska 26/5, Cracovia, Polonia";"";"26994.54";"12";"68";"8.7";"CLP";"2026-02-16"
"Polonia";"Cracovia";"Entrada al Museo Banksy de Cracovia";"https://www.civitatis.com/es/cracovia/entrada-museo-banksy/";"Muzeum Banksy Sp. Z O.o.";"info@muzeumbanksy.pl";"+48732540519";"Muzeum Banksy SPÓŁKA Z OGRANICZONĄ ODPOWIEDZIALNOŚCIĄ | ul.Berka Joselewicza 21, Cracovia, Polonia";"";"16669.35";"13";"616";"8.8";"CLP";"2026-02-16"
"Polonia";"Cracovia";"Paseo en barco al atardecer";"https://www.civitatis.com/es/cracovia/paseo-barco-atardecer/";"Wiktorex";"biuro@kapitanvictor.pl";"+48579330888";"Wiktor Szewczyk Wiktorex | ul. Zubrzyckiego 3/81   30-611 Kraków Polska, Cracovia, Polonia";"";"23755.2";"293";"3784";"6.9";"CLP";"2026-02-16"
"Polonia";"Cracovia";"Free tour en bicicleta por las orillas del Vístula";"https://www.civitatis.com/es/cracovia/tour-bicicleta-vistula/";"Be Local";"dcazorla@hotmail.com";"+48503602011";"Harisiadis Harisiadis y Catala sp. z o.o. | Ul Bonaventura, Cracovia, Polonia";"";"0.0";"29";"1332";"9.2";"CLP";"2026-02-16"
"Polonia";"Cracovia";"Free tour en bicicleta por Cracovia";"https://www.civitatis.com/es/cracovia/free-tour-bicicleta-cracovia/";"Be Local";"dcazorla@hotmail.com";"+48503602011";"Harisiadis Harisiadis y Catala sp. z o.o. | Ul Bonaventura, Cracovia, Polonia";"";"0.0";"7";"819";"8.9";"CLP";"2026-02-16"
"Polonia";"Cracovia";"Pub Crawl ¡Tour de fiesta por Cracovia!";"https://www.civitatis.com/es/cracovia/pub-crawl-cracovia/";"Cracow City Tours";"spanish@cracowcitytours.pl";"+48 12 4211327";"Malopolska Prywatna Komunikacja Samochodowa Sp. z o.o. | Pawia 12/15, Cracovia, Polonia";"";"15387.09";"29";"600";"5.8";"CLP";"2026-02-16"
"Polonia";"Cracovia";"Autobús turístico de Cracovia";"https://www.civitatis.com/es/cracovia/autobus-turistico-cracovia/";"Discover Cracow";"pawel.nowakowski@discovercracow.com";"123463899";"Discover Cracow | Czyżówka 16,, Cracovia, Polonia";"";"14145.14";"35";"974";"5.7";"CLP";"2026-02-16"
"Polonia";"Cracovia";"Krakow City Pass";"https://www.civitatis.com/es/cracovia/krakow-card/";"Discover Cracow";"pawel.nowakowski@discovercracow.com";"123463899";"Discover Cracow | Czyżówka 16,, Cracovia, Polonia";"";"24834.98";"59";"910";"6.8";"CLP";"2026-02-16"
"Polonia";"Cracovia";"Excursión privada a Auschwitz y las Minas de Sal";"https://www.civitatis.com/es/cracovia/excursion-privada-auschwitz-minas-sal/";"Urbanizator";"marga@guia-cracovia.pl";"+48 693 602 782";"Urbanizator 2 spólka Z.O.O | Ul. św. Gertrudy 14/P1, Cracovia, Polonia";"";"1068984.13";"46";"1034";"8.9";"CLP";"2026-02-16"
"Polonia";"Cracovia";"Excursión a Częstochowa y La Madonna Negra";"https://www.civitatis.com/es/cracovia/excursion-czestochowa/";"Cracow City Tours";"spanish@cracowcitytours.pl";"+48 12 4211327";"Malopolska Prywatna Komunikacja Samochodowa Sp. z o.o. | Pawia 12/15, Cracovia, Polonia";"";"128225.82";"42";"426";"8.5";"CLP";"2026-02-16"
"Polonia";"Cracovia";"Excursión privada desde Cracovia";"https://www.civitatis.com/es/cracovia/excursion-privada-cracovia/";"Poland Tour Team";"dorota.racz@ptteam.pl";"+48 607 460 910";"PT TEAM SPÓŁKA Z OGRANICZONĄ ODPOWIEDZIALNOŚCIĄ | Bohdanowicza 21/22, Varsovia, Polonia";"";"485901.87";"12";"260";"9.3";"CLP";"2026-02-16"
"Polonia";"Cracovia";"Excursión a Zakopane + Treetop Walk Bachledka";"https://www.civitatis.com/es/cracovia/excursion-zakopane-treetop-walk-bachledka/";"Legendary Krakow";"office@legendarykrakow.pl";"+48539004008";"WOJCIECH RZEPKA - Xtrip | Sebastiana Klonowica 24/124, Cracovia, Polonia";"";"146690.33";"25";"263";"8.3";"CLP";"2026-02-16"
"Polonia";"Cracovia";"Tour privado en coche eléctrico por Cracovia";"https://www.civitatis.com/es/cracovia/tour-coche-electrico-cracovia/";"At81 Group Adrian Tałocha";"info@city-tours.com.pl";"+48881504960";"AT81 Group Adrian Tałocha | Aleja Powstania Warszawskiego 15, Cracovia, Polonia";"";"89758.07";"18";"241";"7.9";"CLP";"2026-02-16"
"Polonia";"Cracovia";"Tour en bicicleta por Cracovia";"https://www.civitatis.com/es/cracovia/tour-bicicleta-cracovia/";"V&g Company Sp.z.o.o";"office@krakowtour.com.pl";"+48608034081";"V&G COMPANY Sp.z.o.o | Ul. Zamknieta, nr 10, lok.1.5, Cracovia, Polonia";"";"32393.45";"15";"186";"9.7";"CLP";"2026-02-16"
"Polonia";"Cracovia";"Excursión a Treetop Walk Bachledka + Baños termales de Chochołów";"https://www.civitatis.com/es/cracovia/treetop-walk-bachledka-termales-chocholow/";"Legendary Krakow";"office@legendarykrakow.pl";"+48539004008";"WOJCIECH RZEPKA - Xtrip | Sebastiana Klonowica 24/124, Cracovia, Polonia";"";"164641.95";"8";"82";"8.5";"CLP";"2026-02-16"
"Polonia";"Cracovia";"Excursión al Parque Nacional Ojców";"https://www.civitatis.com/es/cracovia/excursion-parque-ojcow/";"Legendary Krakow";"office@legendarykrakow.pl";"+48539004008";"WOJCIECH RZEPKA - Xtrip | Sebastiana Klonowica 24/124, Cracovia, Polonia";"";"115403.23";"10";"66";"7.8";"CLP";"2026-02-16"
"Polonia";"Cracovia";"Entrada al Montículo de Kościuszko";"https://www.civitatis.com/es/cracovia/entrada-monticulo-kosciuszko/";"Discover Cracow";"pawel.nowakowski@discovercracow.com";"123463899";"Discover Cracow | Czyżówka 16,, Cracovia, Polonia";"";"10851.8";"1";"24";"8.0";"CLP";"2026-02-16"
"Polonia";"Cracovia";"Tour en patinete eléctrico por Cracovia";"https://www.civitatis.com/es/cracovia/tour-patinete-electrico-cracovia/";"V&g Company Sp.z.o.o";"office@krakowtour.com.pl";"+48608034081";"V&G COMPANY Sp.z.o.o | Ul. Zamknieta, nr 10, lok.1.5, Cracovia, Polonia";"";"37792.36";"3";"45";"9.3";"CLP";"2026-02-16"
"Polonia";"Cracovia";"Entrada al museo de la Fábrica de Vodka";"https://www.civitatis.com/es/cracovia/entrada-museo-fabrica-vodka/";"Discover Cracow";"pawel.nowakowski@discovercracow.com";"123463899";"Discover Cracow | Czyżówka 16,, Cracovia, Polonia";"";"26638.22";"0";"0";"0.0";"CLP";"2026-02-16"
"Polonia";"Cracovia";"Tour gastronómico por Cracovia";"https://www.civitatis.com/es/cracovia/tour-gastronomico-cracovia/";"Hola Cracovia";"admin@holacracovia.com";"+48787873137";"HOLA CRACOVIA SPOLKA Z ORGANICZONA | Rakowicka 30/6, Cracovia, Polonia";"";"36712.58";"120";"1936";"9.5";"CLP";"2026-02-16"
"Polonia";"Cracovia";"Free tour por Nowa Huta";"https://www.civitatis.com/es/cracovia/free-tour-nowa-huta/";"Walkative Tour";"info@walkative.eu";"+48 513 875 814";"Legendary Tours | Ul. Rolna 7/2 , Cracovia, Polonia";"";"0.0";"136";"1701";"9.2";"CLP";"2026-02-16"
"Polonia";"Cracovia";"Excursión al río Dunajec";"https://www.civitatis.com/es/cracovia/excursion-dunajec/";"Cracow City Tours";"spanish@cracowcitytours.pl";"+48 12 4211327";"Malopolska Prywatna Komunikacja Samochodowa Sp. z o.o. | Pawia 12/15, Cracovia, Polonia";"";"128225.82";"93";"861";"9.5";"CLP";"2026-02-16"
"Polonia";"Cracovia";"Paseo en barco por el río Vístula";"https://www.civitatis.com/es/cracovia/paseo-barco-rio-vistula/";"Wiktorex";"biuro@kapitanvictor.pl";"+48579330888";"Wiktor Szewczyk Wiktorex | ul. Zubrzyckiego 3/81   30-611 Kraków Polska, Cracovia, Polonia";"";"14037.16";"65";"794";"6.9";"CLP";"2026-02-16"
"Polonia";"Cracovia";"Excursión a Auschwitz-Birkenau en grupo reducido";"https://www.civitatis.com/es/cracovia/excursion-auschwitz-birkenau-grupo-reducido/";"Epic Cracow";"info@epiccracow.com";"+48513797196";"Petroniusz Szostak | FRANCISZKA HYPTY 2, Cracovia, Polonia";"";"102580.65";"3";"115";"8.7";"CLP";"2026-02-16"
"Polonia";"Cracovia";"Excursión a Energylandia";"https://www.civitatis.com/es/cracovia/transporte-entrada-energylandia/";"Seekrakow";"pzieba@seekrakow.com";"+48 506 379 678";"UTC TOUR OPERATOR SPÓŁKA Z OGRANICZONĄ ODPOWIEDZIALNOSCIĄ | ŚWIĘTEGO FILIPA, nr 23, lok. 3, miejsc, Cracovia, Polonia";"";"111556.46";"5";"46";"9.2";"CLP";"2026-02-16"
"Polonia";"Cracovia";"Excursión a Tyniec en barco";"https://www.civitatis.com/es/cracovia/excursion-tyniec-barco/";"Wiktorex";"biuro@kapitanvictor.pl";"+48579330888";"Wiktor Szewczyk Wiktorex | ul. Zubrzyckiego 3/81   30-611 Kraków Polska, Cracovia, Polonia";"";"74504.95";"0";"50";"0.0";"CLP";"2026-02-16"
"Polonia";"Cracovia";"Tour navideño por Cracovia";"https://www.civitatis.com/es/cracovia/tour-navidad-cracovia/";"Walkative Tour";"info@walkative.eu";"+48 513 875 814";"Legendary Tours | Ul. Rolna 7/2 , Cracovia, Polonia";"";"37792.36";"0";"11";"0.0";"CLP";"2026-02-16"
"Polonia";"Cracovia";"Prácticas de tiro en Cracovia";"https://www.civitatis.com/es/cracovia/practicas-tiro-cracovia/";"Krakowdirect";"office@krakowdirect.com";"+48 570599599";"JTP PTAK SP.J. | ul. Kopernika 30A, Skawina, Polonia";"";"73965.06";"0";"0";"0.0";"CLP";"2026-02-16"
"Polonia";"Varsovia";"Free tour por Varsovia";"https://www.civitatis.com/es/varsovia/free-tour-varsovia/";"Walkative Tour";"info@walkative.eu";"+48 513 875 814";"Legendary Tours | Ul. Rolna 7/2 , Cracovia, Polonia";"";"0.0";"13223";"285141";"9.4";"CLP";"2026-02-16"
"Polonia";"Varsovia";"Free tour por Varsovia";"https://www.civitatis.com/es/varsovia/free-tour-varsovia/";"Viadrina Tours";"viadrinatours@gmail.com";"+48 508 086 747";"VIADRINA TOURS Maciej Wronecki | w, ul. Zimowa, nr 14, lok. 2, Wrocław, Polonia";"";"0.0";"13223";"285141";"9.4";"CLP";"2026-02-16"
"Polonia";"Varsovia";"Free tour por Varsovia";"https://www.civitatis.com/es/varsovia/free-tour-varsovia/";"Hola Polonia Tours - Luis Enrique Souto Alvarez";"viajeskikeski@gmail.com";"+48739985781";"Hola Polonia Tours | ul. Stefana Bryły, nr 3, lok. 507,, Warszawa, Polonia";"";"0.0";"13223";"285141";"9.4";"CLP";"2026-02-16"
"Polonia";"Varsovia";"Free tour por el barrio judío de Varsovia";"https://www.civitatis.com/es/varsovia/free-tour-barrio-judio/";"Walkative Tour";"info@walkative.eu";"+48 513 875 814";"Legendary Tours | Ul. Rolna 7/2 , Cracovia, Polonia";"";"0.0";"3447";"76851";"9.3";"CLP";"2026-02-16"
"Polonia";"Varsovia";"Free tour por el barrio judío de Varsovia";"https://www.civitatis.com/es/varsovia/free-tour-barrio-judio/";"Hola Cracovia";"admin@holacracovia.com";"+48787873137";"HOLA CRACOVIA SPOLKA Z ORGANICZONA | Rakowicka 30/6, Cracovia, Polonia";"";"0.0";"3447";"76851";"9.3";"CLP";"2026-02-16"
"Polonia";"Varsovia";"Excursión al campo de concentración de Treblinka";"https://www.civitatis.com/es/varsovia/excursion-campo-concentracion-treblinka/";"Viadrina Tours";"viadrinatours@gmail.com";"+48 508 086 747";"VIADRINA TOURS Maciej Wronecki | w, ul. Zimowa, nr 14, lok. 2, Wrocław, Polonia";"";"96100.59";"26";"345";"8.9";"CLP";"2026-02-16"
"Polonia";"Varsovia";"Excursión a Auschwitz-Birkenau";"https://www.civitatis.com/es/varsovia/excursion-auschwitz-birkenau/";"Supercracow";"booking@supercracow.com";"+48 796 556 969";"Michael's Group Michał Ciężadło | GRZEGÓRZECKA 69B M3, Cracovia, Polonia";"";"152588.72";"109";"2128";"7.7";"CLP";"2026-02-16"
"Polonia";"Varsovia";"Traslados en Varsovia";"https://www.civitatis.com/es/varsovia/traslados/";"No especificado / Único";"N/A";"N/A";"N/A";"";"34553.02";"497";"7619";"9.2";"CLP";"2026-02-16"
"Polonia";"Varsovia";"Concierto de piano en la sala Fryderyk";"https://www.civitatis.com/es/varsovia/concierto-piano-sala-fryderyk/";"Fryderyk Concert Hall";"marketing@fryderyk.events";"+48 604 775 616";"Agencja Koncertowa Presto 2 Marcin Sokołowski | Ul. Grochowska 341/116, Warszawa, Polonia";"";"24362.9";"92";"856";"9.1";"CLP";"2026-02-16"
"Polonia";"Varsovia";"Tour privado por Varsovia";"https://www.civitatis.com/es/varsovia/tour-privado-varsovia/";"Poland Tour Team";"dorota.racz@ptteam.pl";"+48 607 460 910";"PT TEAM SPÓŁKA Z OGRANICZONĄ ODPOWIEDZIALNOŚCIĄ | Bohdanowicza 21/22, Varsovia, Polonia";"";"199759.66";"181";"4176";"9.2";"CLP";"2026-02-16"
"Polonia";"Varsovia";"Free tour de la II Guerra Mundial";"https://www.civitatis.com/es/varsovia/free-tour-ii-guerra-mundial/";"Walkative Tour";"info@walkative.eu";"+48 513 875 814";"Legendary Tours | Ul. Rolna 7/2 , Cracovia, Polonia";"";"0.0";"349";"6529";"8.9";"CLP";"2026-02-16"
"Polonia";"Varsovia";"Concierto de piano con música de Chopin";"https://www.civitatis.com/es/varsovia/concierto-piano-chopin/";"Time For Chopin";"biuro@timeforchopin.eu";"793131001";"Time for Chopin SP. Z.O.O. SP.K. | Korczyńska, 6A apt. 40, Warszawa, Polonia";"";"23755.2";"93";"877";"9.3";"CLP";"2026-02-16"
"Polonia";"Varsovia";"Free tour por el barrio de Praga";"https://www.civitatis.com/es/varsovia/free-tour-barrio-praga/";"Walkative Tour";"info@walkative.eu";"+48 513 875 814";"Legendary Tours | Ul. Rolna 7/2 , Cracovia, Polonia";"";"0.0";"352";"7403";"8.7";"CLP";"2026-02-16"
"Polonia";"Varsovia";"Free tour por el barrio de Praga";"https://www.civitatis.com/es/varsovia/free-tour-barrio-praga/";"Hola Cracovia";"admin@holacracovia.com";"+48787873137";"HOLA CRACOVIA SPOLKA Z ORGANICZONA | Rakowicka 30/6, Cracovia, Polonia";"";"0.0";"352";"7403";"8.7";"CLP";"2026-02-16"
"Polonia";"Varsovia";"Excursión a Cracovia + Minas de sal de Wieliczka";"https://www.civitatis.com/es/varsovia/excursion-cracovia-minas-sal/";"Poland Travel";"info@polandtraveltours.com";"0048 501248996";"Filosol s.c. | Wielopole 18B/XIII, Cracovia, Polonia";"";"166693.56";"4";"85";"6.5";"CLP";"2026-02-16"
"Polonia";"Varsovia";"Paseo en barco por el Vístula al anochecer con bebida";"https://www.civitatis.com/es/varsovia/paseo-barco-varsovia/";"Krypa Sp. Z O.o.";"maria@krypa.pl";"+48739059832";"KRYPA LIMITED LIABILITY COMPANY | Nowogrodzka 64/43, Warszawa, Polonia";"";"30774.19";"8";"110";"8.0";"CLP";"2026-02-16"
"Polonia";"Varsovia";"Free tour de la Guerra Fría";"https://www.civitatis.com/es/varsovia/free-tour-guerra-fria/";"Jack Scott";"Jack@jacksambertrails.com";"889456915";"Jack Scott | Bialej Floty 4A, Lok. 29, Warszawa, Polonia";"";"0.0";"10";"636";"9.2";"CLP";"2026-02-16"
"Polonia";"Varsovia";"Tour por Varsovia + Parque Real Lazienki";"https://www.civitatis.com/es/varsovia/tour-varsovia-parque-real-lazienki/";"Destino Polonia Tours";"info@destinopoloniatours.com";"0048537584435";"David Fernandez Lopez | woj. MAŁOPOLSKIE, pow. Kraków,, Cracovia, Polonia";"";"48590.18";"41";"827";"9.8";"CLP";"2026-02-16"
"Polonia";"Varsovia";"Conducción de coche antiguo en Varsovia";"https://www.civitatis.com/es/varsovia/conduccion-coche-antiguo-varsovia/";"Wpt 1313 Warsaw Private Tour";"biuro@wpt1313.com";"+48 22 882 13 13";"RAFAL PAWELEK | Krolowej Bony 49/C4 , Varsovia, Polonia";"";"127414.27";"6";"66";"10.0";"CLP";"2026-02-16"
"Polonia";"Varsovia";"Paseo en barco tradicional por el río Vístula";"https://www.civitatis.com/es/varsovia/paseo-barco-tradicional-vistula/";"Krypa Sp. Z O.o.";"maria@krypa.pl";"+48739059832";"KRYPA LIMITED LIABILITY COMPANY | Nowogrodzka 64/43, Warszawa, Polonia";"";"19233.87";"29";"710";"7.4";"CLP";"2026-02-16"
"Polonia";"Varsovia";"Free tour por la Varsovia comunista";"https://www.civitatis.com/es/varsovia/free-tour-varsovia-comunista/";"Walkative Tour";"info@walkative.eu";"+48 513 875 814";"Legendary Tours | Ul. Rolna 7/2 , Cracovia, Polonia";"";"0.0";"193";"3283";"8.6";"CLP";"2026-02-16"
"Polonia";"Varsovia";"Autobús turístico de Varsovia";"https://www.civitatis.com/es/varsovia/autobus-turistico-varsovia/";"City Sightseeing Eur";"bookings@city-sightseeing.com";"+44 0 1789 299123";"City Sightseeing Ltd | Suite 8 Floor 3 Grosvenor House Redditch, Worcestershire, Reino Unido";"";"37792.36";"85";"1164";"7.2";"CLP";"2026-02-16"
"Polonia";"Varsovia";"Visita guiada por el Palacio de Wilanów";"https://www.civitatis.com/es/varsovia/visita-guiada-palacio-wilanow/";"Viadrina Tours";"viadrinatours@gmail.com";"+48 508 086 747";"VIADRINA TOURS Maciej Wronecki | w, ul. Zimowa, nr 14, lok. 2, Wrocław, Polonia";"";"86382.55";"48";"630";"9.5";"CLP";"2026-02-16"
"Polonia";"Varsovia";"Pub Crawl ¡Tour de fiesta por Varsovia!";"https://www.civitatis.com/es/varsovia/pub-crawl-varsovia/";"Xperiencepoland";"friends@xperiencepoland.com";"+48575030301";"XPERIENCE SPOLKA Z OGRANICZONA ODPOWIEDZIALNOSCIA | Malborska 3, 76, Varsovia, Polonia";"";"26994.54";"20";"521";"7.4";"CLP";"2026-02-16"
"Polonia";"Varsovia";"Tour privado de Chopin por Varsovia";"https://www.civitatis.com/es/varsovia/tour-chopin/";"Polish Wonders";"contact@polandwithanna.pl";"+48 501 150 132";"Polish Wonders Anna Spaulenok | Ul. Sikorskiego 22/2, Otwock, Polonia";"";"151169.47";"54";"461";"9.4";"CLP";"2026-02-16"
"Polonia";"Varsovia";"Tour gastronómico por Varsovia";"https://www.civitatis.com/es/varsovia/tour-gastronomico-varsovia/";"The Walking Parrot";"geral@thewalkingparrot.com";"+ 48 518 200 668";"Aleksandra Zachaj Tours | Ul. Mielszka I 14A m. 5, Wołomin, Polonia";"";"94887.1";"41";"317";"7.7";"CLP";"2026-02-16"
"Polonia";"Varsovia";"Excursión privada a Auschwitz-Birkenau";"https://www.civitatis.com/es/varsovia/excursion-privada-auschwitz-birkenau/";"Urbanizator";"marga@guia-cracovia.pl";"+48 693 602 782";"Urbanizator 2 spólka Z.O.O | Ul. św. Gertrudy 14/P1, Cracovia, Polonia";"";"1338929.61";"2";"268";"10.0";"CLP";"2026-02-16"
"Polonia";"Varsovia";"Tour privado en coche antiguo";"https://www.civitatis.com/es/varsovia/tour-privado-coche-antiguo/";"Wpt 1313 Warsaw Private Tour";"biuro@wpt1313.com";"+48 22 882 13 13";"RAFAL PAWELEK | Krolowej Bony 49/C4 , Varsovia, Polonia";"";"193280.96";"9";"128";"8.9";"CLP";"2026-02-16"
"Polonia";"Varsovia";"Tour del vodka por Varsovia";"https://www.civitatis.com/es/varsovia/tour-vodka-varsovia/";"The Walking Parrot";"geral@thewalkingparrot.com";"+ 48 518 200 668";"Aleksandra Zachaj Tours | Ul. Mielszka I 14A m. 5, Wołomin, Polonia";"";"46161.29";"16";"153";"6.3";"CLP";"2026-02-16"
"Polonia";"Varsovia";"Excursión privada al campo de concentración de Majdanek y Lublin";"https://www.civitatis.com/es/varsovia/excursion-majdanek-lublin/";"Polish Wonders";"contact@polandwithanna.pl";"+48 501 150 132";"Polish Wonders Anna Spaulenok | Ul. Sikorskiego 22/2, Otwock, Polonia";"";"453508.41";"7";"98";"7.7";"CLP";"2026-02-16"
"Polonia";"Varsovia";"Excursión privada desde Varsovia";"https://www.civitatis.com/es/varsovia/excursion-privada-varsovia/";"Poland Tour Team";"dorota.racz@ptteam.pl";"+48 607 460 910";"PT TEAM SPÓŁKA Z OGRANICZONĄ ODPOWIEDZIALNOŚCIĄ | Bohdanowicza 21/22, Varsovia, Polonia";"";"551768.57";"0";"56";"0.0";"CLP";"2026-02-16"
"Polonia";"Varsovia";"Taller de pierogi";"https://www.civitatis.com/es/varsovia/taller-pierogi/";"Pierogi & More";"pierogiandmore@gmail.com";"+48534553336";"Maria Oskroba | Stawki 3, Varsovia, Polonia";"";"56419.36";"18";"132";"9.2";"CLP";"2026-02-16"
"Polonia";"Varsovia";"Tour panorámico en autobús antiguo";"https://www.civitatis.com/es/varsovia/tour-autobus-turistico-antiguo/";"Wpt 1313 Warsaw Private Tour";"biuro@wpt1313.com";"+48 22 882 13 13";"RAFAL PAWELEK | Krolowej Bony 49/C4 , Varsovia, Polonia";"";"32393.45";"0";"32";"0.0";"CLP";"2026-02-16"
"Polonia";"Varsovia";"Tour navideño por Varsovia";"https://www.civitatis.com/es/varsovia/tour-navidad-varsovia/";"Polish Wonders";"contact@polandwithanna.pl";"+48 501 150 132";"Polish Wonders Anna Spaulenok | Ul. Sikorskiego 22/2, Otwock, Polonia";"";"48590.18";"8";"182";"9.8";"CLP";"2026-02-16"
"Polonia";"Breslavia";"Free tour por Breslavia";"https://www.civitatis.com/es/breslavia/visita-guiada-breslavia/";"Viadrina Tours";"viadrinatours@gmail.com";"+48 508 086 747";"VIADRINA TOURS Maciej Wronecki | w, ul. Zimowa, nr 14, lok. 2, Wrocław, Polonia";"";"0.0";"2160";"31397";"9.1";"CLP";"2026-02-16"
"Polonia";"Breslavia";"Excursión por la Baja Silesia";"https://www.civitatis.com/es/breslavia/tour-baja-silesia/";"Destino Polonia Tours";"info@destinopoloniatours.com";"0048537584435";"David Fernandez Lopez | woj. MAŁOPOLSKIE, pow. Kraków,, Cracovia, Polonia";"";"97180.37";"51";"876";"8.8";"CLP";"2026-02-16"
"Polonia";"Breslavia";"Free tour por el barrio judío";"https://www.civitatis.com/es/breslavia/tour-barrio-judio/";"Viadrina Tours";"viadrinatours@gmail.com";"+48 508 086 747";"VIADRINA TOURS Maciej Wronecki | w, ul. Zimowa, nr 14, lok. 2, Wrocław, Polonia";"";"0.0";"448";"7342";"8.9";"CLP";"2026-02-16"
"Polonia";"Breslavia";"Excursión por los paisajes de Las Crónicas de Narnia";"https://www.civitatis.com/es/breslavia/excursion-cronicas-narnia/";"Viadrina Tours";"viadrinatours@gmail.com";"+48 508 086 747";"VIADRINA TOURS Maciej Wronecki | w, ul. Zimowa, nr 14, lok. 2, Wrocław, Polonia";"";"105818.63";"43";"411";"9.4";"CLP";"2026-02-16"
"Polonia";"Breslavia";"Tour privado por Breslavia";"https://www.civitatis.com/es/breslavia/tour-privado-breslavia/";"Destino Polonia Tours";"info@destinopoloniatours.com";"0048537584435";"David Fernandez Lopez | woj. MAŁOPOLSKIE, pow. Kraków,, Cracovia, Polonia";"";"161967.29";"38";"642";"9.0";"CLP";"2026-02-16"
"Polonia";"Breslavia";"Entrada a la Universidad de Breslavia con audioguía";"https://www.civitatis.com/es/breslavia/visita-guiada-universidad-breslavia/";"Viadrina Tours";"viadrinatours@gmail.com";"+48 508 086 747";"VIADRINA TOURS Maciej Wronecki | w, ul. Zimowa, nr 14, lok. 2, Wrocław, Polonia";"";"17276.51";"36";"282";"9.6";"CLP";"2026-02-16"
"Polonia";"Breslavia";"Traslados en Breslavia";"https://www.civitatis.com/es/breslavia/traslados/";"No especificado / Único";"N/A";"N/A";"N/A";"";"36172.69";"169";"2468";"8.9";"CLP";"2026-02-16"
"Polonia";"Breslavia";"Pub Crawl ¡Tour de fiesta por Breslavia!";"https://www.civitatis.com/es/breslavia/pub-crawl-breslavia/";"Xperiencepoland";"friends@xperiencepoland.com";"+48575030301";"XPERIENCE SPOLKA Z OGRANICZONA ODPOWIEDZIALNOSCIA | Malborska 3, 76, Varsovia, Polonia";"";"21595.63";"13";"132";"8.6";"CLP";"2026-02-16"
"Polonia";"Breslavia";"Excursión a Auschwitz-Birkenau";"https://www.civitatis.com/es/breslavia/excursion-auschwitz-birkenau/";"Viadrina Tours";"viadrinatours@gmail.com";"+48 508 086 747";"VIADRINA TOURS Maciej Wronecki | w, ul. Zimowa, nr 14, lok. 2, Wrocław, Polonia";"";"156568.38";"75";"749";"9.1";"CLP";"2026-02-16"
"Polonia";"Breslavia";"Tour privado en coche eléctrico por Breslavia";"https://www.civitatis.com/es/breslavia/tour-coche-electrico/";"Viadrina Tours";"viadrinatours@gmail.com";"+48 508 086 747";"VIADRINA TOURS Maciej Wronecki | w, ul. Zimowa, nr 14, lok. 2, Wrocław, Polonia";"";"161967.29";"4";"72";"9.0";"CLP";"2026-02-16"
"Polonia";"Breslavia";"Excursión a Dresde";"https://www.civitatis.com/es/breslavia/excursion-dresde/";"Viadrina Tours";"viadrinatours@gmail.com";"+48 508 086 747";"VIADRINA TOURS Maciej Wronecki | w, ul. Zimowa, nr 14, lok. 2, Wrocław, Polonia";"";"168445.98";"3";"34";"10.0";"CLP";"2026-02-16"
"Polonia";"Breslavia";"Excursión privada desde Breslavia";"https://www.civitatis.com/es/breslavia/excursion-privada-breslavia/";"Destino Polonia Tours";"info@destinopoloniatours.com";"0048537584435";"David Fernandez Lopez | woj. MAŁOPOLSKIE, pow. Kraków,, Cracovia, Polonia";"";"496699.69";"0";"0";"0.0";"CLP";"2026-02-16"
"Polonia";"Breslavia";"Tour navideño por Breslavia";"https://www.civitatis.com/es/breslavia/tour-navidad-breslavia/";"Destino Polonia Tours";"info@destinopoloniatours.com";"0048537584435";"David Fernandez Lopez | woj. MAŁOPOLSKIE, pow. Kraków,, Cracovia, Polonia";"";"37792.36";"0";"1";"0.0";"CLP";"2026-02-16"
"Polonia";"Gdansk";"Free tour por Gdansk";"https://www.civitatis.com/es/gdansk/free-tour-gdansk/";"Walkative Tour";"info@walkative.eu";"+48 513 875 814";"Legendary Tours | Ul. Rolna 7/2 , Cracovia, Polonia";"";"0.0";"2568";"28645";"9.4";"CLP";"2026-02-16"
"Polonia";"Gdansk";"Tour por Gdansk + Castillo de Malbork";"https://www.civitatis.com/es/gdansk/tour-gdansk-castillo-malbork/";"Destino Polonia Tours";"info@destinopoloniatours.com";"0048537584435";"David Fernandez Lopez | woj. MAŁOPOLSKIE, pow. Kraków,, Cracovia, Polonia";"";"124174.92";"12";"353";"9.8";"CLP";"2026-02-16"
"Polonia";"Gdansk";"Tour en buggy eléctrico por Gdansk";"https://www.civitatis.com/es/gdansk/tour-buggy-electrico-gdansk/";"Top City Tour Gdansk";"topcitytourgdansk@gmail.com";"+48883634169";"Maciej Łukasik | Podleckiego 5/30, Gdansk, Polonia, Gdansk, Polonia";"";"38467.74";"20";"142";"9.2";"CLP";"2026-02-16"
"Polonia";"Gdansk";"Tour privado por Gdansk";"https://www.civitatis.com/es/gdansk/tour-privado-gdansk/";"Poland Tour Team";"dorota.racz@ptteam.pl";"+48 607 460 910";"PT TEAM SPÓŁKA Z OGRANICZONĄ ODPOWIEDZIALNOŚCIĄ | Bohdanowicza 21/22, Varsovia, Polonia";"";"214876.6";"41";"589";"9.6";"CLP";"2026-02-16"
"Polonia";"Gdansk";"Excursión privada desde Gdansk";"https://www.civitatis.com/es/gdansk/excursion-privada-gdansk/";"Poland Tour Team";"dorota.racz@ptteam.pl";"+48 607 460 910";"PT TEAM SPÓŁKA Z OGRANICZONĄ ODPOWIEDZIALNOŚCIĄ | Bohdanowicza 21/22, Varsovia, Polonia";"";"363886.51";"4";"112";"8.0";"CLP";"2026-02-16"
"Polonia";"Gdansk";"Traslados en Gdansk";"https://www.civitatis.com/es/gdansk/traslados/";"No especificado / Único";"N/A";"N/A";"N/A";"";"57768.33";"47";"757";"9.4";"CLP";"2026-02-16"
"Polonia";"Gdansk";"Pub Crawl ¡Tour de fiesta por Gdansk!";"https://www.civitatis.com/es/gdansk/pub-crawl-gdansk/";"Xperiencepoland";"friends@xperiencepoland.com";"+48575030301";"XPERIENCE SPOLKA Z OGRANICZONA ODPOWIEDZIALNOSCIA | Malborska 3, 76, Varsovia, Polonia";"";"26994.54";"4";"111";"8.0";"CLP";"2026-02-16"
"Polonia";"Gdansk";"Tour del vodka por Gdansk";"https://www.civitatis.com/es/gdansk/tour-vodka-gdansk/";"Xperiencepoland";"friends@xperiencepoland.com";"+48575030301";"XPERIENCE SPOLKA Z OGRANICZONA ODPOWIEDZIALNOSCIA | Malborska 3, 76, Varsovia, Polonia";"";"38872.15";"3";"191";"8.7";"CLP";"2026-02-16"
"Polonia";"Gdansk";"Paseo en barco por Gdansk";"https://www.civitatis.com/es/gdansk/paseo-barco-gdansk/";"Galar Gdański";"booking@galar.org.pl";"+48500609999";"Fundacja Galar Gdański | Grunwaldzka 5, Gdansk, Polonia";"";"20516.13";"31";"397";"8.6";"CLP";"2026-02-16"
"Polonia";"Gdansk";"Paseo en barco al atardecer";"https://www.civitatis.com/es/gdansk/paseo-barco-atardecer/";"Galar Gdański";"booking@galar.org.pl";"+48500609999";"Fundacja Galar Gdański | Grunwaldzka 5, Gdansk, Polonia";"";"24362.9";"25";"326";"9.0";"CLP";"2026-02-16"
"Polonia";"Gdansk";"Tour de Gdansk para cruceros";"https://www.civitatis.com/es/gdansk/tour-gdansk-cruceros/";"Shore2Shore";"info@shore2shore.es";"928 51 53 52";"CALIMA SHORE TRAVEL S.L. | CALLE PARDELERA 8, Puerto Del Carmen, España";"";"35632.8";"4";"89";"8.5";"CLP";"2026-02-16"
"Polonia";"Poznan";"Free tour por Poznan";"https://www.civitatis.com/es/poznan/free-tour-poznan/";"Viadrina Tours";"viadrinatours@gmail.com";"+48 508 086 747";"VIADRINA TOURS Maciej Wronecki | w, ul. Zimowa, nr 14, lok. 2, Wrocław, Polonia";"";"0.0";"117";"5996";"8.1";"CLP";"2026-02-16"
"Polonia";"Poznan";"Free tour por Poznan";"https://www.civitatis.com/es/poznan/free-tour-poznan/";"Walkative Tour";"info@walkative.eu";"+48 513 875 814";"Legendary Tours | Ul. Rolna 7/2 , Cracovia, Polonia";"";"0.0";"117";"5996";"8.1";"CLP";"2026-02-16"
"Polonia";"Poznan";"Pub Crawl ¡Tour de fiesta por Poznan!";"https://www.civitatis.com/es/poznan/pub-crawl-poznan/";"Xperiencepoland";"friends@xperiencepoland.com";"+48575030301";"XPERIENCE SPOLKA Z OGRANICZONA ODPOWIEDZIALNOSCIA | Malborska 3, 76, Varsovia, Polonia";"";"22675.42";"0";"27";"0.0";"CLP";"2026-02-16"
"Polonia";"Poznan";"Tour privado por Poznan";"https://www.civitatis.com/es/poznan/tour-privado-poznan/";"Poland Tour Team";"dorota.racz@ptteam.pl";"+48 607 460 910";"PT TEAM SPÓŁKA Z OGRANICZONĄ ODPOWIEDZIALNOŚCIĄ | Bohdanowicza 21/22, Varsovia, Polonia";"";"199759.66";"17";"401";"8.5";"CLP";"2026-02-16"
"Polonia";"Poznan";"Excursión privada desde Poznan";"https://www.civitatis.com/es/poznan/excursion-privada-poznan/";"Poland Tour Team";"dorota.racz@ptteam.pl";"+48 607 460 910";"PT TEAM SPÓŁKA Z OGRANICZONĄ ODPOWIEDZIALNOŚCIĄ | Bohdanowicza 21/22, Varsovia, Polonia";"";"597119.41";"0";"4";"0.0";"CLP";"2026-02-16"
"Polonia";"Poznan";"Traslados en Poznan";"https://www.civitatis.com/es/poznan/traslados/";"No especificado / Único";"N/A";"N/A";"N/A";"";"57768.33";"27";"322";"9.6";"CLP";"2026-02-16"
"Polonia";"Poznan";"Free tour por el Poznan alternativo";"https://www.civitatis.com/es/poznan/free-tour-poznan-alternativo/";"Walkative Tour";"info@walkative.eu";"+48 513 875 814";"Legendary Tours | Ul. Rolna 7/2 , Cracovia, Polonia";"";"0.0";"16";"351";"8.5";"CLP";"2026-02-16"
"Polonia";"Katowice";"Excursión a Auschwitz-Birkenau";"https://www.civitatis.com/es/katowice/excursion-auschwitz-birkenau/";"Supercracow";"booking@supercracow.com";"+48 796 556 969";"Michael's Group Michał Ciężadło | GRZEGÓRZECKA 69B M3, Cracovia, Polonia";"";"77704.84";"29";"668";"9.4";"CLP";"2026-02-16"
"Polonia";"Katowice";"Traslados en Katowice";"https://www.civitatis.com/es/katowice/traslados/";"No especificado / Único";"N/A";"N/A";"N/A";"";"143610.99";"0";"73";"0.0";"CLP";"2026-02-16"
"Polonia";"Torun";"Tour privado por Torun";"https://www.civitatis.com/es/torun/tour-privado-torun/";"Destino Polonia Tours";"info@destinopoloniatours.com";"0048537584435";"David Fernandez Lopez | woj. MAŁOPOLSKIE, pow. Kraków,, Cracovia, Polonia";"";"134972.74";"11";"131";"9.8";"CLP";"2026-02-16"
