"pais";"destino";"actividad";"url_actividad";"operador";"email";"telefono";"direccion";"descripcion";"precio_real";"opiniones";"viajeros";"rating";"moneda";"fecha_scan"
"Alemania";"Berlín";"Campo de concentración de Sachsenhausen";"https://www.civitatis.com/es/berlin/excursion-campo-concentracion-sachsenhausen/";"Cultourberlin";"reservas@cultourberlin.com";"+49 177 652 2171";"cultour-incoming GmbH & Co. KG | Inselstraße 10, Berlín, Alemania";"";"30176.29";"15095";"378919";"9.2";"CLP";"2026-02-24"
"Alemania";"Berlín";"Campo de concentración de Sachsenhausen";"https://www.civitatis.com/es/berlin/excursion-campo-concentracion-sachsenhausen/";"Explora Berlin Ug";"management@exploraberlin.com";"+49 15563 234395";"Explora Berlin UG | Saarbrücker Str. 34, Berlín, Alemania";"";"30176.29";"15095";"378919";"9.2";"CLP";"2026-02-24"
"Alemania";"Berlín";"Campo de concentración de Sachsenhausen";"https://www.civitatis.com/es/berlin/excursion-campo-concentracion-sachsenhausen/";"Buendía - Alemania";"sarablanco@buendia.travel";"+34 620 57 19 76";"BUENDIA TRAVEL & TECH SL | C/ URÍA, 58, 3º, Oviedo, España";"";"30176.29";"15095";"378919";"9.2";"CLP";"2026-02-24"
"Alemania";"Berlín";"Free tour por Berlín";"https://www.civitatis.com/es/berlin/free-tour-berlin/";"Culture And Touring Sl";"berlin@cultureandtouring.com";"004915756836020";"CULTURE AND TOURING S.L. | CALLE CASTELAO, NUM 7 PLANTA 4, PUERTA E, Pontevedra, España";"";"0.0";"39934";"1033683";"9.6";"CLP";"2026-02-24"
"Alemania";"Berlín";"Free tour por Berlín";"https://www.civitatis.com/es/berlin/free-tour-berlin/";"Explora Berlin Ug";"management@exploraberlin.com";"+49 15563 234395";"Explora Berlin UG | Saarbrücker Str. 34, Berlín, Alemania";"";"0.0";"39934";"1033683";"9.6";"CLP";"2026-02-24"
"Alemania";"Berlín";"Excursión a Potsdam y Sachsenhausen";"https://www.civitatis.com/es/berlin/excursion-potsdam-sachsenhausen/";"Buendía - Alemania";"sarablanco@buendia.travel";"+34 620 57 19 76";"BUENDIA TRAVEL & TECH SL | C/ URÍA, 58, 3º, Oviedo, España";"";"52808.51";"1394";"13018";"8.7";"CLP";"2026-02-24"
"Alemania";"Berlín";"Free tour del Muro de Berlín y la Guerra Fría";"https://www.civitatis.com/es/berlin/free-tour-muro-berlin-guerra-fria/";"Culture And Touring Sl";"berlin@cultureandtouring.com";"004915756836020";"CULTURE AND TOURING S.L. | CALLE CASTELAO, NUM 7 PLANTA 4, PUERTA E, Pontevedra, España";"";"0.0";"7827";"168123";"9.4";"CLP";"2026-02-24"
"Alemania";"Berlín";"Free tour del Muro de Berlín y la Guerra Fría";"https://www.civitatis.com/es/berlin/free-tour-muro-berlin-guerra-fria/";"Explora Berlin Ug";"management@exploraberlin.com";"+49 15563 234395";"Explora Berlin UG | Saarbrücker Str. 34, Berlín, Alemania";"";"0.0";"7827";"168123";"9.4";"CLP";"2026-02-24"
"Alemania";"Berlín";"Tour por el Berlín alternativo";"https://www.civitatis.com/es/berlin/berlin-de-barrio/";"Culture And Touring Sl";"berlin@cultureandtouring.com";"004915756836020";"CULTURE AND TOURING S.L. | CALLE CASTELAO, NUM 7 PLANTA 4, PUERTA E, Pontevedra, España";"";"21554.49";"1277";"21352";"9.0";"CLP";"2026-02-24"
"Alemania";"Berlín";"Tour por el Berlín alternativo";"https://www.civitatis.com/es/berlin/berlin-de-barrio/";"Explora Berlin Ug";"management@exploraberlin.com";"+49 15563 234395";"Explora Berlin UG | Saarbrücker Str. 34, Berlín, Alemania";"";"21554.49";"1277";"21352";"9.0";"CLP";"2026-02-24"
"Alemania";"Berlín";"Excursión a Potsdam";"https://www.civitatis.com/es/berlin/excursion-potsdam/";"Cultourberlin";"reservas@cultourberlin.com";"+49 177 652 2171";"cultour-incoming GmbH & Co. KG | Inselstraße 10, Berlín, Alemania";"";"32331.74";"5413";"84168";"9.0";"CLP";"2026-02-24"
"Alemania";"Berlín";"Excursión a Potsdam";"https://www.civitatis.com/es/berlin/excursion-potsdam/";"Explora Berlin Ug";"management@exploraberlin.com";"+49 15563 234395";"Explora Berlin UG | Saarbrücker Str. 34, Berlín, Alemania";"";"32331.74";"5413";"84168";"9.0";"CLP";"2026-02-24"
"Alemania";"Berlín";"Traslados en Berlín";"https://www.civitatis.com/es/berlin/traslados/";"No especificado / Único";"N/A";"N/A";"N/A";"";"63585.75";"5836";"79877";"9.0";"CLP";"2026-02-24"
"Alemania";"Berlín";"Visita guiada por Berlín";"https://www.civitatis.com/es/berlin/visita-guiada-berlin/";"Cultourberlin";"reservas@cultourberlin.com";"+49 177 652 2171";"cultour-incoming GmbH & Co. KG | Inselstraße 10, Berlín, Alemania";"";"26943.11";"6518";"47842";"9.5";"CLP";"2026-02-24"
"Alemania";"Berlín";"Paseo histórico por el Berlín del nazismo";"https://www.civitatis.com/es/berlin/visita-berlin-nazi/";"Cultourberlin";"reservas@cultourberlin.com";"+49 177 652 2171";"cultour-incoming GmbH & Co. KG | Inselstraße 10, Berlín, Alemania";"";"26943.11";"1910";"30223";"9.1";"CLP";"2026-02-24"
"Alemania";"Berlín";"Paseo histórico por el Berlín del nazismo";"https://www.civitatis.com/es/berlin/visita-berlin-nazi/";"Explora Berlin Ug";"management@exploraberlin.com";"+49 15563 234395";"Explora Berlin UG | Saarbrücker Str. 34, Berlín, Alemania";"";"26943.11";"1910";"30223";"9.1";"CLP";"2026-02-24"
"Alemania";"Berlín";"Visita guiada por la Isla de los Museos";"https://www.civitatis.com/es/berlin/visita-guiada-isla-museos/";"Cultourberlin";"reservas@cultourberlin.com";"+49 177 652 2171";"cultour-incoming GmbH & Co. KG | Inselstraße 10, Berlín, Alemania";"";"64663.48";"63";"1981";"9.5";"CLP";"2026-02-24"
"Alemania";"Berlín";"Visita guiada por el Barrio Judío y su museo";"https://www.civitatis.com/es/berlin/visita-guiada-barrio-judio/";"Cultourberlin";"reservas@cultourberlin.com";"+49 177 652 2171";"cultour-incoming GmbH & Co. KG | Inselstraße 10, Berlín, Alemania";"";"43108.98";"1302";"10401";"9.4";"CLP";"2026-02-24"
"Alemania";"Berlín";"Tour de Berlín al completo";"https://www.civitatis.com/es/berlin/tour-berlin-completo/";"Culture And Touring Sl";"berlin@cultureandtouring.com";"004915756836020";"CULTURE AND TOURING S.L. | CALLE CASTELAO, NUM 7 PLANTA 4, PUERTA E, Pontevedra, España";"";"43108.98";"651";"11194";"9.6";"CLP";"2026-02-24"
"Alemania";"Berlín";"Tour de Berlín al completo";"https://www.civitatis.com/es/berlin/tour-berlin-completo/";"Explora Berlin Ug";"management@exploraberlin.com";"+49 15563 234395";"Explora Berlin UG | Saarbrücker Str. 34, Berlín, Alemania";"";"43108.98";"651";"11194";"9.6";"CLP";"2026-02-24"
"Alemania";"Berlín";"Excursión a Dresde y Meissen";"https://www.civitatis.com/es/berlin/excursion-dresde-meissen/";"Viadrina Tours (Alemania)";"viadrinatours.dresden@gmail.com";"+48509960034";"Viadrina Tours Maciej Wronecki | ul. Zimowa 14/2, Wrocław, Polonia";"";"156270.08";"67";"1557";"9.4";"CLP";"2026-02-24"
"Alemania";"Berlín";"Espectáculo BLINDED by DELIGHT Grand Show en el Teatro Friedrichstadt-Palast";"https://www.civitatis.com/es/berlin/espectaculo-teatro-friedrichstadt-palast/";"Friedrichstadt-Palast Berlin";"partner@palast.berlin";"+49 30 2326 2-277";"Friedrichstadt-Palast Betriebsgesellschaft mbH | Friedrichstraße 107, Berlín, Alemania";"";"48389.83";"85";"972";"9.6";"CLP";"2026-02-24"
"Alemania";"Berlín";"Tour de la cerveza por Berlín";"https://www.civitatis.com/es/berlin/tour-cerveza-berlin/";"Culture And Touring Sl";"berlin@cultureandtouring.com";"004915756836020";"CULTURE AND TOURING S.L. | CALLE CASTELAO, NUM 7 PLANTA 4, PUERTA E, Pontevedra, España";"";"43108.98";"158";"7479";"9.2";"CLP";"2026-02-24"
"Alemania";"Berlín";"Tour de la cerveza por Berlín";"https://www.civitatis.com/es/berlin/tour-cerveza-berlin/";"Explora Berlin Ug";"management@exploraberlin.com";"+49 15563 234395";"Explora Berlin UG | Saarbrücker Str. 34, Berlín, Alemania";"";"43108.98";"158";"7479";"9.2";"CLP";"2026-02-24"
"Alemania";"Berlín";"Tour de la Guerra Fría + Muro de Berlín + Museo de la Stasi";"https://www.civitatis.com/es/berlin/berlin-guerra-fria/";"Cultourberlin";"reservas@cultourberlin.com";"+49 177 652 2171";"cultour-incoming GmbH & Co. KG | Inselstraße 10, Berlín, Alemania";"";"37720.36";"1123";"8963";"9.4";"CLP";"2026-02-24"
"Alemania";"Berlín";"Tour privado por Berlín";"https://www.civitatis.com/es/berlin/tour-privado-berlin/";"Cultourberlin";"reservas@cultourberlin.com";"+49 177 652 2171";"cultour-incoming GmbH & Co. KG | Inselstraße 10, Berlín, Alemania";"";"296374.29";"212";"4506";"9.8";"CLP";"2026-02-24"
"Alemania";"Berlín";"Entrada a la Torre de la Televisión";"https://www.civitatis.com/es/berlin/entrada-torre-television/";"Berliner Fernsehturm";"f.ast@tv-turm.de";"+49 30 24 75 75 - 807";"TV-Turm Alexanderplatz  Gastronomiegesellschaft mbH | Panoramastraße 1A  10178 Berlin , Berlín, Alemania";"";"30715.15";"612";"7864";"8.2";"CLP";"2026-02-24"
"Alemania";"Berlín";"Free tour de los misterios y leyendas de Berlín";"https://www.civitatis.com/es/berlin/free-tour-misterios-leyendas/";"Culture And Touring Sl";"berlin@cultureandtouring.com";"004915756836020";"CULTURE AND TOURING S.L. | CALLE CASTELAO, NUM 7 PLANTA 4, PUERTA E, Pontevedra, España";"";"0.0";"1256";"31322";"9.0";"CLP";"2026-02-24"
"Alemania";"Berlín";"Pub Crawl ¡Tour de fiesta por Berlín!";"https://www.civitatis.com/es/berlin/pub-crawl-berlin/";"Culture And Touring Sl";"berlin@cultureandtouring.com";"004915756836020";"CULTURE AND TOURING S.L. | CALLE CASTELAO, NUM 7 PLANTA 4, PUERTA E, Pontevedra, España";"";"21554.49";"24";"1086";"8.2";"CLP";"2026-02-24"
"Alemania";"Berlín";"Excursión a Wittenberg";"https://www.civitatis.com/es/berlin/excursion-wittenberg/";"Viadrina Tours (Alemania)";"viadrinatours.dresden@gmail.com";"+48509960034";"Viadrina Tours Maciej Wronecki | ul. Zimowa 14/2, Wrocław, Polonia";"";"95917.49";"0";"72";"0.0";"CLP";"2026-02-24"
"Alemania";"Berlín";"Berlin WelcomeCard";"https://www.civitatis.com/es/berlin/berlin-welcomecard/";"Visit Berlin";"Yudum.Korkut@visitberlin.de";"+49 30 25 00 24 24";"Berlin Tourismus & Kongress GmbH | Am Karlsbad 11 ,  Berlin , Alemania";"";"30715.15";"2786";"32279";"9.0";"CLP";"2026-02-24"
"Alemania";"Berlín";"Autobús turístico de Berlín, City Sightseeing";"https://www.civitatis.com/es/berlin/autobus-turistico-berlin/";"City Sightseeing Eur";"bookings@city-sightseeing.com";"+44 0 1789 299123";"City Sightseeing Ltd | Suite 8 Floor 3 Grosvenor House Redditch, Worcestershire, Reino Unido";"";"27589.75";"467";"7262";"7.7";"CLP";"2026-02-24"
"Alemania";"Berlín";"Autobús turístico de Berlín, Big Bus";"https://www.civitatis.com/es/berlin/autobus-turistico-berlin-big-bus/";"Big Bus Tours Eur";"info@bigbustours.com";"+33 01 53 953 953";"Big Bus Tours Ltd | 5th Floor, 110 Buckingham Palace Road, Londres, Reino Unido";"";"32762.83";"82";"1642";"8.2";"CLP";"2026-02-24"
"Alemania";"Berlín";"Entradas al Palacio de Charlottenburg con audioguía";"https://www.civitatis.com/es/berlin/entradas-palacio-charlottenburg/";"Wegotrip";"partners@wegotrip.com";"+44 208 089 2265";"WEGOTRIP INC. | 447 Broadway, 2nd Floor, 1291, Nueva York, Estados Unidos";"";"48939.26";"0";"4";"0.0";"CLP";"2026-02-24"
"Alemania";"Berlín";"Entradas a la colección egipcia del Neues Museum con audioguía";"https://www.civitatis.com/es/berlin/entradas-coleccion-egipcia-neues-museum/";"Wegotrip";"partners@wegotrip.com";"+44 208 089 2265";"WEGOTRIP INC. | 447 Broadway, 2nd Floor, 1291, Nueva York, Estados Unidos";"";"20495.77";"8";"179";"8.0";"CLP";"2026-02-24"
"Alemania";"Berlín";"Visita a la fábrica de motos de BMW";"https://www.civitatis.com/es/berlin/visita-fabrica-motos-bmw/";"Bmw Factory Tours";"info@visit-bmwgroup.com";"+491784552085";"YAEZ GmbH | Kornbergstr. 44, Stuttgart, Alemania";"";"19399.04";"2";"56";"10.0";"CLP";"2026-02-24"
"Alemania";"Berlín";"Crucero con cena por Berlín";"https://www.civitatis.com/es/berlin/crucero-cena-berlin/";"Reederei Becker";"info@dieberlinerreederei.de";"+49 170 3255520";"H. Matthias Becker | Almstadtstr. 21, Berlín, Alemania";"";"86110.2";"125";"1192";"7.6";"CLP";"2026-02-24"
"Alemania";"Berlín";"Entrada al Icebar Berlín";"https://www.civitatis.com/es/berlin/entrada-icebar-berlin/";"Tours & Tickets";"reservations@enticon.com";"+31 020 705 4938";"ENTICON B2B B.V. | New Yorkstraat 3, Lijnden, Países Bajos";"";"24787.66";"126";"2316";"8.8";"CLP";"2026-02-24"
"Alemania";"Berlín";"Free tour de la historia del automóvil por Berlín";"https://www.civitatis.com/es/berlin/tour-historia-automovil-berlin/";"Tour Berlin Cars";"martinsacan@hotmail.com";"017664839590";"Martin Sacan | Utrechter Str 28, Berlín, Alemania";"";"0.0";"13";"159";"9.7";"CLP";"2026-02-24"
"Alemania";"Berlín";"Entrada al Estadio Olímpico de Berlín";"https://www.civitatis.com/es/berlin/entrada-estadio-olimpico-berlin/";"Unikat Pr Gmbh";"shs@unikat-pr.com";"+49-173-4151617";"Unikat PR GmbH | Hanns-Braun-Str,. Kursistenflügel, Berlín, Alemania";"";"11854.97";"0";"43";"0.0";"CLP";"2026-02-24"
"Alemania";"Berlín";"Entradas para la Gemäldegalerie con audioguía";"https://www.civitatis.com/es/berlin/entradas-gemaldegalerie/";"Wegotrip";"partners@wegotrip.com";"+44 208 089 2265";"WEGOTRIP INC. | 447 Broadway, 2nd Floor, 1291, Nueva York, Estados Unidos";"";"30172.04";"0";"1";"0.0";"CLP";"2026-02-24"
"Alemania";"Berlín";"Entrada a Panoramapunkt sin colas";"https://www.civitatis.com/es/berlin/entrada-panoramapunkt/";"Panoramapunkt";"info@panoramapunkt.de";"00493025937080";"Panorama Punkt GmbH | Potsdamer Platz 1, Berlín, Alemania";"";"14549.28";"17";"318";"7.6";"CLP";"2026-02-24"
"Alemania";"Berlín";"Entrada al Museo de la RDA";"https://www.civitatis.com/es/berlin/entrada-museo-rda/";"Ddr Museum Berlin Gmbh";"martin.kloetzke@ddr-museum.de";"0049-30-8471237-42";"DDR Museum Berlin GmbH | Karl Liebknecht Strebe 1, Berlín, Alemania";"";"14549.28";"55";"979";"7.5";"CLP";"2026-02-24"
"Alemania";"Berlín";"Tour en bicicleta por Berlín";"https://www.civitatis.com/es/berlin/berlin-bicicleta/";"Berlin On Bike - Tours & Rental";"martin@berlinonbike.de";"+493043739999";"Berlin on Bike BoB Fahrradtouren GmbH | Kulturbrauerei Hof 4 - Knaackstr. 97  , Berlín, Alemania";"";"38798.08";"628";"5371";"9.6";"CLP";"2026-02-24"
"Alemania";"Berlín";"Excursión privada desde Berlín";"https://www.civitatis.com/es/berlin/excursion-privada-berlin/";"Cultourberlin";"reservas@cultourberlin.com";"+49 177 652 2171";"cultour-incoming GmbH & Co. KG | Inselstraße 10, Berlín, Alemania";"";"511919.23";"43";"1007";"9.9";"CLP";"2026-02-24"
"Alemania";"Berlín";"Entrada a LEGOLAND® Discovery Centre";"https://www.civitatis.com/es/berlin/entrada-legoland-discovery-centre/";"Ingresso Group Limited Eur";"garrythompson@ingresso.co.uk";"+44 0 1189347400";"Ingresso Group Limited | 1 Butterwick, Hammersmith, Londres, Reino Unido";"";"22632.21";"35";"719";"8.5";"CLP";"2026-02-24"
"Alemania";"Berlín";"Entrada al Madame Tussauds de Berlín";"https://www.civitatis.com/es/berlin/entrada-madame-tussauds/";"Ingresso Group Limited Eur";"garrythompson@ingresso.co.uk";"+44 0 1189347400";"Ingresso Group Limited | 1 Butterwick, Hammersmith, Londres, Reino Unido";"";"27481.97";"15";"245";"9.6";"CLP";"2026-02-24"
"Alemania";"Berlín";"Entrada al Museo del Muro de Berlín, East Side Gallery";"https://www.civitatis.com/es/berlin/entrada-museo-east-side-gallery/";"The Wall Museum Berlin";"info@thewallmuseum.com";"+49-30-94 51 29 00";"Museums- und Ausstellungs GmbH für Deutsche und Europäische Geschichte | Friedrichstr. 125, Berlín, Alemania";"";"10766.46";"6";"148";"6.3";"CLP";"2026-02-24"
"Alemania";"Berlín";"Entrada a Berlin Dungeon";"https://www.civitatis.com/es/berlin/entrada-berlin-dungeon/";"Ingresso Group Limited Eur";"garrythompson@ingresso.co.uk";"+44 0 1189347400";"Ingresso Group Limited | 1 Butterwick, Hammersmith, Londres, Reino Unido";"";"25865.39";"0";"71";"0.0";"CLP";"2026-02-24"
"Alemania";"Berlín";"Entradas a la catedral de Berlín con audioguía";"https://www.civitatis.com/es/berlin/entradas-catedral-berlin/";"Wegotrip";"partners@wegotrip.com";"+44 208 089 2265";"WEGOTRIP INC. | 447 Broadway, 2nd Floor, 1291, Nueva York, Estados Unidos";"";"22864.54";"6";"103";"4.7";"CLP";"2026-02-24"
"Alemania";"Berlín";"Entrada a IKONO Berlín";"https://www.civitatis.com/es/berlin/entrada-ikono-berlin/";"Ikono Berlin";"hallo@ikonoberlin.com";"0682054620";"IKONO ALEMANIA GmbH | Schlüterstr. 17, Berlín, Alemania";"";"21446.72";"0";"69";"0.0";"CLP";"2026-02-24"
"Alemania";"Berlín";"Tour gastronómico por Berlín";"https://www.civitatis.com/es/berlin/tour-gastronomico-berlin/";"Cairo Foodprint";"Hello@foodprint.tours";"00201003444113";"NADINE BRAEHMER | Theodor Heuss Str. 10, St. Katharinen, Alemania";"";"88373.42";"0";"94";"0.0";"CLP";"2026-02-24"
"Alemania";"Berlín";"Entrada al Museo Fotografiska de Berlín";"https://www.civitatis.com/es/berlin/entrada-museo-fotografiska-berlin/";"Fotografiska Berlin";"hello.berlin@fotografiska.com";"+49 30 31198000";"Fotografiska Berlin GmbH | Chausseestraße 131 B, Berlín, Alemania";"";"16165.87";"3";"20";"8.7";"CLP";"2026-02-24"
"Alemania";"Berlín";"Barco turístico de Berlín";"https://www.civitatis.com/es/berlin/barco-turistico-berlin/";"Berliner Wassersport Und Service Gmbh & Co. Betriebs Kg";"frank.westphal@bwsg-berlin.de";"+49 30 6513415";"Berliner Wassersport und Service GmbH & Co. Betriebs KG | Wendenschloßstraße 350 -354, Berlín, Alemania";"";"32331.74";"172";"2881";"7.5";"CLP";"2026-02-24"
"Alemania";"Berlín";"Paseo en barco por el río Spree";"https://www.civitatis.com/es/berlin/paseo-barco-solar-rio-spree/";"Berliner Wassersport Und Service Gmbh & Co. Betriebs Kg";"frank.westphal@bwsg-berlin.de";"+49 30 6513415";"Berliner Wassersport und Service GmbH & Co. Betriebs KG | Wendenschloßstraße 350 -354, Berlín, Alemania";"";"23709.94";"88";"1366";"7.2";"CLP";"2026-02-24"
"Alemania";"Berlín";"Autobús turístico de Berlín, Big Bus + Paseo en barco";"https://www.civitatis.com/es/berlin/autobus-turistico-berlin-paseo-barco/";"Big Bus Tours Eur";"info@bigbustours.com";"+33 01 53 953 953";"Big Bus Tours Ltd | 5th Floor, 110 Buckingham Palace Road, Londres, Reino Unido";"";"63585.75";"21";"433";"6.9";"CLP";"2026-02-24"
"Alemania";"Berlín";"Excursión al bosque del Spree";"https://www.civitatis.com/es/berlin/excursion-bosque-spree/";"Viadrina Tours (Alemania)";"viadrinatours.dresden@gmail.com";"+48509960034";"Viadrina Tours Maciej Wronecki | ul. Zimowa 14/2, Wrocław, Polonia";"";"103461.57";"30";"932";"9.1";"CLP";"2026-02-24"
"Alemania";"Berlín";"Tour navideño por Berlín";"https://www.civitatis.com/es/berlin/tour-mercadillos-navidad/";"Walkative Tour";"info@walkative.eu";"+48 513 875 814";"Legendary Tours | Ul. Rolna 7/2 , Cracovia, Polonia";"";"42031.26";"12";"201";"9.3";"CLP";"2026-02-24"
"Alemania";"Berlín";"Entradas al Museo de Historia Natural con audioguía";"https://www.civitatis.com/es/berlin/entradas-museo-historia-natural/";"Wegotrip";"partners@wegotrip.com";"+44 208 089 2265";"WEGOTRIP INC. | 447 Broadway, 2nd Floor, 1291, Nueva York, Estados Unidos";"";"14221.74";"1";"9";"10.0";"CLP";"2026-02-24"
"Alemania";"Berlín";"Tour privado en bicicleta por Berlín";"https://www.civitatis.com/es/berlin/tour-privado-bicicleta-berlin/";"Cultourberlin";"reservas@cultourberlin.com";"+49 177 652 2171";"cultour-incoming GmbH & Co. KG | Inselstraße 10, Berlín, Alemania";"";"404146.76";"0";"0";"0.0";"CLP";"2026-02-24"
"Alemania";"Múnich";"Excursión al castillo de Neuschwanstein y el palacio de Linderhof con guía";"https://www.civitatis.com/es/munich/excursion-castillo-neuschwanstein/";"Bayern A Medida Gmbh & Co. Kg";"info@bayernamedida.com";"0049 17630787759";"Bayern a medida_ GmbH & Co. KG | Lothringer Str. 14 81667 München, Deutschland, München, Alemania";"";"82984.8";"4781";"39080";"9.5";"CLP";"2026-02-24"
"Alemania";"Múnich";"Excursión al campo de concentración de Dachau";"https://www.civitatis.com/es/munich/excursion-campo-concentracion-dachau/";"Bayern A Medida Gmbh & Co. Kg";"info@bayernamedida.com";"0049 17630787759";"Bayern a medida_ GmbH & Co. KG | Lothringer Str. 14 81667 München, Deutschland, München, Alemania";"";"33409.46";"4437";"35253";"9.6";"CLP";"2026-02-24"
"Alemania";"Múnich";"Free tour por Múnich";"https://www.civitatis.com/es/munich/free-tour-munich/";"Todo Tours Munich";"bavieratours@gmail.com";"+34623062291";"TODO TOURS GESTION S.L | Calle José Antonio Armona, 12,  Madrid , España";"";"0.0";"19162";"170031";"9.3";"CLP";"2026-02-24"
"Alemania";"Múnich";"Excursión a Salzburgo en tren";"https://www.civitatis.com/es/munich/excursion-salzburgo-tren/";"Todo Tours Munich";"bavieratours@gmail.com";"+34623062291";"TODO TOURS GESTION S.L | Calle José Antonio Armona, 12,  Madrid , España";"";"81907.07";"1010";"9608";"9.3";"CLP";"2026-02-24"
"Alemania";"Múnich";"Excursión en tren al castillo de Neuschwanstein";"https://www.civitatis.com/es/munich/excursion-castillo-neuschwanstein-tren/";"Todo Tours Munich";"bavieratours@gmail.com";"+34623062291";"TODO TOURS GESTION S.L | Calle José Antonio Armona, 12,  Madrid , España";"";"81907.07";"1154";"11940";"9.4";"CLP";"2026-02-24"
"Alemania";"Múnich";"Traslados en Múnich";"https://www.civitatis.com/es/munich/traslados/";"No especificado / Único";"N/A";"N/A";"N/A";"";"130404.68";"1046";"18146";"8.6";"CLP";"2026-02-24"
"Alemania";"Múnich";"Tour por el Múnich del Tercer Reich";"https://www.civitatis.com/es/munich/visita-guiada-munich-nazi/";"Todo Tours Munich";"bavieratours@gmail.com";"+34623062291";"TODO TOURS GESTION S.L | Calle José Antonio Armona, 12,  Madrid , España";"";"22632.21";"1082";"24688";"9.4";"CLP";"2026-02-24"
"Alemania";"Múnich";"Excursión al castillo de Neuschwanstein y el palacio de Linderhof con audioguía";"https://www.civitatis.com/es/munich/castillo-neuschwanstein-palacio-linderhof-audioguia/";"Mentor Reisen Gmbh";"info@mentor-reisen.de";"+4980355009683";"Mentor Kajtazi | Daschlweg 10A, Raubling, Alemania";"";"81907.07";"63";"970";"7.8";"CLP";"2026-02-24"
"Alemania";"Múnich";"Excursión a Núremberg";"https://www.civitatis.com/es/munich/excursion-nuremberg/";"Todo Tours Munich";"bavieratours@gmail.com";"+34623062291";"TODO TOURS GESTION S.L | Calle José Antonio Armona, 12,  Madrid , España";"";"81907.07";"320";"2981";"9.3";"CLP";"2026-02-24"
"Alemania";"Múnich";"Tour de la cerveza por Múnich";"https://www.civitatis.com/es/munich/tour-cerveza-munich/";"Todo Tours Munich";"bavieratours@gmail.com";"+34623062291";"TODO TOURS GESTION S.L | Calle José Antonio Armona, 12,  Madrid , España";"";"31792.87";"235";"2883";"9.1";"CLP";"2026-02-24"
"Alemania";"Múnich";"Tour del Allianz Arena, el estadio del Bayern de Múnich";"https://www.civitatis.com/es/munich/tour-estadio-allianz-arena/";"Grayline Munich Citytours";"E.Gardent@autobusoberbayern.de";"+498954907560";"Münchener Stadtrundfahrten OHG | Heidemannstr. 220 , Múnich, Alemania";"";"52808.51";"37";"660";"7.8";"CLP";"2026-02-24"
"Alemania";"Múnich";"Excursión al castillo de Harburg y Rotemburgo";"https://www.civitatis.com/es/munich/excursion-castillo-harburg-rotemburgo/";"Grayline Munich Day Tours";"munich@grayline.com";"+49 89 54 90 75 60";"Autobus Oberbayern GmbH | Heidemannstrasse 220, Múnich, Alemania";"";"82984.8";"259";"2603";"7.5";"CLP";"2026-02-24"
"Alemania";"Múnich";"Tour privado por Múnich";"https://www.civitatis.com/es/munich/visita-guiada-privada-munich/";"Bayern A Medida Gmbh & Co. Kg";"info@bayernamedida.com";"0049 17630787759";"Bayern a medida_ GmbH & Co. KG | Lothringer Str. 14 81667 München, Deutschland, München, Alemania";"";"242488.05";"109";"2674";"9.7";"CLP";"2026-02-24"
"Alemania";"Múnich";"Concierto de música clásica en el Palacio de Nympherburg";"https://www.civitatis.com/es/munich/concierto-palacio-nympherburg/";"Bavaria Klassik Gmbh";"info@bavaria-klassik.de";"00498928975597";"Bavaria Klassik GmbH | Landshuter Allee, 49, Múnich, Alemania";"";"42031.26";"1";"17";"10.0";"CLP";"2026-02-24"
"Alemania";"Múnich";"Hard Rock Cafe Múnich sin colas";"https://www.civitatis.com/es/munich/hard-rock-cafe-munich/";"Hard Rock Cafe Munich";"munich_social@hardrock.com";"+498924294914";"Hard Rock Cafe (Germany) GmbH | Platzl 1, Múnich, Alemania";"";"30316.39";"15";"243";"7.7";"CLP";"2026-02-24"
"Alemania";"Múnich";"Autobús turístico de Múnich, Big Bus";"https://www.civitatis.com/es/munich/autobus-turistico-munich-big-bus/";"Big Bus Tours Eur";"info@bigbustours.com";"+33 01 53 953 953";"Big Bus Tours Ltd | 5th Floor, 110 Buckingham Palace Road, Londres, Reino Unido";"";"26339.59";"32";"727";"7.9";"CLP";"2026-02-24"
"Alemania";"Múnich";"Munich City Pass";"https://www.civitatis.com/es/munich/munich-city-pass/";"Turbopass";"b2b@turbopass.com";"+49 40 87880983-50";"Turbopass GmbH | Niederwall 53, Bielefeld, Alemania";"";"55933.91";"19";"344";"8.9";"CLP";"2026-02-24"
"Alemania";"Múnich";"Pub Crawl ¡Tour de fiesta por Múnich!";"https://www.civitatis.com/es/munich/pub-crawl-munich/";"Rodrigues, Events";"support@pubcrawl.team";"+49 151 59876447";"Nicole Machado Rodrigues | Rudolf Breitscheid Str. 11, Frankfurt am Main, Alemania";"";"26943.11";"8";"84";"7.3";"CLP";"2026-02-24"
"Alemania";"Múnich";"Autobús turístico de Múnich, City Sightseeing";"https://www.civitatis.com/es/munich/autobus-turistico-munich/";"Citysightseeing München- Yellow Cab";"info@citysightseeing.de";"+49 89 54355983";"Yellow Cab CitySightseeing | Luisenstraße 4   , München, Alemania";"";"25434.3";"227";"3857";"8.4";"CLP";"2026-02-24"
"Alemania";"Múnich";"Entrada a SEA LIFE® Munich";"https://www.civitatis.com/es/munich/entrada-sea-life-munich/";"Ingresso Group Limited Eur";"garrythompson@ingresso.co.uk";"+44 0 1189347400";"Ingresso Group Limited | 1 Butterwick, Hammersmith, Londres, Reino Unido";"";"25865.39";"14";"290";"8.0";"CLP";"2026-02-24"
"Alemania";"Múnich";"Munich City Card";"https://www.civitatis.com/es/munich/munich-city-card/";"Turbopass";"b2b@turbopass.com";"+49 40 87880983-50";"Turbopass GmbH | Niederwall 53, Bielefeld, Alemania";"";"6358.57";"19";"201";"9.1";"CLP";"2026-02-24"
"Alemania";"Múnich";"Tour por el Múnich alternativo + Taller de pintura con aerosol";"https://www.civitatis.com/es/munich/tour-alternativo-taller-pintura-aerosol/";"Philipp's Munich Tours";"hello@philipps-munich-tours.com";"+4917624870265";"Philipp von Bock | Tölzer Str. 2d, München, Alemania";"";"31038.47";"1";"9";"10.0";"CLP";"2026-02-24"
"Alemania";"Múnich";"Excursión a Salzburgo";"https://www.civitatis.com/es/munich/excursion-salzburgo/";"Grayline Munich Day Tours";"munich@grayline.com";"+49 89 54 90 75 60";"Autobus Oberbayern GmbH | Heidemannstrasse 220, Múnich, Alemania";"";"77596.17";"128";"4333";"8.4";"CLP";"2026-02-24"
"Alemania";"Múnich";"Excursión al Tirol e Innsbruck";"https://www.civitatis.com/es/munich/excursion-tirol-innsbruck/";"Bayern A Medida Gmbh & Co. Kg";"info@bayernamedida.com";"0049 17630787759";"Bayern a medida_ GmbH & Co. KG | Lothringer Str. 14 81667 München, Deutschland, München, Alemania";"";"91606.59";"260";"1786";"9.6";"CLP";"2026-02-24"
"Alemania";"Múnich";"Tour de los misterios y leyendas de Múnich";"https://www.civitatis.com/es/munich/tour-misterios-leyendas-munich/";"Todo Tours Munich";"bavieratours@gmail.com";"+34623062291";"TODO TOURS GESTION S.L | Calle José Antonio Armona, 12,  Madrid , España";"";"14010.42";"121";"1294";"9.0";"CLP";"2026-02-24"
"Alemania";"Múnich";"Excursión al Nido del Águila";"https://www.civitatis.com/es/munich/excursion-nido-aguila/";"Grayline Munich Day Tours";"munich@grayline.com";"+49 89 54 90 75 60";"Autobus Oberbayern GmbH | Heidemannstrasse 220, Múnich, Alemania";"";"73285.27";"132";"1676";"8.2";"CLP";"2026-02-24"
"Alemania";"Múnich";"Excursión al Nido del Águila";"https://www.civitatis.com/es/munich/excursion-nido-aguila/";"Mentor Reisen Gmbh";"info@mentor-reisen.de";"+4980355009683";"Mentor Kajtazi | Daschlweg 10A, Raubling, Alemania";"";"73285.27";"132";"1676";"8.2";"CLP";"2026-02-24"
"Alemania";"Múnich";"Tour navideño por Múnich";"https://www.civitatis.com/es/munich/tour-navidad-munich/";"Todo Tours Munich";"bavieratours@gmail.com";"+34623062291";"TODO TOURS GESTION S.L | Calle José Antonio Armona, 12,  Madrid , España";"";"26943.11";"59";"719";"8.9";"CLP";"2026-02-24"
"Alemania";"Múnich";"Tour del Oktoberfest con entradas";"https://www.civitatis.com/es/munich/entrada-oktoberfest/";"Bayern A Medida Gmbh & Co. Kg";"info@bayernamedida.com";"0049 17630787759";"Bayern a medida_ GmbH & Co. KG | Lothringer Str. 14 81667 München, Deutschland, München, Alemania";"";"125016.06";"50";"564";"9.2";"CLP";"2026-02-24"
"Alemania";"Múnich";"Excursión al Palacio de Nymphenburg";"https://www.civitatis.com/es/munich/excursion-palacio-nymphenburg/";"Bayern A Medida Gmbh & Co. Kg";"info@bayernamedida.com";"0049 17630787759";"Bayern a medida_ GmbH & Co. KG | Lothringer Str. 14 81667 München, Deutschland, München, Alemania";"";"47419.88";"54";"462";"10.0";"CLP";"2026-02-24"
"Alemania";"Múnich";"Tour de la resistencia durante el nazismo";"https://www.civitatis.com/es/munich/tour-resistencia-nazismo/";"Explora Múnich";"exploramunich@gmail.com";"015731065466";"Explora Múnich UG (haftungsbeschränkt) | Nietzsche Str.30, Múnich, Alemania";"";"18321.31";"27";"562";"9.0";"CLP";"2026-02-24"
"Alemania";"Múnich";"Tour en bicicleta por Múnich";"https://www.civitatis.com/es/munich/tour-bicicleta-munich/";"Radius Tours Munich";"tours@radiustours.com";"+49 89 54 34 8777 40";"Radius Tours GmbH | Arnulfstraße 3, Múnich, Alemania";"";"48497.61";"26";"299";"9.4";"CLP";"2026-02-24"
"Alemania";"Múnich";"Excursión al Palacio de Herrenchiemsee";"https://www.civitatis.com/es/munich/excursion-palacio-herrenchiemsee/";"Radius Tours Munich";"tours@radiustours.com";"+49 89 54 34 8777 40";"Radius Tours GmbH | Arnulfstraße 3, Múnich, Alemania";"";"72207.55";"35";"227";"9.5";"CLP";"2026-02-24"
"Alemania";"Múnich";"Concierto de música clásica en el Teatro de Cuvilliés";"https://www.civitatis.com/es/munich/concierto-musica-clasica-teatro-cuvillies/";"Bavaria Klassik Gmbh";"info@bavaria-klassik.de";"00498928975597";"Bavaria Klassik GmbH | Landshuter Allee, 49, Múnich, Alemania";"";"95917.49";"11";"91";"8.7";"CLP";"2026-02-24"
"Alemania";"Múnich";"Excursión al Zugspitze";"https://www.civitatis.com/es/munich/excursion-zugspitze/";"Grayline Munich Day Tours";"munich@grayline.com";"+49 89 54 90 75 60";"Autobus Oberbayern GmbH | Heidemannstrasse 220, Múnich, Alemania";"";"140104.21";"2";"14";"9.0";"CLP";"2026-02-24"
"Alemania";"Düsseldorf";"Free tour por Düsseldorf";"https://www.civitatis.com/es/dusseldorf/free-tour-dusseldorf/";"The Walkings Tours";"info@the-walkings.com";"+49 157 72431884";"Claudia Nalleli Hernandez Leal | Neuenhöfer Allee 119, Colonia, Alemania";"";"0.0";"768";"18848";"9.2";"CLP";"2026-02-24"
"Alemania";"Düsseldorf";"Free tour por Düsseldorf";"https://www.civitatis.com/es/dusseldorf/free-tour-dusseldorf/";"The Best Free Tours";"Thebesttour01@gmail.com";"+49017624890999";"Ricardo Olivares Sustersick | Krakaustr. 26, Aquisgrán, Alemania";"";"0.0";"768";"18848";"9.2";"CLP";"2026-02-24"
"Alemania";"Düsseldorf";"Free tour por Düsseldorf";"https://www.civitatis.com/es/dusseldorf/free-tour-dusseldorf/";"Walking Tour Dusseldorf";"info@dusseldorf-tour.com";"+491779135684";"Alejandro Ramiro Rios Aparicio | Rethelstr. 107, Düsseldorf, Alemania";"";"0.0";"768";"18848";"9.2";"CLP";"2026-02-24"
"Alemania";"Düsseldorf";"Düsseldorf Card";"https://www.civitatis.com/es/dusseldorf/dusseldorf-card/";"Visit Düsseldorf";"welcome@duesseldorf-tourismus.de";"+49211172022267";"Düsseldorf Tourismus GmbH | Benrather Str 9, Düsseldorf, Alemania";"";"14980.37";"86";"960";"8.7";"CLP";"2026-02-24"
"Alemania";"Düsseldorf";"Free tour de los misterios y leyendas de Düsseldorf";"https://www.civitatis.com/es/dusseldorf/free-tour-misterios-leyendas-dusseldorf/";"The Walkings Tours";"info@the-walkings.com";"+49 157 72431884";"Claudia Nalleli Hernandez Leal | Neuenhöfer Allee 119, Colonia, Alemania";"";"0.0";"0";"1";"0.0";"CLP";"2026-02-24"
"Alemania";"Düsseldorf";"Visita guiada por Düsseldorf";"https://www.civitatis.com/es/dusseldorf/visita-guiada-dusseldorf/";"Viva's Free Tour (Alemania)";"vivabrusselstours@gmail.com";"+32 492 47 08 83";"Vivas Group International LLC | 3 Germay Dr Ste 4 # 1782, Delaware, Estados Unidos";"";"26943.11";"11";"508";"6.4";"CLP";"2026-02-24"
"Alemania";"Düsseldorf";"Tour privado por Düsseldorf";"https://www.civitatis.com/es/dusseldorf/tour-privado-dusseldorf/";"Viva's Free Tour (Alemania)";"vivabrusselstours@gmail.com";"+32 492 47 08 83";"Vivas Group International LLC | 3 Germay Dr Ste 4 # 1782, Delaware, Estados Unidos";"";"182135.47";"12";"703";"7.0";"CLP";"2026-02-24"
"Alemania";"Düsseldorf";"Tour privado por Düsseldorf";"https://www.civitatis.com/es/dusseldorf/tour-privado-dusseldorf/";"The Walkings Tours";"info@the-walkings.com";"+49 157 72431884";"Claudia Nalleli Hernandez Leal | Neuenhöfer Allee 119, Colonia, Alemania";"";"182135.47";"12";"703";"7.0";"CLP";"2026-02-24"
"Alemania";"Düsseldorf";"Traslados en Düsseldorf";"https://www.civitatis.com/es/dusseldorf/traslados/";"No especificado / Único";"N/A";"N/A";"N/A";"";"72207.55";"79";"1408";"7.8";"CLP";"2026-02-24"
"Alemania";"Düsseldorf";"Pub Crawl ¡Tour de fiesta por Düsseldorf!";"https://www.civitatis.com/es/dusseldorf/pub-crawl-dusseldorf/";"Rodrigues, Events";"support@pubcrawl.team";"+49 151 59876447";"Nicole Machado Rodrigues | Rudolf Breitscheid Str. 11, Frankfurt am Main, Alemania";"";"26943.11";"2";"12";"10.0";"CLP";"2026-02-24"
"Alemania";"Düsseldorf";"Art Walk Museum Pass Düsseldorf";"https://www.civitatis.com/es/dusseldorf/art-walk-48-dusseldorf/";"Visit Düsseldorf";"welcome@duesseldorf-tourismus.de";"+49211172022267";"Düsseldorf Tourismus GmbH | Benrather Str 9, Düsseldorf, Alemania";"";"26943.11";"0";"11";"0.0";"CLP";"2026-02-24"
"Alemania";"Düsseldorf";"Paseo en barco por Düsseldorf";"https://www.civitatis.com/es/dusseldorf/paseo-barco-dusseldorf/";"K-D German Rhine Line";"booking@k-d.com";"+49 0221";"Köln-Düsseldorfer Deutsche Rheinschiffahrt AG | Frankenwerft 35, Cologne,, Alemania";"";"21554.49";"64";"1455";"7.5";"CLP";"2026-02-24"
"Alemania";"Düsseldorf";"Free tour por los mercadillos navideños de Düsseldorf";"https://www.civitatis.com/es/dusseldorf/free-tour-mercadillos-navidenos-dusseldorf/";"The Walkings Tours";"info@the-walkings.com";"+49 157 72431884";"Claudia Nalleli Hernandez Leal | Neuenhöfer Allee 119, Colonia, Alemania";"";"0.0";"15";"209";"8.9";"CLP";"2026-02-24"
"Alemania";"Düsseldorf";"Paseo en barco al atardecer";"https://www.civitatis.com/es/dusseldorf/paseo-barco-atardecer/";"K-D German Rhine Line";"booking@k-d.com";"+49 0221";"Köln-Düsseldorfer Deutsche Rheinschiffahrt AG | Frankenwerft 35, Cologne,, Alemania";"";"28020.84";"7";"74";"6.9";"CLP";"2026-02-24"
"Alemania";"Düsseldorf";"Crucero navideño de Düsseldorf";"https://www.civitatis.com/es/dusseldorf/crucero-navidad-dusseldorf/";"K-D German Rhine Line";"booking@k-d.com";"+49 0221";"Köln-Düsseldorfer Deutsche Rheinschiffahrt AG | Frankenwerft 35, Cologne,, Alemania";"";"28020.84";"0";"0";"0.0";"CLP";"2026-02-24"
"Alemania";"Düsseldorf";"Tour de la Segunda Guerra Mundial";"https://www.civitatis.com/es/dusseldorf/tour-segunda-guerra-mundial/";"Walking Tour Dusseldorf";"info@dusseldorf-tour.com";"+491779135684";"Alejandro Ramiro Rios Aparicio | Rethelstr. 107, Düsseldorf, Alemania";"";"26943.11";"0";"0";"0.0";"CLP";"2026-02-24"
"Alemania";"Frankfurt";"Free tour por Frankfurt";"https://www.civitatis.com/es/frankfurt/free-tour-frankfurt/";"Viva's Free Tour (Alemania)";"vivabrusselstours@gmail.com";"+32 492 47 08 83";"Vivas Group International LLC | 3 Germay Dr Ste 4 # 1782, Delaware, Estados Unidos";"";"0.0";"4742";"69988";"9.3";"CLP";"2026-02-24"
"Alemania";"Frankfurt";"Free tour por Frankfurt";"https://www.civitatis.com/es/frankfurt/free-tour-frankfurt/";"Frankfurt Free Tour";"frankfurt-free@alternative-walking-tour.com";"";"Frankfurt Free Alternative Walking Tour | Schaubstrasse 9, Frankfurt am Main, Frankfurt, Alemania";"";"0.0";"4742";"69988";"9.3";"CLP";"2026-02-24"
"Alemania";"Frankfurt";"Excursión a Heidelberg en tren";"https://www.civitatis.com/es/frankfurt/excursion-heidelberg/";"Viva's Free Tour (Alemania)";"vivabrusselstours@gmail.com";"+32 492 47 08 83";"Vivas Group International LLC | 3 Germay Dr Ste 4 # 1782, Delaware, Estados Unidos";"";"70052.1";"74";"1410";"7.6";"CLP";"2026-02-24"
"Alemania";"Frankfurt";"Excursión a Idstein en tren";"https://www.civitatis.com/es/frankfurt/excursion-idstein/";"360Tours";"360gtours@gmail.com";"+4917628874711";"Federico Nicolas Montiglia Miromontes | Orthstr. 5 , Frankfurt am Main, Alemania";"";"64663.48";"3";"83";"10.0";"CLP";"2026-02-24"
"Alemania";"Frankfurt";"Tour privado por Frankfurt";"https://www.civitatis.com/es/frankfurt/tour-privado-frankfurt/";"Nicolas Castañares";"nico88deutsch@gmail.com";"+49 1512 0256551";"NICOLAS CASTAÑARES | Wiesenstrasse 10, Frankfurt am Main, Alemania";"";"86217.97";"58";"1288";"9.6";"CLP";"2026-02-24"
"Alemania";"Frankfurt";"Traslados en Frankfurt";"https://www.civitatis.com/es/frankfurt/traslados/";"No especificado / Único";"N/A";"N/A";"N/A";"";"57658.27";"193";"4592";"7.6";"CLP";"2026-02-24"
"Alemania";"Frankfurt";"Excursión a Maguncia en tren";"https://www.civitatis.com/es/frankfurt/excursion-maguncia/";"Viva's Free Tour (Alemania)";"vivabrusselstours@gmail.com";"+32 492 47 08 83";"Vivas Group International LLC | 3 Germay Dr Ste 4 # 1782, Delaware, Estados Unidos";"";"59274.85";"19";"1047";"9.7";"CLP";"2026-02-24"
"Alemania";"Frankfurt";"Free tour por el barrio de Sachsenhausen";"https://www.civitatis.com/es/frankfurt/free-tour-barrio-sachsenhausen/";"Frankfurt Free Tour";"frankfurt-free@alternative-walking-tour.com";"";"Frankfurt Free Alternative Walking Tour | Schaubstrasse 9, Frankfurt am Main, Frankfurt, Alemania";"";"0.0";"210";"3657";"8.7";"CLP";"2026-02-24"
"Alemania";"Frankfurt";"Free tour del nazismo y la Segunda Guerra Mundial";"https://www.civitatis.com/es/frankfurt/free-tour-nazismo-segunda-guerra-mundial/";"360Tours";"360gtours@gmail.com";"+4917628874711";"Federico Nicolas Montiglia Miromontes | Orthstr. 5 , Frankfurt am Main, Alemania";"";"0.0";"9";"319";"9.6";"CLP";"2026-02-24"
"Alemania";"Frankfurt";"Frankfurt Card";"https://www.civitatis.com/es/frankfurt/frankfurt-card/";"Tourismus+Congress Gmbh Frankfurt Am Main";"frankfurtcard@infofrankfurt.de";"+49 0 69";"Tourismus+Congress GmbH Frankfurt am Main | Kaiserstr. 56, Frankfurt am Main, Alemania";"";"14010.42";"78";"1103";"7.6";"CLP";"2026-02-24"
"Alemania";"Frankfurt";"Pub Crawl ¡Tour de fiesta por Frankfurt!";"https://www.civitatis.com/es/frankfurt/pub-crawl-frankfurt/";"Rodrigues, Events";"support@pubcrawl.team";"+49 151 59876447";"Nicole Machado Rodrigues | Rudolf Breitscheid Str. 11, Frankfurt am Main, Alemania";"";"26943.11";"13";"100";"6.3";"CLP";"2026-02-24"
"Alemania";"Frankfurt";"Tour en segway por Frankfurt";"https://www.civitatis.com/es/frankfurt/tour-segway-frankfurt/";"Stadtsafari";"reiboldt@stadtsafari.com";"+491727444668";"EMOPOL GmbH | Gabelsberger Straße 5, 68165 Mannheim, Mannheim, Alemania";"";"74363.0";"2";"8";"8.0";"CLP";"2026-02-24"
"Alemania";"Frankfurt";"Paseo en barco por Frankfurt";"https://www.civitatis.com/es/frankfurt/paseo-barco-frankfurt/";"K-D German Rhine Line";"booking@k-d.com";"+49 0221";"Köln-Düsseldorfer Deutsche Rheinschiffahrt AG | Frankenwerft 35, Cologne,, Alemania";"";"17243.59";"162";"2366";"7.9";"CLP";"2026-02-24"
"Alemania";"Frankfurt";"Tour navideño por Frankfurt";"https://www.civitatis.com/es/frankfurt/tour-navidad-frankfurt/";"Alemania Tours";"guiasturisticasenalemania@gmail.com";"+49 1721895225";"GUIAS TURISTICAS EN ALEMANIA | Könneritzstr. 90, Leipzig, Alemania";"";"43108.98";"8";"112";"6.3";"CLP";"2026-02-24"
"Alemania";"Frankfurt";"Rhein Main Card";"https://www.civitatis.com/es/frankfurt/rhein-main-card/";"Tourismus+Congress Gmbh Frankfurt Am Main (Rhein Main Card)";"rheinmaincard@infofrankfurt.de";"+49 0 69";"Tourismus+Congress GmbH Frankfurt am Main | Kaiserstr. 56, Frankfurt am Main, Alemania";"";"36642.63";"8";"114";"9.0";"CLP";"2026-02-24"
"Alemania";"Dresde";"Free tour por Dresde";"https://www.civitatis.com/es/dresde/free-tour-dresde/";"Viadrina Tours (Alemania)";"viadrinatours.dresden@gmail.com";"+48509960034";"Viadrina Tours Maciej Wronecki | ul. Zimowa 14/2, Wrocław, Polonia";"";"0.0";"571";"8049";"9.2";"CLP";"2026-02-24"
"Alemania";"Dresde";"Visita guiada por Dresde";"https://www.civitatis.com/es/dresde/visita-guiada-dresde/";"Alemania Tours";"guiasturisticasenalemania@gmail.com";"+49 1721895225";"GUIAS TURISTICAS EN ALEMANIA | Könneritzstr. 90, Leipzig, Alemania";"";"21554.49";"26";"508";"9.2";"CLP";"2026-02-24"
"Alemania";"Dresde";"Tour privado por Dresde";"https://www.civitatis.com/es/dresde/tour-privado-dresde/";"Viadrina Tours (Alemania)";"viadrinatours.dresden@gmail.com";"+48509960034";"Viadrina Tours Maciej Wronecki | ul. Zimowa 14/2, Wrocław, Polonia";"";"123938.34";"39";"1132";"9.5";"CLP";"2026-02-24"
"Alemania";"Dresde";"Tour privado por Dresde";"https://www.civitatis.com/es/dresde/tour-privado-dresde/";"Mexxica Gmbh";"contacto@mexxica.com";"+4917683951407";"Mexxica GmbH | Dürerstr. 59, Dresde, Alemania";"";"123938.34";"39";"1132";"9.5";"CLP";"2026-02-24"
"Alemania";"Dresde";"Autobús turístico de Dresde";"https://www.civitatis.com/es/dresde/autobus-turistico-dresde/";"Stadtrundfahrt Dresden Gmbh";"info@stadtrundfahrt.com";"+49 351 8995650";"Stadtrundfahrt Dresden GmbH | Postfach 160241, Dresde, Alemania";"";"26943.11";"42";"617";"7.5";"CLP";"2026-02-24"
"Alemania";"Dresde";"Excursión al Parque Nacional de la Suiza Sajona y Bohemia";"https://www.civitatis.com/es/dresde/excursion-parque-suiza-sajona-bohemia/";"Go2Bohemia";"info@go2bohemia.com";"+420731517163";"Go2Bohemia s.r.o | Kaprova 42/14, Praga, República Checa";"";"183213.19";"10";"93";"9.8";"CLP";"2026-02-24"
"Alemania";"Dresde";"Traslados en Dresde";"https://www.civitatis.com/es/dresde/traslados/";"No especificado / Único";"N/A";"N/A";"N/A";"";"63046.89";"13";"248";"9.4";"CLP";"2026-02-24"
"Alemania";"Dresde";"Excursión privada desde Dresde";"https://www.civitatis.com/es/dresde/excursion-privada-dresde/";"Viadrina Tours (Alemania)";"viadrinatours.dresden@gmail.com";"+48509960034";"Viadrina Tours Maciej Wronecki | ul. Zimowa 14/2, Wrocław, Polonia";"";"592748.58";"0";"11";"0.0";"CLP";"2026-02-24"
"Alemania";"Dresde";"Excursión a Meissen + Visita a la Fábrica de Porcelana";"https://www.civitatis.com/es/dresde/excursion-meissen-visita-fabrica-porcelana/";"Viadrina Tours (Alemania)";"viadrinatours.dresden@gmail.com";"+48509960034";"Viadrina Tours Maciej Wronecki | ul. Zimowa 14/2, Wrocław, Polonia";"";"68974.38";"0";"0";"0.0";"CLP";"2026-02-24"
"Alemania";"Dresde";"Tour por el mercadillo navideño de Dresde";"https://www.civitatis.com/es/dresde/tour-mercadillo-navidad-dresde/";"Alemania Tours";"guiasturisticasenalemania@gmail.com";"+49 1721895225";"GUIAS TURISTICAS EN ALEMANIA | Könneritzstr. 90, Leipzig, Alemania";"";"37720.36";"0";"10";"0.0";"CLP";"2026-02-24"
"Alemania";"Hamburgo";"Free tour por Hamburgo";"https://www.civitatis.com/es/hamburgo/free-tour-hamburgo/";"Hamburgo A Pie";"reservas@hamburgoapie.de";"+4915204719263";"Böhmecke, Delgado, Höflich GbR | Wildschwanbrook 8, Hamburgo, Alemania";"";"0.0";"5170";"58398";"9.2";"CLP";"2026-02-24"
"Alemania";"Hamburgo";"Visita guiada por Hamburgo";"https://www.civitatis.com/es/hamburgo/visita-guiada-barrio-rojo-puerto/";"Viva's Free Tour (Alemania)";"vivabrusselstours@gmail.com";"+32 492 47 08 83";"Vivas Group International LLC | 3 Germay Dr Ste 4 # 1782, Delaware, Estados Unidos";"";"21554.49";"163";"1398";"9.2";"CLP";"2026-02-24"
"Alemania";"Hamburgo";"Free tour por el Barrio Rojo y el puerto";"https://www.civitatis.com/es/hamburgo/free-tour-barrio-rojo-puerto/";"Hamburgo A Pie";"reservas@hamburgoapie.de";"+4915204719263";"Böhmecke, Delgado, Höflich GbR | Wildschwanbrook 8, Hamburgo, Alemania";"";"0.0";"1162";"17159";"9.3";"CLP";"2026-02-24"
"Alemania";"Hamburgo";"Free tour por Speicherstadt, el Distrito de Almacenes de Hamburgo";"https://www.civitatis.com/es/hamburgo/free-tour-speicherstadt/";"Hamburgo A Pie";"reservas@hamburgoapie.de";"+4915204719263";"Böhmecke, Delgado, Höflich GbR | Wildschwanbrook 8, Hamburgo, Alemania";"";"0.0";"525";"8544";"9.5";"CLP";"2026-02-24"
"Alemania";"Hamburgo";"Traslados en Hamburgo";"https://www.civitatis.com/es/hamburgo/traslados/";"No especificado / Único";"N/A";"N/A";"N/A";"";"150881.45";"135";"1975";"8.5";"CLP";"2026-02-24"
"Alemania";"Hamburgo";"Paseo en barco por Hamburgo";"https://www.civitatis.com/es/hamburgo/paseo-barco-hamburgo/";"Rainer Abicht Elbreederei Gmbh & Co. Kg.";"drago.cvitic@abicht.de";"+49 40 31 78 22 0";"Rainer Abicht Elbreederei GmbH & Co. KG | Bei den St. Pauli Landungsbrücken, Brücke 1, Hamburgo, Alemania";"";"28020.84";"21";"440";"5.5";"CLP";"2026-02-24"
"Alemania";"Hamburgo";"Tour en bicicleta por Hamburgo";"https://www.civitatis.com/es/hamburgo/tour-bibicleta-hamburgo/";"Hamburg City Cycles";"info@hhcitycycles.de";"+49 0 40 81 95 59 85";"Lars Michaelsen | Bringmann Ring 5 - Fritz, Hamburgo, Alemania";"";"38798.08";"10";"138";"9.2";"CLP";"2026-02-24"
"Alemania";"Hamburgo";"Hamburg City Pass";"https://www.civitatis.com/es/hamburgo/hamburg-city-pass/";"Turbopass";"b2b@turbopass.com";"+49 40 87880983-50";"Turbopass GmbH | Niederwall 53, Bielefeld, Alemania";"";"63585.75";"2";"41";"10.0";"CLP";"2026-02-24"
"Alemania";"Hamburgo";"Visita guiada por la Filarmónica del Elba";"https://www.civitatis.com/es/hamburgo/visita-guiada-filarmonica-elba/";"Abenteuer-Hamburg (Adventure World)";"info@abenteuer-hamburg.com";"0049 497566 33 99";"Adventure World Tours | Moorfleeter Straße 15, Hamburgo, Alemania";"";"24787.66";"8";"98";"6.0";"CLP";"2026-02-24"
"Alemania";"Hamburgo";"Autobús turístico + Paseo en barco";"https://www.civitatis.com/es/hamburgo/autobus-turistico-paseo-barco/";"Hamburg City Tours";"m.neustein@sightseeing-kontor.de";"+49 176 70 29 8747";"HCT Hamburg Citytours GmbH | Hammerbrookstr. 94, Hamburgo, Alemania";"";"39875.81";"26";"429";"6.0";"CLP";"2026-02-24"
"Alemania";"Hamburgo";"Tour privado por Hamburgo";"https://www.civitatis.com/es/hamburgo/tour-privado-hamburgo/";"Alemania Tours";"guiasturisticasenalemania@gmail.com";"+49 1721895225";"GUIAS TURISTICAS EN ALEMANIA | Könneritzstr. 90, Leipzig, Alemania";"";"193990.44";"56";"799";"8.4";"CLP";"2026-02-24"
"Alemania";"Hamburgo";"Entrada a Hamburg Dungeon";"https://www.civitatis.com/es/hamburgo/entrada-hamburg-dungeon/";"Ingresso Group Limited Eur";"garrythompson@ingresso.co.uk";"+44 0 1189347400";"Ingresso Group Limited | 1 Butterwick, Hammersmith, Londres, Reino Unido";"";"30176.29";"0";"105";"0.0";"CLP";"2026-02-24"
"Alemania";"Hamburgo";"Pub Crawl ¡Tour de fiesta por Hamburgo!";"https://www.civitatis.com/es/hamburgo/pub-crawl-hamburgo/";"Rodrigues, Events";"support@pubcrawl.team";"+49 151 59876447";"Nicole Machado Rodrigues | Rudolf Breitscheid Str. 11, Frankfurt am Main, Alemania";"";"26943.11";"5";"160";"5.2";"CLP";"2026-02-24"
"Alemania";"Hamburgo";"Alquiler de bicicleta en Hamburgo";"https://www.civitatis.com/es/hamburgo/alquiler-bicicleta-hamburgo/";"Hamburg City Cycles";"info@hhcitycycles.de";"+49 0 40 81 95 59 85";"Lars Michaelsen | Bringmann Ring 5 - Fritz, Hamburgo, Alemania";"";"10777.24";"2";"57";"10.0";"CLP";"2026-02-24"
"Alemania";"Hamburgo";"Paseo privado en avioneta por Hamburgo";"https://www.civitatis.com/es/hamburgo/paseo-avioneta-hamburgo/";"Wingly";"ching@wingly.io";"+33766006792";"BERLARIC | 7 Rue Voltaire, Levallois Perret, Francia";"";"462343.89";"0";"0";"0.0";"CLP";"2026-02-24"
"Alemania";"Hamburgo";"Autobús turístico de Hamburgo";"https://www.civitatis.com/es/hamburgo/autobus-turistico-hamburgo/";"Hamburg City Tours";"m.neustein@sightseeing-kontor.de";"+49 176 70 29 8747";"HCT Hamburg Citytours GmbH | Hammerbrookstr. 94, Hamburgo, Alemania";"";"22632.21";"25";"340";"7.0";"CLP";"2026-02-24"
"Alemania";"Hamburgo";"Tour por Hamburgo para cruceros";"https://www.civitatis.com/es/hamburgo/tour-hamburgo-cruceros/";"Shore2Shore";"info@shore2shore.es";"928 51 53 52";"CALIMA SHORE TRAVEL S.L. | CALLE PARDELERA 8, Puerto Del Carmen, España";"";"40953.53";"0";"254";"0.0";"CLP";"2026-02-24"
"Alemania";"Hamburgo";"Paseo en velero por Hamburgo";"https://www.civitatis.com/es/hamburgo/paseo-velero-hamburgo/";"Elbsegelei";"holger@elbsegelei.de";"4901791124599";"Holger Friedrich Brauns | Pinneberger Chaussee 27, Hamburgo, Alemania";"";"59167.08";"0";"2";"0.0";"CLP";"2026-02-24"
"Alemania";"Hamburgo";"Tour por el mercadillo navideño de Hamburgo";"https://www.civitatis.com/es/hamburgo/tour-mercado-navidad-hamburgo/";"Alemania Tours";"guiasturisticasenalemania@gmail.com";"+49 1721895225";"GUIAS TURISTICAS EN ALEMANIA | Könneritzstr. 90, Leipzig, Alemania";"";"43108.98";"0";"1";"0.0";"CLP";"2026-02-24"
"Alemania";"Colonia";"Free tour por Colonia";"https://www.civitatis.com/es/colonia/free-tour-colonia/";"The Walkings Tours";"info@the-walkings.com";"+49 157 72431884";"Claudia Nalleli Hernandez Leal | Neuenhöfer Allee 119, Colonia, Alemania";"";"0.0";"5512";"56689";"9.2";"CLP";"2026-02-24"
"Alemania";"Colonia";"Free tour de la II Guerra Mundial";"https://www.civitatis.com/es/colonia/free-tour-ii-guerra-mundial/";"Cologne Tours";"jaureguioderda@gmail.com";"017676957990";"Sofia Jauregui Oderda | Merheimerstr 103-105, Colonia, Alemania";"";"0.0";"113";"4266";"9.0";"CLP";"2026-02-24"
"Alemania";"Colonia";"Free tour de la II Guerra Mundial";"https://www.civitatis.com/es/colonia/free-tour-ii-guerra-mundial/";"The Walkings Tours";"info@the-walkings.com";"+49 157 72431884";"Claudia Nalleli Hernandez Leal | Neuenhöfer Allee 119, Colonia, Alemania";"";"0.0";"113";"4266";"9.0";"CLP";"2026-02-24"
"Alemania";"Colonia";"Excursión a Bonn en tren";"https://www.civitatis.com/es/colonia/excursion-bonn/";"Cologne Tours";"jaureguioderda@gmail.com";"017676957990";"Sofia Jauregui Oderda | Merheimerstr 103-105, Colonia, Alemania";"";"59274.85";"5";"49";"8.8";"CLP";"2026-02-24"
"Alemania";"Colonia";"Excursión a Aquisgrán en tren";"https://www.civitatis.com/es/colonia/excursion-aquisgran-tren/";"Viva's Free Tour (Alemania)";"vivabrusselstours@gmail.com";"+32 492 47 08 83";"Vivas Group International LLC | 3 Germay Dr Ste 4 # 1782, Delaware, Estados Unidos";"";"59274.85";"51";"1245";"7.6";"CLP";"2026-02-24"
"Alemania";"Colonia";"Free tour de los misterios y leyendas de Colonia";"https://www.civitatis.com/es/colonia/free-tour-misterios-leyendas-colonia/";"Cologne Tours";"jaureguioderda@gmail.com";"017676957990";"Sofia Jauregui Oderda | Merheimerstr 103-105, Colonia, Alemania";"";"0.0";"34";"1823";"9.0";"CLP";"2026-02-24"
"Alemania";"Colonia";"Pub Crawl ¡Tour de fiesta por Colonia!";"https://www.civitatis.com/es/colonia/pub-crawl-colonia/";"Rodrigues, Events";"support@pubcrawl.team";"+49 151 59876447";"Nicole Machado Rodrigues | Rudolf Breitscheid Str. 11, Frankfurt am Main, Alemania";"";"26943.11";"3";"64";"9.3";"CLP";"2026-02-24"
"Alemania";"Colonia";"Traslados en Colonia";"https://www.civitatis.com/es/colonia/traslados/";"No especificado / Único";"N/A";"N/A";"N/A";"";"90528.87";"180";"3051";"8.7";"CLP";"2026-02-24"
"Alemania";"Colonia";"Free tour de la cerveza por Colonia";"https://www.civitatis.com/es/colonia/free-tour-cerveza/";"The Walkings Tours";"info@the-walkings.com";"+49 157 72431884";"Claudia Nalleli Hernandez Leal | Neuenhöfer Allee 119, Colonia, Alemania";"";"0.0";"12";"210";"9.7";"CLP";"2026-02-24"
"Alemania";"Colonia";"Köln Card";"https://www.civitatis.com/es/colonia/koln-card/";"Kolntourismus Gmbh";"sonja.hapke@koelntourismus.de";"+49 221 346 43 350";"KölnTourismus GmbH | Kardinal-Höffner-Platz 1, Köln, Alemania";"";"9699.52";"27";"534";"7.2";"CLP";"2026-02-24"
"Alemania";"Colonia";"Excursión a Düsseldorf en tren";"https://www.civitatis.com/es/colonia/excursion-dusseldorf-tren/";"Viva's Free Tour (Alemania)";"vivabrusselstours@gmail.com";"+32 492 47 08 83";"Vivas Group International LLC | 3 Germay Dr Ste 4 # 1782, Delaware, Estados Unidos";"";"52808.51";"18";"728";"6.7";"CLP";"2026-02-24"
"Alemania";"Colonia";"Tour privado por Colonia";"https://www.civitatis.com/es/colonia/tour-privado-colonia/";"The Walkings Tours";"info@the-walkings.com";"+49 157 72431884";"Claudia Nalleli Hernandez Leal | Neuenhöfer Allee 119, Colonia, Alemania";"";"195068.17";"23";"665";"9.5";"CLP";"2026-02-24"
"Alemania";"Colonia";"Paseo privado en avioneta por Colonia";"https://www.civitatis.com/es/colonia/paseo-avioneta-colonia/";"Wingly";"ching@wingly.io";"+33766006792";"BERLARIC | 7 Rue Voltaire, Levallois Perret, Francia";"";"452644.37";"1";"4";"10.0";"CLP";"2026-02-24"
"Alemania";"Colonia";"Paseo en barco por Colonia";"https://www.civitatis.com/es/colonia/paseo-barco-colonia/";"K-D German Rhine Line";"booking@k-d.com";"+49 0221";"Köln-Düsseldorfer Deutsche Rheinschiffahrt AG | Frankenwerft 35, Cologne,, Alemania";"";"21554.49";"194";"2688";"7.6";"CLP";"2026-02-24"
"Alemania";"Colonia";"Tour por los mercadillos navideños de Colonia";"https://www.civitatis.com/es/colonia/tour-mercadillos-navidenos-colonia/";"Cologne Tours";"jaureguioderda@gmail.com";"017676957990";"Sofia Jauregui Oderda | Merheimerstr 103-105, Colonia, Alemania";"";"21554.49";"0";"27";"0.0";"CLP";"2026-02-24"
"Alemania";"Colonia";"Crucero navideño de Colonia";"https://www.civitatis.com/es/colonia/crucero-navidad-colonia/";"K-D German Rhine Line";"booking@k-d.com";"+49 0221";"Köln-Düsseldorfer Deutsche Rheinschiffahrt AG | Frankenwerft 35, Cologne,, Alemania";"";"28020.84";"1";"6";"8.0";"CLP";"2026-02-24"
"Alemania";"Bremen";"Free tour por Bremen";"https://www.civitatis.com/es/bremen/free-tour-bremen/";"Freetourbremen";"freetourbremen@gmail.com";"+491625261595";"Gloria Tercero Sevilla | Schwachhausen Heerstraße, 176, Bremen, Alemania";"";"0.0";"743";"13623";"8.9";"CLP";"2026-02-24"
"Alemania";"Bremen";"Free tour por Bremen";"https://www.civitatis.com/es/bremen/free-tour-bremen/";"Quintanar Tours";"andresgo16@icloud.com";"+4917674129866";"Jovan Quintanar | Wecholder Str. 100, Bremen, Alemania";"";"0.0";"743";"13623";"8.9";"CLP";"2026-02-24"
"Alemania";"Bremen";"Tour privado por Bremen con guía en español";"https://www.civitatis.com/es/bremen/tour-privado-bremen/";"Alemania Tours";"guiasturisticasenalemania@gmail.com";"+49 1721895225";"GUIAS TURISTICAS EN ALEMANIA | Könneritzstr. 90, Leipzig, Alemania";"";"202612.24";"13";"429";"8.2";"CLP";"2026-02-24"
"Alemania";"Bremen";"Free tour navideño por Bremen";"https://www.civitatis.com/es/bremen/free-tour-navidad-bremen/";"Quintanar Tours";"andresgo16@icloud.com";"+4917674129866";"Jovan Quintanar | Wecholder Str. 100, Bremen, Alemania";"";"0.0";"16";"216";"9.6";"CLP";"2026-02-24"
"Alemania";"Bremen";"Traslados en Bremen";"https://www.civitatis.com/es/bremen/traslados/";"No especificado / Único";"N/A";"N/A";"N/A";"";"72207.55";"6";"161";"5.7";"CLP";"2026-02-24"
"Alemania";"Potsdam";"Free tour por Potsdam";"https://www.civitatis.com/es/potsdam/free-tour-potsdam/";"Viadrina Tours (Alemania)";"viadrinatours.dresden@gmail.com";"+48509960034";"Viadrina Tours Maciej Wronecki | ul. Zimowa 14/2, Wrocław, Polonia";"";"0.0";"862";"11064";"9.4";"CLP";"2026-02-24"
"Alemania";"Potsdam";"Tour privado por Potsdam";"https://www.civitatis.com/es/potsdam/tour-privado-potsdam/";"Alemania Tours";"guiasturisticasenalemania@gmail.com";"+49 1721895225";"GUIAS TURISTICAS EN ALEMANIA | Könneritzstr. 90, Leipzig, Alemania";"";"1013061.21";"3";"155";"8.0";"CLP";"2026-02-24"
"Alemania";"Potsdam";"Autobús turístico de Potsdam";"https://www.civitatis.com/es/potsdam/autobus-turistico-potsdam/";"City Sightseeing Eur";"bookings@city-sightseeing.com";"+44 0 1789 299123";"City Sightseeing Ltd | Suite 8 Floor 3 Grosvenor House Redditch, Worcestershire, Reino Unido";"";"21554.49";"12";"150";"7.0";"CLP";"2026-02-24"
"Alemania";"Potsdam";"Excursión a Potsdam y Sachsenhausen";"https://www.civitatis.com/es/berlin/excursion-potsdam-sachsenhausen/";"Buendía - Alemania";"sarablanco@buendia.travel";"+34 620 57 19 76";"BUENDIA TRAVEL & TECH SL | C/ URÍA, 58, 3º, Oviedo, España";"";"52808.51";"1394";"13026";"8.7";"CLP";"2026-02-24"
"Alemania";"Potsdam";"Excursión a Potsdam";"https://www.civitatis.com/es/berlin/excursion-potsdam/";"Cultourberlin";"reservas@cultourberlin.com";"+49 177 652 2171";"cultour-incoming GmbH & Co. KG | Inselstraße 10, Berlín, Alemania";"";"32331.74";"5413";"84172";"9.0";"CLP";"2026-02-24"
"Alemania";"Potsdam";"Excursión a Potsdam";"https://www.civitatis.com/es/berlin/excursion-potsdam/";"Explora Berlin Ug";"management@exploraberlin.com";"+49 15563 234395";"Explora Berlin UG | Saarbrücker Str. 34, Berlín, Alemania";"";"32331.74";"5413";"84172";"9.0";"CLP";"2026-02-24"
"Alemania";"Kiel";"Excursión a Lübeck para cruceros";"https://www.civitatis.com/es/kiel/excursion-lubeck-cruceros/";"Shore2Shore";"info@shore2shore.es";"928 51 53 52";"CALIMA SHORE TRAVEL S.L. | CALLE PARDELERA 8, Puerto Del Carmen, España";"";"73285.27";"46";"1270";"7.9";"CLP";"2026-02-24"
"Alemania";"Kiel";"Traslados en Kiel";"https://www.civitatis.com/es/kiel/traslados/";"No especificado / Único";"N/A";"N/A";"N/A";"";"63046.89";"26";"1043";"8.1";"CLP";"2026-02-24"
"Alemania";"Tréveris";"Tour privado por Tréveris con guía en español";"https://www.civitatis.com/es/treveris/tour-privado-treveris/";"Alemania Tours";"guiasturisticasenalemania@gmail.com";"+49 1721895225";"GUIAS TURISTICAS EN ALEMANIA | Könneritzstr. 90, Leipzig, Alemania";"";"229555.36";"7";"148";"8.9";"CLP";"2026-02-24"
"Alemania";"Bonn";"Free tour por Bonn";"https://www.civitatis.com/es/bonn/free-tour-bonn/";"Viadrina Tours (Alemania)";"viadrinatours.dresden@gmail.com";"+48509960034";"Viadrina Tours Maciej Wronecki | ul. Zimowa 14/2, Wrocław, Polonia";"";"0.0";"292";"4509";"9.1";"CLP";"2026-02-24"
"Alemania";"Leipzig";"Visita guiada por Leipzig";"https://www.civitatis.com/es/leipzig/visita-guiada-leipzig/";"Alemania Tours";"guiasturisticasenalemania@gmail.com";"+49 1721895225";"GUIAS TURISTICAS EN ALEMANIA | Könneritzstr. 90, Leipzig, Alemania";"";"21554.49";"5";"194";"10.0";"CLP";"2026-02-24"
"Alemania";"Leipzig";"Tour privado por Leipzig";"https://www.civitatis.com/es/leipzig/tour-privado-leipzig/";"Free Walking Tour Leipzig";"ebermatej@gmail.com";"+4915772686071";"Matej Eber | Hähnelstr. 8, Leipzig, Alemania";"";"123938.34";"15";"160";"9.5";"CLP";"2026-02-24"
"Alemania";"Leipzig";"Visita a la fábrica de BMW y MINI";"https://www.civitatis.com/es/leipzig/visita-fabrica-bmw-mini/";"Bmw Factory Tours";"info@visit-bmwgroup.com";"+491784552085";"YAEZ GmbH | Kornbergstr. 44, Stuttgart, Alemania";"";"19399.04";"1";"7";"10.0";"CLP";"2026-02-24"
"Alemania";"Leipzig";"Entrada a Belantis";"https://www.civitatis.com/es/leipzig/entrada-belantis/";"Belantis Park";"sprolus@belantis.de";"+49 170 858 9382";"BELANTIS, EVENT PARK GmbH | Zur Weißen Mark 1, Leipzig, Alemania";"";"48389.83";"1";"12";"10.0";"CLP";"2026-02-24"
"Alemania";"Leipzig";"Tour navideño por Leipzig";"https://www.civitatis.com/es/leipzig/tour-navidad-leipzig/";"Alemania Tours";"guiasturisticasenalemania@gmail.com";"+49 1721895225";"GUIAS TURISTICAS EN ALEMANIA | Könneritzstr. 90, Leipzig, Alemania";"";"37720.36";"0";"0";"0.0";"CLP";"2026-02-24"
"Alemania";"Leipzig";"Traslados en Leipzig";"https://www.civitatis.com/es/leipzig/traslados/";"No especificado / Único";"N/A";"N/A";"N/A";"";"73015.84";"10";"113";"10.0";"CLP";"2026-02-24"
"Alemania";"Erfurt";"Tour privado por Erfurt con guía en español";"https://www.civitatis.com/es/erfurt/tour-privado-erfurt/";"Alemania Tours";"guiasturisticasenalemania@gmail.com";"+49 1721895225";"GUIAS TURISTICAS EN ALEMANIA | Könneritzstr. 90, Leipzig, Alemania";"";"188601.82";"0";"25";"0.0";"CLP";"2026-02-24"
"Alemania";"Erfurt";"Visita guiada por Erfurt";"https://www.civitatis.com/es/erfurt/visita-guiada-erfurt/";"Alemania Tours";"guiasturisticasenalemania@gmail.com";"+49 1721895225";"GUIAS TURISTICAS EN ALEMANIA | Könneritzstr. 90, Leipzig, Alemania";"";"21554.49";"0";"66";"0.0";"CLP";"2026-02-24"
"Alemania";"Núremberg";"Free tour por Núremberg";"https://www.civitatis.com/es/nuremberg/free-tour-nuremberg/";"Hallo Nuremberg";"hallonuremberg@gmail.com";"+49 176 56560335";"Hallo Nuremberg UG (haftungsbeschrankt) | Pleinfelder Str. 26, Höttingen, Alemania";"";"0.0";"4871";"55200";"9.7";"CLP";"2026-02-24"
"Alemania";"Núremberg";"Tour del Tercer Reich por Núremberg";"https://www.civitatis.com/es/nuremberg/tour-tercer-reich-nuremberg/";"Hallo Nuremberg";"hallonuremberg@gmail.com";"+49 176 56560335";"Hallo Nuremberg UG (haftungsbeschrankt) | Pleinfelder Str. 26, Höttingen, Alemania";"";"18321.31";"421";"3563";"9.8";"CLP";"2026-02-24"
"Alemania";"Núremberg";"Excursión a Rotemburgo en tren";"https://www.civitatis.com/es/nuremberg/excursion-rotemburgo/";"Hallo Nuremberg";"hallonuremberg@gmail.com";"+49 176 56560335";"Hallo Nuremberg UG (haftungsbeschrankt) | Pleinfelder Str. 26, Höttingen, Alemania";"";"59274.85";"105";"911";"9.8";"CLP";"2026-02-24"
"Alemania";"Núremberg";"Tour por el Núremberg medieval";"https://www.civitatis.com/es/nuremberg/tour-nuremberg-medieval/";"Hallo Nuremberg";"hallonuremberg@gmail.com";"+49 176 56560335";"Hallo Nuremberg UG (haftungsbeschrankt) | Pleinfelder Str. 26, Höttingen, Alemania";"";"18321.31";"121";"1049";"9.8";"CLP";"2026-02-24"
"Alemania";"Núremberg";"Excursión al Campo Zeppelín";"https://www.civitatis.com/es/nuremberg/excursion-campo-zeppelin/";"Hallo Nuremberg";"hallonuremberg@gmail.com";"+49 176 56560335";"Hallo Nuremberg UG (haftungsbeschrankt) | Pleinfelder Str. 26, Höttingen, Alemania";"";"18321.31";"55";"521";"9.8";"CLP";"2026-02-24"
"Alemania";"Núremberg";"Entrada a PLAYMOBIL® FunPark";"https://www.civitatis.com/es/nuremberg/entrada-playmobil-funpark/";"Congress Und Tourismus Zentrale Nürnberg";"tourismus@nuernberg.de";"+49 911 2336118";"Verkehrsverein Nürnberg e.v. | Frauentorgraben 3, Nürnberg , Alemania";"";"26835.34";"13";"486";"9.2";"CLP";"2026-02-24"
"Alemania";"Núremberg";"Traslados en Núremberg";"https://www.civitatis.com/es/nuremberg/traslados/";"No especificado / Único";"N/A";"N/A";"N/A";"";"142259.66";"15";"490";"8.0";"CLP";"2026-02-24"
"Alemania";"Núremberg";"Tour de la II Guerra Mundial por Núremberg y el Campo Zeppelín";"https://www.civitatis.com/es/nuremberg/tour-ii-guerra-mundial-campo-zeppelin/";"Suzart Tour";"suzartour@suzartour.com";"+4915237151197";"Robson Suzart Da Silva | Hertleinstr. 50, Erlangen, Alemania";"";"86207.19";"8";"68";"7.3";"CLP";"2026-02-24"
"Alemania";"Núremberg";"Tren turístico de Núremberg";"https://www.civitatis.com/es/nuremberg/tren-turistico-nuremberg/";"Regensburger Stadtrundfahrten Gmbh";"d.oldenburg@city-tour.info";"015144969392";"Regensburger Stadtrundfahrten GmbH | Posthorngäßchen 6, Ratisbona, Alemania";"";"11854.97";"5";"168";"7.2";"CLP";"2026-02-24"
"Alemania";"Núremberg";"Tour privado por Núremberg";"https://www.civitatis.com/es/nuremberg/tour-privado-nuremberg/";"Hallo Nuremberg";"hallonuremberg@gmail.com";"+49 176 56560335";"Hallo Nuremberg UG (haftungsbeschrankt) | Pleinfelder Str. 26, Höttingen, Alemania";"";"193990.44";"19";"475";"9.6";"CLP";"2026-02-24"
"Alemania";"Núremberg";"Excursión privada desde Núremberg";"https://www.civitatis.com/es/nuremberg/excursion-privada-nuremberg/";"Hallo Nuremberg";"hallonuremberg@gmail.com";"+49 176 56560335";"Hallo Nuremberg UG (haftungsbeschrankt) | Pleinfelder Str. 26, Höttingen, Alemania";"";"172435.95";"9";"173";"10.0";"CLP";"2026-02-24"
"Alemania";"Núremberg";"Tour navideño por Núremberg";"https://www.civitatis.com/es/nuremberg/tour-navidad-nuremberg/";"Hallo Nuremberg";"hallonuremberg@gmail.com";"+49 176 56560335";"Hallo Nuremberg UG (haftungsbeschrankt) | Pleinfelder Str. 26, Höttingen, Alemania";"";"16165.87";"38";"439";"9.5";"CLP";"2026-02-24"
"Alemania";"Núremberg";"Tour por los puentes del río Pegnitz";"https://www.civitatis.com/es/nuremberg/tour-puentes-rio-pegnitz/";"Hallo Nuremberg";"hallonuremberg@gmail.com";"+49 176 56560335";"Hallo Nuremberg UG (haftungsbeschrankt) | Pleinfelder Str. 26, Höttingen, Alemania";"";"16165.87";"9";"168";"9.8";"CLP";"2026-02-24"
"Alemania";"Rotemburgo";"Tour privado por Rotemburgo";"https://www.civitatis.com/es/rotemburgo/tour-privado-rotemburgo/";"Travovia - Travelsvoyagesviajes";"info@travovia.com";"+49 - 1573 9627 364";"Ina Conchita Elser | Kirchplatz 2, Rothenburg ob der Tauber, Alemania";"";"118549.71";"19";"497";"9.3";"CLP";"2026-02-24"
"Alemania";"Heidelberg";"Free tour por Heidelberg";"https://www.civitatis.com/es/heidelberg/free-tour-heidelberg/";"Heidelberg Free Alternative Walking Tour";"Heidelberg-free@alternative-walking-tour.com";"";"Frankfurt Free Alternative Walking Tour | Schaubstrasse 9, Frankfurt am Main, Frankfurt, Alemania";"";"0.0";"519";"7300";"8.5";"CLP";"2026-02-24"
"Alemania";"Heidelberg";"Tour privado por Heidelberg";"https://www.civitatis.com/es/heidelberg/tour-privado-heidelberg/";"Alemania Tours";"guiasturisticasenalemania@gmail.com";"+49 1721895225";"GUIAS TURISTICAS EN ALEMANIA | Könneritzstr. 90, Leipzig, Alemania";"";"202612.24";"10";"293";"7.2";"CLP";"2026-02-24"
"Alemania";"Heidelberg";"Visita guiada por Heidelberg";"https://www.civitatis.com/es/heidelberg/visita-guiada-heidelberg/";"Viva's Free Tour (Alemania)";"vivabrusselstours@gmail.com";"+32 492 47 08 83";"Vivas Group International LLC | 3 Germay Dr Ste 4 # 1782, Delaware, Estados Unidos";"";"26943.11";"6";"226";"5.7";"CLP";"2026-02-24"
"Alemania";"Heidelberg";"Tour en segway por Heidelberg";"https://www.civitatis.com/es/heidelberg/tour-segway-heidelberg/";"Stadtsafari";"reiboldt@stadtsafari.com";"+491727444668";"EMOPOL GmbH | Gabelsberger Straße 5, 68165 Mannheim, Mannheim, Alemania";"";"74363.0";"0";"2";"0.0";"CLP";"2026-02-24"
"Alemania";"Heidelberg";"Tour por el mercadillo navideño de Heidelberg";"https://www.civitatis.com/es/heidelberg/tour-mercado-navidad-heidelberg/";"Alemania Tours";"guiasturisticasenalemania@gmail.com";"+49 1721895225";"GUIAS TURISTICAS EN ALEMANIA | Könneritzstr. 90, Leipzig, Alemania";"";"43108.98";"0";"2";"0.0";"CLP";"2026-02-24"
"Alemania";"Maguncia";"Tour privado por Maguncia";"https://www.civitatis.com/es/maguncia/tour-privado-maguncia/";"Alemania Tours";"guiasturisticasenalemania@gmail.com";"+49 1721895225";"GUIAS TURISTICAS EN ALEMANIA | Könneritzstr. 90, Leipzig, Alemania";"";"228477.63";"3";"75";"8.7";"CLP";"2026-02-24"
"Alemania";"Maguncia";"Visita guiada por Maguncia";"https://www.civitatis.com/es/maguncia/visita-guiada-maguncia/";"Viva's Free Tour (Alemania)";"vivabrusselstours@gmail.com";"+32 492 47 08 83";"Vivas Group International LLC | 3 Germay Dr Ste 4 # 1782, Delaware, Estados Unidos";"";"20476.76";"4";"161";"2.5";"CLP";"2026-02-24"
"Alemania";"Maguncia";"Tour por el mercadillo navideño de Maguncia";"https://www.civitatis.com/es/maguncia/tour-mercado-navidad-maguncia/";"Alemania Tours";"guiasturisticasenalemania@gmail.com";"+49 1721895225";"GUIAS TURISTICAS EN ALEMANIA | Könneritzstr. 90, Leipzig, Alemania";"";"48497.61";"0";"2";"0.0";"CLP";"2026-02-24"
"Alemania";"Warnemunde";"Excursión a Berlín para cruceros";"https://www.civitatis.com/es/warnemunde/excursion-berlin-cruceros/";"Shore2Shore";"info@shore2shore.es";"928 51 53 52";"CALIMA SHORE TRAVEL S.L. | CALLE PARDELERA 8, Puerto Del Carmen, España";"";"75440.72";"12";"692";"10.0";"CLP";"2026-02-24"
"Alemania";"Warnemunde";"Tour por Rostock y Warnemünde para cruceros";"https://www.civitatis.com/es/warnemunde/tour-rostock-warnemunde-cruceros/";"Shore2Shore";"info@shore2shore.es";"928 51 53 52";"CALIMA SHORE TRAVEL S.L. | CALLE PARDELERA 8, Puerto Del Carmen, España";"";"40953.53";"15";"392";"8.8";"CLP";"2026-02-24"
"Alemania";"Oberhausen";"Entrada a LEGOLAND® Discovery Centre";"https://www.civitatis.com/es/oberhausen/entrada-legoland-discovery-centre/";"Ingresso Group Limited Eur";"garrythompson@ingresso.co.uk";"+44 0 1189347400";"Ingresso Group Limited | 1 Butterwick, Hammersmith, Londres, Reino Unido";"";"22093.35";"0";"13";"0.0";"CLP";"2026-02-24"
"Alemania";"Oberhausen";"Entrada a SEA LIFE® Oberhausen";"https://www.civitatis.com/es/oberhausen/entrada-sealife-oberhausen/";"Ingresso Group Limited Eur";"garrythompson@ingresso.co.uk";"+44 0 1189347400";"Ingresso Group Limited | 1 Butterwick, Hammersmith, Londres, Reino Unido";"";"23709.94";"0";"5";"0.0";"CLP";"2026-02-24"
"Alemania";"Hannover";"Tour privado por Hannover";"https://www.civitatis.com/es/hannover/tour-privado-hannover/";"Alemania Tours";"guiasturisticasenalemania@gmail.com";"+49 1721895225";"GUIAS TURISTICAS EN ALEMANIA | Könneritzstr. 90, Leipzig, Alemania";"";"282363.87";"2";"107";"8.0";"CLP";"2026-02-24"
"Alemania";"Hannover";"Entrada a SEA LIFE® Hannover";"https://www.civitatis.com/es/hannover/entrada-sealife-hannover/";"Ingresso Group Limited Eur";"garrythompson@ingresso.co.uk";"+44 0 1189347400";"Ingresso Group Limited | 1 Butterwick, Hammersmith, Londres, Reino Unido";"";"20476.76";"2";"9";"9.0";"CLP";"2026-02-24"
"Alemania";"Hannover";"Visita guiada por Hannover";"https://www.civitatis.com/es/hannover/visita-guiada-hannover/";"Hannover Marketing & Tourismus Gmbh";"christoph.boyn@hannover-tourismus.de";"+49 511 16849734";"Hannover Marketing & Tourismus GmbH | Vahrenwalder Str. 7, Hannover, Alemania";"";"15088.14";"1";"15";"8.0";"CLP";"2026-02-24"
"Alemania";"Hannover";"Traslados en Hannover";"https://www.civitatis.com/es/hannover/traslados/";"No especificado / Único";"N/A";"N/A";"N/A";"";"63046.89";"13";"265";"9.2";"CLP";"2026-02-24"
"Alemania";"Constanza";"Entrada a SEA LIFE® Constanza";"https://www.civitatis.com/es/constanza/entrada-sealife-constanza/";"Ingresso Group Limited Eur";"garrythompson@ingresso.co.uk";"+44 0 1189347400";"Ingresso Group Limited | 1 Butterwick, Hammersmith, Londres, Reino Unido";"";"24787.66";"0";"20";"0.0";"CLP";"2026-02-24"
"Alemania";"Timmendorfer Strand";"Entrada a SEA LIFE® Timmendorfer Strand";"https://www.civitatis.com/es/timmendorfer-strand/entrada-sealife-timmendorfer-strand/";"Ingresso Group Limited Eur";"garrythompson@ingresso.co.uk";"+44 0 1189347400";"Ingresso Group Limited | 1 Butterwick, Hammersmith, Londres, Reino Unido";"";"18321.31";"0";"0";"0.0";"CLP";"2026-02-24"
"Alemania";"Espira";"Entrada a SEA LIFE® Espira";"https://www.civitatis.com/es/espira/entrada-sealife-espira/";"Ingresso Group Limited Eur";"garrythompson@ingresso.co.uk";"+44 0 1189347400";"Ingresso Group Limited | 1 Butterwick, Hammersmith, Londres, Reino Unido";"";"23709.94";"1";"9";"10.0";"CLP";"2026-02-24"
"Alemania";"Cochem";"Paseo en barco por Cochem";"https://www.civitatis.com/es/cochem/paseo-barco-cochem/";"K-D German Rhine Line";"booking@k-d.com";"+49 0221";"Köln-Düsseldorfer Deutsche Rheinschiffahrt AG | Frankenwerft 35, Cologne,, Alemania";"";"15088.14";"14";"334";"8.7";"CLP";"2026-02-24"
"Alemania";"Rostock";"Tour por Rostock y Warnemünde para cruceros";"https://www.civitatis.com/es/rostock/tour-rostock-warnemunde-cruceros/";"Shore2Shore";"info@shore2shore.es";"928 51 53 52";"CALIMA SHORE TRAVEL S.L. | CALLE PARDELERA 8, Puerto Del Carmen, España";"";"40953.53";"9";"149";"9.1";"CLP";"2026-02-24"
"Alemania";"Weimar";"Tour privado por Weimar con guía en español";"https://www.civitatis.com/es/weimar/tour-privado-weimar/";"Alemania Tours";"guiasturisticasenalemania@gmail.com";"+49 1721895225";"GUIAS TURISTICAS EN ALEMANIA | Könneritzstr. 90, Leipzig, Alemania";"";"229555.36";"0";"3";"0.0";"CLP";"2026-02-24"
"Alemania";"Aquisgrán";"Free tour por Aquisgrán";"https://www.civitatis.com/es/aquisgran/free-tour-aquisgran/";"The Best Free Tours";"Thebesttour01@gmail.com";"+49017624890999";"Ricardo Olivares Sustersick | Krakaustr. 26, Aquisgrán, Alemania";"";"0.0";"59";"1241";"9.4";"CLP";"2026-02-24"
"Alemania";"Aquisgrán";"Visita guiada por Aquisgrán";"https://www.civitatis.com/es/aquisgran/visita-guiada-aquisgran/";"Viva's Free Tour (Alemania)";"vivabrusselstours@gmail.com";"+32 492 47 08 83";"Vivas Group International LLC | 3 Germay Dr Ste 4 # 1782, Delaware, Estados Unidos";"";"30176.29";"7";"388";"6.6";"CLP";"2026-02-24"
"Alemania";"Aquisgrán";"Tour privado por Aquisgrán";"https://www.civitatis.com/es/aquisgran/tour-privado-aquisgran/";"Alemania Tours";"guiasturisticasenalemania@gmail.com";"+49 1721895225";"GUIAS TURISTICAS EN ALEMANIA | Könneritzstr. 90, Leipzig, Alemania";"";"229555.36";"5";"229";"8.4";"CLP";"2026-02-24"
"Alemania";"Schwerin";"Tour privado por Schwerin con guía en español";"https://www.civitatis.com/es/schwerin/tour-privado-schwerin/";"Alemania Tours";"guiasturisticasenalemania@gmail.com";"+49 1721895225";"GUIAS TURISTICAS EN ALEMANIA | Könneritzstr. 90, Leipzig, Alemania";"";"256498.47";"1";"29";"10.0";"CLP";"2026-02-24"
"Alemania";"Ratisbona";"Tour privado por Ratisbona con guía en español";"https://www.civitatis.com/es/ratisbona/tour-privado-ratisbona/";"Alemania Tours";"guiasturisticasenalemania@gmail.com";"+49 1721895225";"GUIAS TURISTICAS EN ALEMANIA | Könneritzstr. 90, Leipzig, Alemania";"";"323317.4";"3";"54";"9.3";"CLP";"2026-02-24"
"Alemania";"Wurzburgo";"Free tour por Wurzburgo";"https://www.civitatis.com/es/wurzburgo/free-tour-wurzburgo/";"Freddy Rivero";"freddyrivero07@hotmail.com";"01735882334";"Freddy Rivero | Ernst Reuter Str. 11, Wurzburgo, Alemania";"";"0.0";"22";"369";"9.5";"CLP";"2026-02-24"
"Alemania";"Wurzburgo";"Free tour por los exteriores de la Residencia de Wurzburgo";"https://www.civitatis.com/es/wurzburgo/free-tour-exteriores-residencia-wurzburgo/";"Freddy Rivero";"freddyrivero07@hotmail.com";"01735882334";"Freddy Rivero | Ernst Reuter Str. 11, Wurzburgo, Alemania";"";"0.0";"6";"88";"10.0";"CLP";"2026-02-24"
"Alemania";"Wurzburgo";"Tour privado por Wurzburgo";"https://www.civitatis.com/es/wurzburgo/tour-privado-wurzburgo/";"Alemania Tours";"guiasturisticasenalemania@gmail.com";"+49 1721895225";"GUIAS TURISTICAS EN ALEMANIA | Könneritzstr. 90, Leipzig, Alemania";"";"229555.36";"1";"54";"8.0";"CLP";"2026-02-24"
"Alemania";"Lubeca";"Tour privado por Lubeca";"https://www.civitatis.com/es/lubeca/tour-privado-lubeca/";"Alemania Tours";"guiasturisticasenalemania@gmail.com";"+49 1721895225";"GUIAS TURISTICAS EN ALEMANIA | Könneritzstr. 90, Leipzig, Alemania";"";"256498.47";"2";"93";"9.0";"CLP";"2026-02-24"
"Alemania";"Lubeca";"Tour por el mercadillo navideño de Lubeca";"https://www.civitatis.com/es/lubeca/tour-mercado-navidad-lubeca/";"Alemania Tours";"guiasturisticasenalemania@gmail.com";"+49 1721895225";"GUIAS TURISTICAS EN ALEMANIA | Könneritzstr. 90, Leipzig, Alemania";"";"43108.98";"0";"0";"0.0";"CLP";"2026-02-24"
"Alemania";"Bamberg";"Free tour por Bamberg";"https://www.civitatis.com/es/bamberg/free-tour-bamberg/";"Hallo Nuremberg";"hallonuremberg@gmail.com";"+49 176 56560335";"Hallo Nuremberg UG (haftungsbeschrankt) | Pleinfelder Str. 26, Höttingen, Alemania";"";"0.0";"55";"899";"9.7";"CLP";"2026-02-24"
"Alemania";"Bamberg";"Tour privado por Bamberg";"https://www.civitatis.com/es/bamberg/tour-privado-bamberg/";"Alemania Tours";"guiasturisticasenalemania@gmail.com";"+49 1721895225";"GUIAS TURISTICAS EN ALEMANIA | Könneritzstr. 90, Leipzig, Alemania";"";"229555.36";"4";"122";"7.5";"CLP";"2026-02-24"
"Alemania";"Meissen";"Tour privado por Meissen";"https://www.civitatis.com/es/meissen/tour-privado-meissen/";"Alemania Tours";"guiasturisticasenalemania@gmail.com";"+49 1721895225";"GUIAS TURISTICAS EN ALEMANIA | Könneritzstr. 90, Leipzig, Alemania";"";"229555.36";"1";"21";"10.0";"CLP";"2026-02-24"
"Alemania";"Meissen";"Entrada al Museo de la Porcelana de Meissen y sus talleres";"https://www.civitatis.com/es/meissen/entrada-museo-porcelana-meissen/";"Staatliche Porzellan-Manufaktur Meissen Gmbh";"tourism@meissen.com";"+49 03521 468 208";"Staatliche Porzellan-Manufaktur Meissen GmbH | Talstraße 9, Meissen, Alemania";"";"17243.59";"0";"2";"0.0";"CLP";"2026-02-24"
"Alemania";"Baden-Baden";"Tour privado por Baden-Baden";"https://www.civitatis.com/es/baden-baden/tour-privado-baden-baden/";"Alemania Tours";"guiasturisticasenalemania@gmail.com";"+49 1721895225";"GUIAS TURISTICAS EN ALEMANIA | Könneritzstr. 90, Leipzig, Alemania";"";"229555.36";"14";"527";"8.4";"CLP";"2026-02-24"
"Alemania";"Baden-Baden";"Tour por el mercadillo navideño de Baden-Baden";"https://www.civitatis.com/es/baden-baden/tour-mercado-navidad-baden-baden/";"Alemania Tours";"guiasturisticasenalemania@gmail.com";"+49 1721895225";"GUIAS TURISTICAS EN ALEMANIA | Könneritzstr. 90, Leipzig, Alemania";"";"48497.61";"0";"2";"0.0";"CLP";"2026-02-24"
"Alemania";"Baden-Baden";"Traslados en Baden-Baden";"https://www.civitatis.com/es/baden-baden/traslados/";"No especificado / Único";"N/A";"N/A";"N/A";"";"112083.36";"15";"339";"9.2";"CLP";"2026-02-24"
"Alemania";"Friburgo de Brisgovia";"Free tour por Friburgo de Brisgovia";"https://www.civitatis.com/es/friburgo-de-brisgovia/free-tour-friburgo-brisgovia/";"Alsacia Y Selva Negra - Tours";"alsaciayselvanegra@gmail.com";"+34 622645959";"FERNANDO MORÁN LEÓN | 42 Rue de l´Aubépine, Estrasburgo, Francia";"";"0.0";"1392";"18980";"9.7";"CLP";"2026-02-24"
"Alemania";"Friburgo de Brisgovia";"Tour privado por Friburgo de Brisgovia";"https://www.civitatis.com/es/friburgo-de-brisgovia/tour-privado-friburgo-brisgovia/";"Alemania Tours";"guiasturisticasenalemania@gmail.com";"+49 1721895225";"GUIAS TURISTICAS EN ALEMANIA | Könneritzstr. 90, Leipzig, Alemania";"";"256498.47";"11";"339";"8.7";"CLP";"2026-02-24"
"Alemania";"Friburgo de Brisgovia";"Excursión a Gengenbach, Triberg y el lago Titisee";"https://www.civitatis.com/es/friburgo-de-brisgovia/excursion-gengenbach-triberg-lago-titisee/";"Bayern A Medida Gmbh & Co. Kg";"info@bayernamedida.com";"0049 17630787759";"Bayern a medida_ GmbH & Co. KG | Lothringer Str. 14 81667 München, Deutschland, München, Alemania";"";"91606.59";"44";"422";"9.7";"CLP";"2026-02-24"
"Alemania";"Friburgo de Brisgovia";"Excursión a los pueblos de Alsacia y el castillo de Haut-Koenigsbourg";"https://www.civitatis.com/es/friburgo-de-brisgovia/excursion-alsacia-castillo-haut-koenigsbourg/";"Bayern A Medida Gmbh & Co. Kg";"info@bayernamedida.com";"0049 17630787759";"Bayern a medida_ GmbH & Co. KG | Lothringer Str. 14 81667 München, Deutschland, München, Alemania";"";"91606.59";"22";"251";"9.4";"CLP";"2026-02-24"
"Alemania";"Friburgo de Brisgovia";"Visita guiada por Friburgo de Brisgovia";"https://www.civitatis.com/es/friburgo-de-brisgovia/visita-guiada-friburgo-brisgovia/";"Bayern A Medida Gmbh & Co. Kg";"info@bayernamedida.com";"0049 17630787759";"Bayern a medida_ GmbH & Co. KG | Lothringer Str. 14 81667 München, Deutschland, München, Alemania";"";"20476.76";"8";"152";"9.8";"CLP";"2026-02-24"
"Alemania";"Friburgo de Brisgovia";"Tour por el mercadillo navideño de Friburgo de Brisgovia";"https://www.civitatis.com/es/friburgo-de-brisgovia/tour-navidad-friburgo/";"Alemania Tours";"guiasturisticasenalemania@gmail.com";"+49 1721895225";"GUIAS TURISTICAS EN ALEMANIA | Könneritzstr. 90, Leipzig, Alemania";"";"48497.61";"0";"2";"0.0";"CLP";"2026-02-24"
"Alemania";"Friburgo de Brisgovia";"Entrada a Europa-Park";"https://www.civitatis.com/es/friburgo-de-brisgovia/entrada-europa-park/";"Europa-Park Resort";"Isabel.Schuppel@europapark.de";"+49 7822 77 14260";"Europa-Park GmbH & Co. Mack KG | Europa-Park-Straße 2, Rust, Alemania";"";"69513.24";"1";"45";"10.0";"CLP";"2026-02-24"
"Alemania";"Stuttgart";"Free tour por Stuttgart";"https://www.civitatis.com/es/stuttgart/free-tour-stuttgart/";"Viadrina Tours (Alemania)";"viadrinatours.dresden@gmail.com";"+48509960034";"Viadrina Tours Maciej Wronecki | ul. Zimowa 14/2, Wrocław, Polonia";"";"0.0";"423";"5994";"9.1";"CLP";"2026-02-24"
"Alemania";"Stuttgart";"Tour privado por Stuttgart";"https://www.civitatis.com/es/stuttgart/tour-privado-stuttgart/";"Alemania Tours";"guiasturisticasenalemania@gmail.com";"+49 1721895225";"GUIAS TURISTICAS EN ALEMANIA | Könneritzstr. 90, Leipzig, Alemania";"";"256498.47";"7";"161";"8.9";"CLP";"2026-02-24"
"Alemania";"Stuttgart";"Tour por el mercadillo navideño de Stuttgart";"https://www.civitatis.com/es/stuttgart/tour-mercado-navidad-stuttgart/";"Alemania Tours";"guiasturisticasenalemania@gmail.com";"+49 1721895225";"GUIAS TURISTICAS EN ALEMANIA | Könneritzstr. 90, Leipzig, Alemania";"";"48497.61";"0";"5";"0.0";"CLP";"2026-02-24"
"Alemania";"Stuttgart";"Traslados en Stuttgart";"https://www.civitatis.com/es/stuttgart/traslados/";"No especificado / Único";"N/A";"N/A";"N/A";"";"98072.94";"31";"470";"7.7";"CLP";"2026-02-24"
"Alemania";"Worms";"Tour privado por Worms con guía en español";"https://www.civitatis.com/es/worms/tour-privado-worms/";"Alemania Tours";"guiasturisticasenalemania@gmail.com";"+49 1721895225";"GUIAS TURISTICAS EN ALEMANIA | Könneritzstr. 90, Leipzig, Alemania";"";"229555.36";"0";"0";"0.0";"CLP";"2026-02-24"
"Alemania";"Wittenberg";"Tour privado por Wittenberg con guía en español";"https://www.civitatis.com/es/wittenberg/tour-privado-wittenberg/";"Alemania Tours";"guiasturisticasenalemania@gmail.com";"+49 1721895225";"GUIAS TURISTICAS EN ALEMANIA | Könneritzstr. 90, Leipzig, Alemania";"";"229555.36";"0";"9";"0.0";"CLP";"2026-02-24"
"Alemania";"Augsburgo";"Paseo en avioneta por Múnich y los Alpes Bávaros";"https://www.civitatis.com/es/augsburgo/paseo-avioneta-munich-alpes-bavaros/";"Alpen Air Gmbh";"fly@alpenair.de";"0821-999 716 40";"ALPEN AIR Aviation GmbH | Flughafenstraße 1, Augsburgo, Alemania";"";"311462.43";"0";"0";"0.0";"CLP";"2026-02-24"
"Alemania";"Bad Tölz";"Visita guiada por Bad Tölz";"https://www.civitatis.com/es/bad-tolz/visita-guiada-bad-tolz/";"Visita Autentica";"andrea-mayr@gmx.de";"0049-15122312386";"Andrea Mayr | Am Heigenkamer Steig, 4, Holzkirchen, Alemania";"";"8621.79";"0";"0";"0.0";"CLP";"2026-02-24"
"Alemania";"Ellingen";"Tour privado por Ellingen";"https://www.civitatis.com/es/ellingen/tour-privado-ellingen/";"Hallo Nuremberg";"hallonuremberg@gmail.com";"+49 176 56560335";"Hallo Nuremberg UG (haftungsbeschrankt) | Pleinfelder Str. 26, Höttingen, Alemania";"";"53886.23";"0";"0";"0.0";"CLP";"2026-02-24"
"Alemania";"Rust";"Entrada a Europa-Park";"https://www.civitatis.com/es/rust/entrada-europa-park/";"Europa-Park Resort";"Isabel.Schuppel@europapark.de";"+49 7822 77 14260";"Europa-Park GmbH & Co. Mack KG | Europa-Park-Straße 2, Rust, Alemania";"";"69513.24";"1";"45";"10.0";"CLP";"2026-02-24"
"Alemania";"Erlangen";"Tour de la II Guerra Mundial por Núremberg y el Campo Zeppelín";"https://www.civitatis.com/es/erlangen/tour-ii-guerra-mundial-campo-zeppelin/";"Suzart Tour";"suzartour@suzartour.com";"+4915237151197";"Robson Suzart Da Silva | Hertleinstr. 50, Erlangen, Alemania";"";"86207.19";"8";"68";"7.3";"CLP";"2026-02-24"
"Alemania";"Fürth";"Tour de la II Guerra Mundial por Núremberg y el Campo Zeppelín";"https://www.civitatis.com/es/furth/tour-ii-guerra-mundial-campo-zeppelin/";"Suzart Tour";"suzartour@suzartour.com";"+4915237151197";"Robson Suzart Da Silva | Hertleinstr. 50, Erlangen, Alemania";"";"86207.19";"8";"68";"7.3";"CLP";"2026-02-24"
