"pais";"destino";"actividad";"url_actividad";"operador";"email";"telefono";"direccion";"descripcion";"precio_real";"opiniones";"viajeros";"rating";"moneda";"fecha_scan"
"China";"Hong Kong";"Tour por la isla de Lantau";"https://www.civitatis.com/es/hong-kong/excursion-isla-lantau/";"Vive Hong Kong Tours";"lorena@toursenhongkong.com";"+852 6827 4952";"Vive HongKong Limited | Unit 910, 9/F Solo Workshops, 131-132 Connaught Road West, Sai Ying Pun, HongKong , HongKong , China";"";"150905.96";"41";"1333";"9.8";"CLP";"2026-02-24"
"China";"Hong Kong";"Excursión a Macao";"https://www.civitatis.com/es/hong-kong/excursion-macao/";"King Star Travel Co., Ltd";"antony@kingstartravel.com.hk";"+852060326733";"King Star Travel Co., Ltd | Shop B109, B1/F., Regal Kowloon Hotel, 71 Mody Road, Tsim Sha Tsui East, Kowloon, Hong Kong, Hong Kong, Hong Kong";"";"160816.55";"73";"659";"8.7";"CLP";"2026-02-24"
"China";"Hong Kong";"Visita guiada por Hong Kong";"https://www.civitatis.com/es/hong-kong/visita-guiada-hong-kong/";"Vive Hong Kong Tours";"lorena@toursenhongkong.com";"+852 6827 4952";"Vive HongKong Limited | Unit 910, 9/F Solo Workshops, 131-132 Connaught Road West, Sai Ying Pun, HongKong , HongKong , China";"";"75910.27";"80";"1163";"9.5";"CLP";"2026-02-24"
"China";"Hong Kong";"Tour por Kowloon";"https://www.civitatis.com/es/hong-kong/tour-kowloon/";"Vive Hong Kong Tours";"lorena@toursenhongkong.com";"+852 6827 4952";"Vive HongKong Limited | Unit 910, 9/F Solo Workshops, 131-132 Connaught Road West, Sai Ying Pun, HongKong , HongKong , China";"";"77739.43";"20";"324";"9.8";"CLP";"2026-02-24"
"China";"Hong Kong";"Subida al Pico Victoria";"https://www.civitatis.com/es/hong-kong/funicular-pico-victoria/";"Be My Guest";"natalie.ng@bemyguest.com.sg";"+65 3158 0490";"Bemyguest Pte Ltd | 80 Changi Road, #03-01, The Centropod , Singapur, Singapur";"";"10157.67";"24";"1279";"7.9";"CLP";"2026-02-24"
"China";"Hong Kong";"Crucero nocturno por la bahía Victoria en barco tradicional";"https://www.civitatis.com/es/hong-kong/crucero-nocturno-hong-kong/";"Aqua Luna Hong Kong";"aqualuna@aqua.com.hk";"+852 2854 1813";"Festival Thai Limited | 15/F., Lee West Commercial Building, 375-379 Hennessy Road, Wan Chai, HK, Hong Kong, China";"";"32748.09";"30";"464";"9.2";"CLP";"2026-02-24"
"China";"Hong Kong";"Traslados en Hong Kong";"https://www.civitatis.com/es/hong-kong/traslados/";"No especificado / Único";"N/A";"N/A";"N/A";"";"63106.13";"83";"1856";"8.6";"CLP";"2026-02-24"
"China";"Hong Kong";"Tren MTR Express al aeropuerto de Hong Kong";"https://www.civitatis.com/es/hong-kong/billete-mtr-express-aeropuerto-hong-kong/";"Be My Guest";"natalie.ng@bemyguest.com.sg";"+65 3158 0490";"Bemyguest Pte Ltd | 80 Changi Road, #03-01, The Centropod , Singapur, Singapur";"";"9883.34";"14";"271";"9.6";"CLP";"2026-02-24"
"China";"Hong Kong";"Crucero Symphony of Lights en yate";"https://www.civitatis.com/es/hong-kong/crucero-symphony-lights/";"Oceangogo Company Limited";"partner@oceangogo.hk";"97927430";"Oceangogo Company Limited | Rm 6.2, 6/F, Kwong Kin Trade Centre, 5 Kin Fat Street, Tuen Mun, China";"";"34853.33";"14";"226";"7.9";"CLP";"2026-02-24"
"China";"Hong Kong";"Tour privado por la isla de Hong Kong";"https://www.civitatis.com/es/hong-kong/tour-privado-hong-kong/";"Vive Hong Kong Tours";"lorena@toursenhongkong.com";"+852 6827 4952";"Vive HongKong Limited | Unit 910, 9/F Solo Workshops, 131-132 Connaught Road West, Sai Ying Pun, HongKong , HongKong , China";"";"402415.91";"50";"1351";"9.8";"CLP";"2026-02-24"
"China";"Hong Kong";"Crucero Symphony of Lights en barco tradicional";"https://www.civitatis.com/es/hong-kong/crucero-symphony-of-lights/";"Aqua Luna Hong Kong";"aqualuna@aqua.com.hk";"+852 2854 1813";"Festival Thai Limited | 15/F., Lee West Commercial Building, 375-379 Hennessy Road, Wan Chai, HK, Hong Kong, China";"";"39765.54";"66";"1156";"8.7";"CLP";"2026-02-24"
"China";"Hong Kong";"Tour nocturno por Hong Kong";"https://www.civitatis.com/es/hong-kong/tour-nocturno-hong-kong/";"Vive Hong Kong Tours";"lorena@toursenhongkong.com";"+852 6827 4952";"Vive HongKong Limited | Unit 910, 9/F Solo Workshops, 131-132 Connaught Road West, Sai Ying Pun, HongKong , HongKong , China";"";"86885.25";"6";"227";"10.0";"CLP";"2026-02-24"
"China";"Hong Kong";"Tour por la isla de Hong Kong";"https://www.civitatis.com/es/hong-kong/tour-hong-kong/";"Splendid Tours & Travel";"info@splendid.hk";"+852 23162151";"Splendid Tours & Travel Limited | The Lobby, 2nd Level Sheraton Hong Kong Hotel & Towers 20 Nathan Road, Tsim Sha Tsui, Kowloon, Hong Kong";"";"84209.39";"2";"196";"10.0";"CLP";"2026-02-24"
"China";"Hong Kong";"Autobús turístico de Hong Kong";"https://www.civitatis.com/es/hong-kong/autobus-turistico-hong-kong/";"Big Bus Tours - Hkd";"partnersupport@bigbustours.com";"+44 0 207 976 4339";"Big Bus Tours Ltd | 5th Floor, 110 Buckingham Palace Road, Londres, Reino Unido";"";"47367.78";"43";"717";"8.5";"CLP";"2026-02-24"
"China";"Hong Kong";"Visita guiada por Mong Kok";"https://www.civitatis.com/es/hong-kong/visita-guiada-mong-kok/";"Hong Kong Free Tours";"info@hongkongfreetours.com";"94448472";"Hong Kong Free Tours limited | 18 Pai Shue St., Kowloon, Hong Kong, China";"";"29239.37";"3";"21";"8.7";"CLP";"2026-02-24"
"China";"Hong Kong";"Entrada a Disneyland Hong Kong";"https://www.civitatis.com/es/hong-kong/entrada-disneyland-hong-kong/";"Be My Guest";"natalie.ng@bemyguest.com.sg";"+65 3158 0490";"Bemyguest Pte Ltd | 80 Changi Road, #03-01, The Centropod , Singapur, Singapur";"";"85058.83";"7";"2498";"9.7";"CLP";"2026-02-24"
"China";"Hong Kong";"Tour privado por la isla de Lantau";"https://www.civitatis.com/es/hong-kong/tour-privado-lantau/";"Vive Hong Kong Tours";"lorena@toursenhongkong.com";"+852 6827 4952";"Vive HongKong Limited | Unit 910, 9/F Solo Workshops, 131-132 Connaught Road West, Sai Ying Pun, HongKong , HongKong , China";"";"402415.91";"11";"265";"9.5";"CLP";"2026-02-24"
"China";"Hong Kong";"Ferry a Macao";"https://www.civitatis.com/es/hong-kong/ferry-macao/";"Be My Guest";"natalie.ng@bemyguest.com.sg";"+65 3158 0490";"Bemyguest Pte Ltd | 80 Changi Road, #03-01, The Centropod , Singapur, Singapur";"";"24589.23";"0";"19";"0.0";"CLP";"2026-02-24"
"China";"Hong Kong";"Tour gastronómico por Hong Kong";"https://www.civitatis.com/es/hong-kong/tour-gastronomico-hong-kong/";"Hong Kong Free Tours";"info@hongkongfreetours.com";"94448472";"Hong Kong Free Tours limited | 18 Pai Shue St., Kowloon, Hong Kong, China";"";"46782.99";"5";"48";"8.8";"CLP";"2026-02-24"
"China";"Hong Kong";"Go City: Hong Kong All-Inclusive Pass";"https://www.civitatis.com/es/hong-kong/go-city-hong-kong/";"Go City Usd";"cstradesales@gocity.com";"+1 800 887 9103";"GO CITY LIMITED | 100 High Street Suite 1300, Boston, Estados Unidos";"";"99707.68";"1";"15";"8.0";"CLP";"2026-02-24"
"China";"Hong Kong";"Excursión a Ocean Park";"https://www.civitatis.com/es/hong-kong/excursion-ocean-park/";"Gl Tours Of Hong Kong Limited";"ronald.wu@gltours.com.hk";"+85223687111";"GL Tours of Hong Kong Limited | Room 501, Cheong Hing Building, 72 Nathan Road, TST, KLN, HK, Hong Kong, China";"";"62219.04";"1";"6";"10.0";"CLP";"2026-02-24"
"China";"Hong Kong";"Avistamiento de delfines en Hong Kong";"https://www.civitatis.com/es/hong-kong/avistamiento-delfines-hong-kong/";"Hong Kong Greeters Private Tours";"amy@hkgreeters.com";"85290155307";"Hong Kong Greeters Ltd | RM 42 unit 2 G/F Fo Tan Industrial Centre 26-28 Au Pui Wan Street Fo Tan Shatin, New Territories, China";"";"84794.18";"1";"9";"10.0";"CLP";"2026-02-24"
"China";"Hong Kong";"Go City: Hong Kong Explorer Pass";"https://www.civitatis.com/es/hong-kong/hong-kong-explorer-pass/";"Go City Usd";"cstradesales@gocity.com";"+1 800 887 9103";"GO CITY LIMITED | 100 High Street Suite 1300, Boston, Estados Unidos";"";"99707.68";"0";"35";"0.0";"CLP";"2026-02-24"
"China";"Hong Kong";"Entrada al mirador Sky100";"https://www.civitatis.com/es/hong-kong/entrada-sky100/";"Be My Guest";"natalie.ng@bemyguest.com.sg";"+65 3158 0490";"Bemyguest Pte Ltd | 80 Changi Road, #03-01, The Centropod , Singapur, Singapur";"";"19492.34";"13";"220";"8.9";"CLP";"2026-02-24"
"China";"Pekín";"Excursión a la Gran Muralla China de Mutianyu";"https://www.civitatis.com/es/pekin/excursion-gran-muralla-china/";"Beijing Botrip Tour Holiday Company (Mubus)";"100146019@qq.com";"+86 139 109 412 46";"Beijing Shengda Holiday Travel Agency Co., Ltd. | Room101B, No.2 Building,Yanyue Office Tower, Dongcheng District, Beijing. PR China, Pekín, China";"";"37130.13";"1029";"14014";"9.3";"CLP";"2026-02-24"
"China";"Pekín";"Visita guiada por la Ciudad Prohibida";"https://www.civitatis.com/es/pekin/visita-guiada-ciudad-prohibida/";"Beijing Botrip Tour Holiday Company (Mubus)";"100146019@qq.com";"+86 139 109 412 46";"Beijing Shengda Holiday Travel Agency Co., Ltd. | Room101B, No.2 Building,Yanyue Office Tower, Dongcheng District, Beijing. PR China, Pekín, China";"";"44397.03";"558";"15298";"9.4";"CLP";"2026-02-24"
"China";"Pekín";"Visita guiada por la Ciudad Prohibida";"https://www.civitatis.com/es/pekin/visita-guiada-ciudad-prohibida/";"Free Tours China";"admin@freetourschina.com";"+86 15153629172";"Sun Shuli | 606-7, NO.1 BUILDING, ALLEY 286 HUAYIN ROAD, PUTUO DISTRICT, SHANGHAI, Pekín, China";"";"44397.03";"558";"15298";"9.4";"CLP";"2026-02-24"
"China";"Pekín";"Tour por el Templo del Cielo, el Palacio de Verano y el Templo Lama";"https://www.civitatis.com/es/pekin/templo-cielo-palacio-verano/";"Beijing Botrip Tour Holiday Company (Mubus)";"100146019@qq.com";"+86 139 109 412 46";"Beijing Shengda Holiday Travel Agency Co., Ltd. | Room101B, No.2 Building,Yanyue Office Tower, Dongcheng District, Beijing. PR China, Pekín, China";"";"59673.43";"115";"1337";"9.3";"CLP";"2026-02-24"
"China";"Pekín";"¿Escala en Pekín? Tour privado desde el aeropuerto";"https://www.civitatis.com/es/pekin/escala-pekin/";"Beijing Jack Won Private Tours";"pgbeijing@hotmail.com";"0086 18010168929";"Jack Won Private Tours, Beijing Refendo International Tours Co.LTD | Branch Room 310 Building 9, No .7 Songyubeilu, Chaoyang District ,Beijing, Pekín, China";"";"270441.78";"117";"2246";"7.6";"CLP";"2026-02-24"
"China";"Pekín";"Entradas al Palacio de Verano";"https://www.civitatis.com/es/pekin/entradas-palacio-verano/";"Andy Lee Guilin Private Tour";"andy_lee2006@126.com";"0086 13667866606";"Guilin Yuntong Intl.Travel Service Co.,Ltd | No.12 Lane,Shengshan Road,Yangshuo, Guilin, China";"";"6493.52";"1";"165";"10.0";"CLP";"2026-02-24"
"China";"Pekín";"Excursión privada a la Gran Muralla China";"https://www.civitatis.com/es/pekin/excursion-privada-gran-muralla-china/";"Beijing Jack Won Private Tours";"pgbeijing@hotmail.com";"0086 18010168929";"Jack Won Private Tours, Beijing Refendo International Tours Co.LTD | Branch Room 310 Building 9, No .7 Songyubeilu, Chaoyang District ,Beijing, Pekín, China";"";"262759.3";"532";"8922";"8.4";"CLP";"2026-02-24"
"China";"Pekín";"Traslados en Pekín";"https://www.civitatis.com/es/pekin/traslados/";"No especificado / Único";"N/A";"N/A";"N/A";"";"32924.93";"483";"9002";"8.7";"CLP";"2026-02-24"
"China";"Pekín";"Tour privado: Top 3 de Pekín en un día";"https://www.civitatis.com/es/pekin/pekin-en-un-dia/";"Beijing Jack Won Private Tours";"pgbeijing@hotmail.com";"0086 18010168929";"Jack Won Private Tours, Beijing Refendo International Tours Co.LTD | Branch Room 310 Building 9, No .7 Songyubeilu, Chaoyang District ,Beijing, Pekín, China";"";"219499.59";"375";"5580";"8.4";"CLP";"2026-02-24"
"China";"Pekín";"Entradas a la plaza de Tiananmén con acceso prioritario";"https://www.civitatis.com/es/pekin/entradas-plaza-tiananmen/";"Andy Lee Guilin Private Tour";"andy_lee2006@126.com";"0086 13667866606";"Guilin Yuntong Intl.Travel Service Co.,Ltd | No.12 Lane,Shengshan Road,Yangshuo, Guilin, China";"";"3219.32";"2";"248";"10.0";"CLP";"2026-02-24"
"China";"Pekín";"Entradas al Templo del Cielo";"https://www.civitatis.com/es/pekin/entradas-templo-cielo/";"Andy Lee Guilin Private Tour";"andy_lee2006@126.com";"0086 13667866606";"Guilin Yuntong Intl.Travel Service Co.,Ltd | No.12 Lane,Shengshan Road,Yangshuo, Guilin, China";"";"7682.48";"2";"210";"10.0";"CLP";"2026-02-24"
"China";"Pekín";"Visita guiada por Pekín";"https://www.civitatis.com/es/pekin/visita-guiada-pekin/";"Descubregranchina";"xyunalba@gmail.com";"+86 15153629172";"Xu Yun | 336, Xibaozhuang, calle Xincheng. Kuiwen, Weifang. , Weifang, China";"";"17011.21";"0";"33";"0.0";"CLP";"2026-02-24"
"China";"Pekín";"Gran Muralla de Mutianyu + Ciudad Prohibida o Palacio de Verano";"https://www.civitatis.com/es/pekin/gran-muralla-china-ciudad-prohibida/";"Beijing Yongping International Travel Service Co, Ltd.";"busdatours@qq.com";"+86 13581934419";"Beijing Yongping International Travel Service Co, Ltd | B-1706, No. 1 Shuguangxili, Chaoyang District, Beijing, Pekín, China";"";"23630.67";"88";"1637";"9.2";"CLP";"2026-02-24"
"China";"Pekín";"Gran Muralla de Mutianyu + Ciudad Prohibida o Palacio de Verano";"https://www.civitatis.com/es/pekin/gran-muralla-china-ciudad-prohibida/";"Beijing Botrip Tour Holiday Company (Mubus)";"100146019@qq.com";"+86 139 109 412 46";"Beijing Shengda Holiday Travel Agency Co., Ltd. | Room101B, No.2 Building,Yanyue Office Tower, Dongcheng District, Beijing. PR China, Pekín, China";"";"23630.67";"88";"1637";"9.2";"CLP";"2026-02-24"
"China";"Pekín";"Tour privado por Tiananmen, la Ciudad Prohibida y los hutongs";"https://www.civitatis.com/es/pekin/tiananmen-ciudad-prohibida-hutongs/";"Beijing Jack Won Private Tours";"pgbeijing@hotmail.com";"0086 18010168929";"Jack Won Private Tours, Beijing Refendo International Tours Co.LTD | Branch Room 310 Building 9, No .7 Songyubeilu, Chaoyang District ,Beijing, Pekín, China";"";"231023.31";"76";"2735";"8.3";"CLP";"2026-02-24"
"China";"Pekín";"Tour nocturno por Pekín";"https://www.civitatis.com/es/pekin/tour-nocturno-pekin/";"Beijing Botrip Tour Holiday Company (Mubus)";"100146019@qq.com";"+86 139 109 412 46";"Beijing Shengda Holiday Travel Agency Co., Ltd. | Room101B, No.2 Building,Yanyue Office Tower, Dongcheng District, Beijing. PR China, Pekín, China";"";"6630.38";"9";"213";"9.8";"CLP";"2026-02-24"
"China";"Pekín";"Excursión a la Gran Muralla China de Jinshanling";"https://www.civitatis.com/es/pekin/trekking-muralla-jinshanling/";"Beijing Net Trust Travel Co., Ltd.";"judy@zanbus.com";"+8613810518761";"Beijing Net Trust Travel Co., Ltd. | Rm 416, Tower A, Qifa Plaza, Chaoyang, 100029 Beijing, China, Pekín, China";"";"40657.49";"19";"183";"8.7";"CLP";"2026-02-24"
"China";"Pekín";"Free tour por Pekín";"https://www.civitatis.com/es/pekin/free-tour-pekin/";"Free Tours China";"info@freetourschina.com";"+84 905 699 377";"FreetourAsia | 606 No.1 Bld, 286 Alley Huayin Road, Shanghai,China, Shanghái, China";"";"0.0";"198";"6027";"8.7";"CLP";"2026-02-24"
"China";"Pekín";"Tour privado de los contrastes de Pekín";"https://www.civitatis.com/es/pekin/contrastes-pekin/";"Beijing Jack Won Private Tours";"pgbeijing@hotmail.com";"0086 18010168929";"Jack Won Private Tours, Beijing Refendo International Tours Co.LTD | Branch Room 310 Building 9, No .7 Songyubeilu, Chaoyang District ,Beijing, Pekín, China";"";"231846.44";"36";"680";"7.4";"CLP";"2026-02-24"
"China";"Pekín";"Cena tradicional + Espectáculo de ópera de Pekín";"https://www.civitatis.com/es/pekin/cena-pato-espectaculo-red-theatre/";"Panda Tourism Co., Ltd";"pandaupup333@163.com";"8618911402784";"HUA HUA EXPLORE CHINA | Nanhebei Road, Gaoxin Street, Chengguan District Room 3301, 33rd Floor, 608. Gansu, Lanzhou ZIP code：730000, Lanzhou, China";"";"60591.03";"5";"98";"8.0";"CLP";"2026-02-24"
"China";"Pekín";"Entradas al Templo de los Lamas";"https://www.civitatis.com/es/pekin/palacio-verano-templo-lamas/";"Andy Lee Guilin Private Tour";"andy_lee2006@126.com";"0086 13667866606";"Guilin Yuntong Intl.Travel Service Co.,Ltd | No.12 Lane,Shengshan Road,Yangshuo, Guilin, China";"";"7280.06";"1";"46";"10.0";"CLP";"2026-02-24"
"China";"Pekín";"Free tour por el Pekín tradicional";"https://www.civitatis.com/es/pekin/free-tour-pekin-tradicional/";"April";"haoma85@126.com";"+8613581620428";"Zhang Hao | Chaoyang District Beijing, Pekín, China";"";"0.0";"4";"265";"9.5";"CLP";"2026-02-24"
"China";"Pekín";"Tour por los hutongs de Pekín";"https://www.civitatis.com/es/pekin/visita-guiada-hutongs-pekin/";"Beijing Botrip Tour Holiday Company (Mubus)";"100146019@qq.com";"+86 139 109 412 46";"Beijing Shengda Holiday Travel Agency Co., Ltd. | Room101B, No.2 Building,Yanyue Office Tower, Dongcheng District, Beijing. PR China, Pekín, China";"";"6630.38";"18";"767";"9.7";"CLP";"2026-02-24"
"China";"Pekín";"Excursión a la Gran Muralla China de Badaling";"https://www.civitatis.com/es/pekin/excursion-gran-muralla-badaling/";"Chinatraveldepot";"liuy@cyts-intl.com";"0086-10-89192109";"CYTS International Travel Co., Ltd. | 19F CYTS Plaza, NO.5, Dongzhimen South Avenue, Dongcheng District, Beijing 100007, China, Pekín, China";"";"19206.21";"0";"15";"0.0";"CLP";"2026-02-24"
"China";"Pekín";"Tour privado por el Templo del Cielo y el Palacio de Verano";"https://www.civitatis.com/es/pekin/tour-privado-templo-cielo-palacio-verano/";"Beijing Jack Won Private Tours";"pgbeijing@hotmail.com";"0086 18010168929";"Jack Won Private Tours, Beijing Refendo International Tours Co.LTD | Branch Room 310 Building 9, No .7 Songyubeilu, Chaoyang District ,Beijing, Pekín, China";"";"231846.44";"54";"920";"7.9";"CLP";"2026-02-24"
"China";"Pekín";"Espectáculo acrobático en el Teatro Qinlegong";"https://www.civitatis.com/es/pekin/espectaculo-acrobatico-chaoyang/";"Panda Tourism Co., Ltd";"pandaupup333@163.com";"8618911402784";"HUA HUA EXPLORE CHINA | Nanhebei Road, Gaoxin Street, Chengguan District Room 3301, 33rd Floor, 608. Gansu, Lanzhou ZIP code：730000, Lanzhou, China";"";"22864.54";"23";"336";"9.3";"CLP";"2026-02-24"
"China";"Pekín";"Excursión privada a la Gran Muralla China de Simatai y Ciudad del Agua de Gubei";"https://www.civitatis.com/es/pekin/excursion-privada-gran-muralla-gubei/";"Lotto Trip";"lotto_trip@163.com";"15101004303";"Beijing Jingjian International Travel Agency Co., Ltd. | Building 6, No. 25, Jiuqiao Road, Daxing District, Pekín, China";"";"410951.02";"19";"385";"7.5";"CLP";"2026-02-24"
"China";"Pekín";"Tour privado de compras por Pekín";"https://www.civitatis.com/es/pekin/tour-compras-pekin/";"Beijing Jack Won Private Tours";"pgbeijing@hotmail.com";"0086 18010168929";"Jack Won Private Tours, Beijing Refendo International Tours Co.LTD | Branch Room 310 Building 9, No .7 Songyubeilu, Chaoyang District ,Beijing, Pekín, China";"";"231846.44";"18";"236";"8.2";"CLP";"2026-02-24"
"China";"Pekín";"Tour privado por el mercado nocturno de Nanluoguxiang";"https://www.civitatis.com/es/pekin/tour-mercado-nocturno-nanluoguxiang/";"Beijing Jack Won Private Tours";"pgbeijing@hotmail.com";"0086 18010168929";"Jack Won Private Tours, Beijing Refendo International Tours Co.LTD | Branch Room 310 Building 9, No .7 Songyubeilu, Chaoyang District ,Beijing, Pekín, China";"";"182916.32";"3";"158";"9.3";"CLP";"2026-02-24"
"China";"Pekín";"Entrada a Universal Studios Beijing";"https://www.civitatis.com/es/pekin/entrada-universal-studios-beijing/";"Guangzhou Zhiwooyou Travel Agency Co., Ltd.";"wangwei@zowoyoo.cn";"";"Guangzhou Zhiwooyou Travel Agency Co., Ltd. | 3-08, Yangcheng Creative Industry Park, Huangpu Avenue Middle, Tianhe District, Guangzhou, Cantón, China";"";"135259.77";"1";"129";"10.0";"CLP";"2026-02-24"
"China";"Pekín";"Tour privado por el Museo de la Capital y el Templo de Confucio";"https://www.civitatis.com/es/pekin/tour-privado-pekin/";"Beijing Jack Won Private Tours";"pgbeijing@hotmail.com";"0086 18010168929";"Jack Won Private Tours, Beijing Refendo International Tours Co.LTD | Branch Room 310 Building 9, No .7 Songyubeilu, Chaoyang District ,Beijing, Pekín, China";"";"231846.44";"5";"215";"6.4";"CLP";"2026-02-24"
"China";"Pekín";"Tarjeta eSIM con Internet para China";"https://www.civitatis.com/es/pekin/tarjeta-esim-china/";"Xplori";"go@xplori.world";"+84852186217";"WM&B Limited | 93-97 Des Voeux Road West, Hong Kong Island, China";"";"27894.73";"11";"96";"7.5";"CLP";"2026-02-24"
"China";"Pekín";"Pekín y Shanghái en 7 días";"https://www.civitatis.com/es/pekin/pekin-shanghai-7-dias/";"Cits Guilin";"lucas@viajedechina.com";"+86 18677361606";"China International Travel Service Co, Ltd | Nº8, NanHuan Road, GuiLin, China, Guilin, China";"";"1279225.32";"6";"45";"8.0";"CLP";"2026-02-24"
"China";"Pekín";"Tour en scooter o en bicicleta eléctrica por Pekín";"https://www.civitatis.com/es/pekin/tour-bicicleta-electrica-pekin/";"Our Beijing";"dominic.decouto@outlook.com";"+86 18501085414";"PESAJE (BEIJING) CONSULTING CO, LTD | Edificio 3, No.30 Min Street distrito de Shijingshan, Beijing, Pekín, China";"";"56338.22";"2";"30";"10.0";"CLP";"2026-02-24"
"China";"Pekín";"Pekín, Shanghái, Xián y Guilin en 12 días";"https://www.civitatis.com/es/pekin/pekin-shanghai-xian-guilin-12-dias/";"Cits Guilin";"lucas@viajedechina.com";"+86 18677361606";"China International Travel Service Co, Ltd | Nº8, NanHuan Road, GuiLin, China, Guilin, China";"";"2070338.43";"0";"24";"0.0";"CLP";"2026-02-24"
"China";"Pekín";"Excursión privada a Tianjin";"https://www.civitatis.com/es/pekin/excursion-privada-tianjin/";"Beijing Jack Won Private Tours";"pgbeijing@hotmail.com";"0086 18010168929";"Jack Won Private Tours, Beijing Refendo International Tours Co.LTD | Branch Room 310 Building 9, No .7 Songyubeilu, Chaoyang District ,Beijing, Pekín, China";"";"411561.73";"0";"14";"0.0";"CLP";"2026-02-24"
"China";"Pekín";"Tour privado en moto con sidecar por Pekín";"https://www.civitatis.com/es/pekin/tour-moto-sidecar-pekin/";"Beijing Sidecar Tours";"yu_zejuan@aliyun.com";"+8613901208815";"Zhang yu | Guanganmennanjie, Xicheng, Pekín, China";"";"100603.97";"2";"10";"10.0";"CLP";"2026-02-24"
"China";"Pekín";"Excursión privada a la Gran Muralla China de Huangyaguan y las Tumbas Qing";"https://www.civitatis.com/es/pekin/excursion-huangyaguan-tumbas-qing/";"Discover Beijing Tours";"chineseqing_2008@hotmail.com";"13522069857";"Discover Beijing Tours | 900 West Zhujiabao Village nº 2. 3629 third floor building 101, Tongzhou, Beijing, Pekín, China";"";"418421.09";"1";"8";"10.0";"CLP";"2026-02-24"
"China";"Pekín";"Excursión privada a las Tumbas Ming y Longqing Gorge";"https://www.civitatis.com/es/pekin/excursion-tumbas-ming-longqing-gorge/";"Catherine Lu Tours";"book@catherinelutours.com";"+86 18551151099";"Lu Xuehua | Shaoyaoju Beili Building 313 room 503, Chaoyang district,   Beijing, PRC, Pekín, China";"";"345711.85";"0";"12";"0.0";"CLP";"2026-02-24"
"China";"Pekín";"Excursión a la Gran Muralla China de Huanghuacheng";"https://www.civitatis.com/es/pekin/excursion-gran-muralla-huanghuacheng/";"Beijing Botrip Tour Holiday Company (Mubus)";"100146019@qq.com";"+86 139 109 412 46";"Beijing Shengda Holiday Travel Agency Co., Ltd. | Room101B, No.2 Building,Yanyue Office Tower, Dongcheng District, Beijing. PR China, Pekín, China";"";"46412.66";"18";"173";"9.7";"CLP";"2026-02-24"
"China";"Shanghái";"Excursión a Zhujiajiao";"https://www.civitatis.com/es/shanghai/excursion-zhujiajiao/";"Jiayong International Limited- China Bonita";"oficina@chinabonita.com";"+86 21 66051256";"China Bonita Limited | ROOM 23F, NO.1,XUE QIAN JIE,LIANGXI DISTRICT,WUXI, JIANGSU, China";"";"89628.99";"34";"401";"9.1";"CLP";"2026-02-24"
"China";"Shanghái";"Tour de Shanghái al completo con entradas";"https://www.civitatis.com/es/shanghai/visita-guiada-shanghai/";"Jiayong International Limited- China Bonita";"oficina@chinabonita.com";"+86 21 66051256";"China Bonita Limited | ROOM 23F, NO.1,XUE QIAN JIE,LIANGXI DISTRICT,WUXI, JIANGSU, China";"";"89628.99";"60";"860";"9.4";"CLP";"2026-02-24"
"China";"Shanghái";"Free tour por Shanghái";"https://www.civitatis.com/es/shanghai/free-tour-shanghai/";"Free Tours China";"info@freetourschina.com";"+84 905 699 377";"FreetourAsia | 606 No.1 Bld, 286 Alley Huayin Road, Shanghai,China, Shanghái, China";"";"0.0";"603";"13681";"9.5";"CLP";"2026-02-24"
"China";"Shanghái";"Tour privado por el Shanghái histórico";"https://www.civitatis.com/es/shanghai/tour-privado-shanghai/";"Jiayong International Limited- China Bonita";"oficina@chinabonita.com";"+86 21 66051256";"China Bonita Limited | ROOM 23F, NO.1,XUE QIAN JIE,LIANGXI DISTRICT,WUXI, JIANGSU, China";"";"320103.57";"236";"4114";"9.3";"CLP";"2026-02-24"
"China";"Shanghái";"Traslados en Shanghái";"https://www.civitatis.com/es/shanghai/traslados/";"No especificado / Único";"N/A";"N/A";"N/A";"";"28352.03";"313";"6875";"9.3";"CLP";"2026-02-24"
"China";"Shanghái";"Excursión privada a Suzhou";"https://www.civitatis.com/es/shanghai/excursion-privada-suzhou/";"Jiayong International Limited- China Bonita";"oficina@chinabonita.com";"+86 21 66051256";"China Bonita Limited | ROOM 23F, NO.1,XUE QIAN JIE,LIANGXI DISTRICT,WUXI, JIANGSU, China";"";"523140.69";"71";"1087";"8.6";"CLP";"2026-02-24"
"China";"Shanghái";"Paseo en barco por el río Huangpu";"https://www.civitatis.com/es/shanghai/paseo-barco-rio-huangpu/";"Reotrip Technology Limited";"norman@reotrip.com";"+852 3428 8182";"Reotrip Technology Limited | Room 5003, Floor 5, Yau Lee Centre, 45 Hoi Yuen Road, Kwun Tong, Kowloon, Hong Kong, Hong Kong, Hong Kong";"";"20906.15";"7";"180";"8.3";"CLP";"2026-02-24"
"China";"Shanghái";"Entrada al Jardín Yuyuan";"https://www.civitatis.com/es/shanghai/entrada-jardin-yuyuan/";"Reotrip Technology Limited";"norman@reotrip.com";"+852 3428 8182";"Reotrip Technology Limited | Room 5003, Floor 5, Yau Lee Centre, 45 Hoi Yuen Road, Kwun Tong, Kowloon, Hong Kong, Hong Kong, Hong Kong";"";"6666.57";"3";"229";"8.0";"CLP";"2026-02-24"
"China";"Shanghái";"Tour privado por el Shanghái actual";"https://www.civitatis.com/es/shanghai/visita-guiada-shanghai-actual/";"Jiayong International Limited- China Bonita";"oficina@chinabonita.com";"+86 21 66051256";"China Bonita Limited | ROOM 23F, NO.1,XUE QIAN JIE,LIANGXI DISTRICT,WUXI, JIANGSU, China";"";"320103.57";"90";"1533";"9.1";"CLP";"2026-02-24"
"China";"Shanghái";"Tour por el Shanghái comunista";"https://www.civitatis.com/es/shanghai/tour-shanghai-comunista/";"Shanghai Yifanfengshun Network Co., Ltd.";"pengyf820@gmail.com";"15618652158";"Shanghai Yifanfengshun Network Technolgy Co., Ltd. | 3rd floor, no. 6, Lane 1688, Cuizhu Road, Chengqiao Town, Dist. Chongming, Shanghái, China";"";"51982.18";"2";"18";"10.0";"CLP";"2026-02-24"
"China";"Shanghái";"Free tour por el Shanghái tradicional";"https://www.civitatis.com/es/shanghai/free-tour-shanghai-tradicional/";"Memola Free Walking Tour";"longgjiee@163.com";"+8613101357923";"Long Jie | shanghai dingxi road, Shanghái, China";"";"0.0";"80";"1521";"9.9";"CLP";"2026-02-24"
"China";"Shanghái";"Excursión privada a Zhujiajiao";"https://www.civitatis.com/es/shanghai/excursion-privada-zhujiajiao/";"Jiayong International Limited- China Bonita";"oficina@chinabonita.com";"+86 21 66051256";"China Bonita Limited | ROOM 23F, NO.1,XUE QIAN JIE,LIANGXI DISTRICT,WUXI, JIANGSU, China";"";"379551.37";"47";"844";"9.5";"CLP";"2026-02-24"
"China";"Shanghái";"Tour gastronómico por Shanghái";"https://www.civitatis.com/es/shanghai/tour-gastronomico-nocturno/";"Shanghai Yifanfengshun Network Co., Ltd.";"pengyf820@gmail.com";"15618652158";"Shanghai Yifanfengshun Network Technolgy Co., Ltd. | 3rd floor, no. 6, Lane 1688, Cuizhu Road, Chengqiao Town, Dist. Chongming, Shanghái, China";"";"56623.45";"8";"99";"9.3";"CLP";"2026-02-24"
"China";"Shanghái";"Crucero nocturno por Shanghái + Tour por Nanjing Road";"https://www.civitatis.com/es/shanghai/paseo-barco-shanghai/";"Shanghai Han Tang Tour";"ming@hantangtour.com";"+86 21 61508061 24";"Shanghai Hantang International Tourism Co. Ltd | Suite 2010, Liulin Plaza, No. 2 Huaihai Middle Road, Shanghái, China";"";"72251.94";"41";"691";"7.3";"CLP";"2026-02-24"
"China";"Shanghái";"Free tour por la Concesión Francesa de Shanghái";"https://www.civitatis.com/es/shanghai/free-tour-concesion-francesa/";"Free Tours China";"info@freetourschina.com";"+84 905 699 377";"FreetourAsia | 606 No.1 Bld, 286 Alley Huayin Road, Shanghai,China, Shanghái, China";"";"0.0";"127";"2507";"9.4";"CLP";"2026-02-24"
"China";"Shanghái";"Tour nocturno por el Bund";"https://www.civitatis.com/es/shanghai/tour-nocturno-bund/";"Tripbento Pte. Ltd.";"thirtyfive@163.com";"+8618816516542";"Tripbento Pte. Ltd. | 68 Circular Road, #02-01, Singapur, Singapur";"";"11984.18";"0";"9";"0.0";"CLP";"2026-02-24"
"China";"Shanghái";"Show acrobático ERA: The Journey of Time 2";"https://www.civitatis.com/es/shanghai/era-shanghai-circus-world/";"Guangzhou Zhiwooyou Travel Agency Co., Ltd.";"wangwei@zowoyoo.cn";"";"Guangzhou Zhiwooyou Travel Agency Co., Ltd. | 3-08, Yangcheng Creative Industry Park, Huangpu Avenue Middle, Tianhe District, Guangzhou, Cantón, China";"";"40611.08";"40";"1012";"7.9";"CLP";"2026-02-24"
"China";"Shanghái";"Excursión privada a Hangzhou";"https://www.civitatis.com/es/shanghai/excursion-hangzhou/";"Jiayong International Limited- China Bonita";"oficina@chinabonita.com";"+86 21 66051256";"China Bonita Limited | ROOM 23F, NO.1,XUE QIAN JIE,LIANGXI DISTRICT,WUXI, JIANGSU, China";"";"548748.97";"26";"618";"8.3";"CLP";"2026-02-24"
"China";"Shanghái";"Excursión privada a Zhouzhuang";"https://www.civitatis.com/es/shanghai/excursion-zhouzhuang/";"Jiayong International Limited- China Bonita";"oficina@chinabonita.com";"+86 21 66051256";"China Bonita Limited | ROOM 23F, NO.1,XUE QIAN JIE,LIANGXI DISTRICT,WUXI, JIANGSU, China";"";"444486.67";"15";"301";"9.2";"CLP";"2026-02-24"
"China";"Shanghái";"¿Escala en Shanghái? Tour privado desde el aeropuerto";"https://www.civitatis.com/es/shanghai/escala-shanghai/";"Jiayong International Limited- China Bonita";"oficina@chinabonita.com";"+86 21 66051256";"China Bonita Limited | ROOM 23F, NO.1,XUE QIAN JIE,LIANGXI DISTRICT,WUXI, JIANGSU, China";"";"444212.29";"19";"509";"9.3";"CLP";"2026-02-24"
"China";"Shanghái";"Tarjeta eSIM con Internet para China";"https://www.civitatis.com/es/shanghai/tarjeta-esim-china/";"Xplori";"go@xplori.world";"+84852186217";"WM&B Limited | 93-97 Des Voeux Road West, Hong Kong Island, China";"";"27894.73";"11";"96";"7.5";"CLP";"2026-02-24"
"China";"Shanghái";"Tour en bicicleta por Shanghái";"https://www.civitatis.com/es/shanghai/tour-bicicleta-shanghai/";"Mayfer";"mayferwan@126.com";"+86 186162535852";"Shangai Lightning Tourism Information Consultant | 101, unidad 5, Edificio 8-2 sección este de Xincheng Road. Shuncheng, ciudad de Fushun., Fushun, China";"";"43899.91";"4";"37";"10.0";"CLP";"2026-02-24"
"China";"Shanghái";"Pub Crawl ¡Tour de fiesta por Shanghái!";"https://www.civitatis.com/es/shanghai/pub-crawl-shanghai/";"Shanghai Pub Crawl";"wtrforaccount@126.com";"8618101241515";"Wang Tuoran | Pudong New District, Pucheng Rd No. 580, Unit 23, Room 601, Shanghái, China";"";"19648.85";"1";"10";"8.0";"CLP";"2026-02-24"
"China";"Shanghái";"Entradas para la Fórmula 1: Chinese Grand Prix 2026";"https://www.civitatis.com/es/shanghai/entradas-formula-1-shanghai/";"Be My Guest";"natalie.ng@bemyguest.com.sg";"+65 3158 0490";"Bemyguest Pte Ltd | 80 Changi Road, #03-01, The Centropod , Singapur, Singapur";"";"128505.1";"0";"0";"0.0";"CLP";"2026-02-24"
"China";"Shanghái";"Tour privado de la cultura judía de Shanghái";"https://www.civitatis.com/es/shanghai/tour-cultura-judia-shanghai/";"Shanghai Han Tang Tour";"ming@hantangtour.com";"+86 21 61508061 24";"Shanghai Hantang International Tourism Co. Ltd | Suite 2010, Liulin Plaza, No. 2 Huaihai Middle Road, Shanghái, China";"";"143589.31";"0";"3";"0.0";"CLP";"2026-02-24"
"China";"Xián";"Excursión a los Guerreros de Terracota con entradas";"https://www.civitatis.com/es/xian/excursion-guerreros-terracota/";"Jiayong International Limited- China Bonita";"oficina@chinabonita.com";"+86 21 66051256";"China Bonita Limited | ROOM 23F, NO.1,XUE QIAN JIE,LIANGXI DISTRICT,WUXI, JIANGSU, China";"";"100043.17";"29";"477";"8.8";"CLP";"2026-02-24"
"China";"Xián";"Entrada al Museo de los Guerreros de Terracota";"https://www.civitatis.com/es/xian/entrada-museo-guerreros-terracota/";"Xian Dragon Trips International Travel Service Co., Ltd";"inquiry@terracottawarriorstour.com";"8618049016018";"Xian Dragon Trips international Travel Service Co., Ltd | Zhu Que Nan Lu Yanta Xian, Shaanxi, 710010 China, Xián, China";"";"27375.44";"75";"1757";"8.6";"CLP";"2026-02-24"
"China";"Xián";"Excursión privada a los Guerreros de Terracota + Muralla de Xián";"https://www.civitatis.com/es/xian/guerreros-terracota-muralla-xian/";"China Xian Tour";"info@chinaxiantour.com";"+8618792910029";"XI`AN JOY TRAVEL SERVICE CO.，LTD | Room 1104, Building C, Morden City, Keji 5th Road, Gaoxin District, Xián, China";"";"230371.73";"18";"231";"9.9";"CLP";"2026-02-24"
"China";"Xián";"Excursión privada a los Guerreros de Terracota";"https://www.civitatis.com/es/xian/excursion-privada-guerreros-terracota/";"Jiayong International Limited- China Bonita";"oficina@chinabonita.com";"+86 21 66051256";"China Bonita Limited | ROOM 23F, NO.1,XUE QIAN JIE,LIANGXI DISTRICT,WUXI, JIANGSU, China";"";"240285.5";"107";"1636";"9.4";"CLP";"2026-02-24"
"China";"Xián";"Traslados en Xián";"https://www.civitatis.com/es/xian/traslados/";"No especificado / Único";"N/A";"N/A";"N/A";"";"26980.15";"53";"763";"8.8";"CLP";"2026-02-24"
"China";"Xián";"Tour privado por Xián + Guerreros de Terracota";"https://www.civitatis.com/es/xian/tour-guerreros-xian/";"Jiayong International Limited- China Bonita";"oficina@chinabonita.com";"+86 21 66051256";"China Bonita Limited | ROOM 23F, NO.1,XUE QIAN JIE,LIANGXI DISTRICT,WUXI, JIANGSU, China";"";"337782.12";"127";"1925";"9.1";"CLP";"2026-02-24"
"China";"Xián";"Visita guiada privada por Xián con guía en español";"https://www.civitatis.com/es/xian/visita-guiada-xian/";"Jiayong International Limited- China Bonita";"oficina@chinabonita.com";"+86 21 66051256";"China Bonita Limited | ROOM 23F, NO.1,XUE QIAN JIE,LIANGXI DISTRICT,WUXI, JIANGSU, China";"";"259839.39";"11";"272";"8.9";"CLP";"2026-02-24"
"China";"Xián";"Cena china con espectáculo folclórico en Xián";"https://www.civitatis.com/es/xian/cena-espectaculo-tangle-palace/";"China Xian Tour";"info@chinaxiantour.com";"+8618792910029";"XI`AN JOY TRAVEL SERVICE CO.，LTD | Room 1104, Building C, Morden City, Keji 5th Road, Gaoxin District, Xián, China";"";"131640.99";"1";"110";"10.0";"CLP";"2026-02-24"
"China";"Xián";"Excursión privada al Monte Huashan";"https://www.civitatis.com/es/xian/excursion-monte-huashan/";"China Xian Tour";"info@chinaxiantour.com";"+8618792910029";"XI`AN JOY TRAVEL SERVICE CO.，LTD | Room 1104, Building C, Morden City, Keji 5th Road, Gaoxin District, Xián, China";"";"325811.46";"4";"123";"9.5";"CLP";"2026-02-24"
"China";"Xián";"Tarjeta eSIM con Internet para China";"https://www.civitatis.com/es/xian/tarjeta-esim-china/";"Xplori";"go@xplori.world";"+84852186217";"WM&B Limited | 93-97 Des Voeux Road West, Hong Kong Island, China";"";"27739.24";"11";"96";"7.5";"CLP";"2026-02-24"
"China";"Xián";"Excursión privada a los Guerreros de Terracota desde el aeropuerto";"https://www.civitatis.com/es/xian/excursion-guerreros-terracota-aeropuerto/";"China Xian Tour";"info@chinaxiantour.com";"+8618792910029";"XI`AN JOY TRAVEL SERVICE CO.，LTD | Room 1104, Building C, Morden City, Keji 5th Road, Gaoxin District, Xián, China";"";"312318.25";"3";"24";"10.0";"CLP";"2026-02-24"
"China";"Xián";"Tour gastronómico privado por el barrio musulmán";"https://www.civitatis.com/es/xian/tour-gastronomico-barrio-musulman/";"China Xian Tour";"info@chinaxiantour.com";"+8618792910029";"XI`AN JOY TRAVEL SERVICE CO.，LTD | Room 1104, Building C, Morden City, Keji 5th Road, Gaoxin District, Xián, China";"";"98730.74";"0";"14";"0.0";"CLP";"2026-02-24"
"China";"Xián";"Excursión privada a los Guerreros de Terracota y Casas cueva";"https://www.civitatis.com/es/xian/xian-guerreros-terracota-casas-cueva/";"China Xian Tour";"info@chinaxiantour.com";"+8618792910029";"XI`AN JOY TRAVEL SERVICE CO.，LTD | Room 1104, Building C, Morden City, Keji 5th Road, Gaoxin District, Xián, China";"";"284344.54";"0";"13";"0.0";"CLP";"2026-02-24"
"China";"Xián";"Excursión privada al Templo Famen y aldea Yuanjiacun";"https://www.civitatis.com/es/xian/excursion-templo-famen-aldea-yuanjiacun/";"China Xian Tour";"info@chinaxiantour.com";"+8618792910029";"XI`AN JOY TRAVEL SERVICE CO.，LTD | Room 1104, Building C, Morden City, Keji 5th Road, Gaoxin District, Xián, China";"";"309356.33";"1";"13";"10.0";"CLP";"2026-02-24"
"China";"Xián";"Excursión privada al Templo Famen y Mausoleo de Qianling";"https://www.civitatis.com/es/xian/excursion-templo-famen-mausoleo-qianling/";"China Xian Tour";"info@chinaxiantour.com";"+8618792910029";"XI`AN JOY TRAVEL SERVICE CO.，LTD | Room 1104, Building C, Morden City, Keji 5th Road, Gaoxin District, Xián, China";"";"325811.46";"1";"2";"10.0";"CLP";"2026-02-24"
"China";"Xián";"Tour privado por el Mausoleo Han Yang Ling y Museo de ShanXi";"https://www.civitatis.com/es/xian/mausoleo-han-yang-ling-museo-shanxi/";"China Xian Tour";"info@chinaxiantour.com";"+8618792910029";"XI`AN JOY TRAVEL SERVICE CO.，LTD | Room 1104, Building C, Morden City, Keji 5th Road, Gaoxin District, Xián, China";"";"259990.96";"0";"1";"0.0";"CLP";"2026-02-24"
"China";"Xián";"Entradas para el espectáculo Legend of the Camel Bell";"https://www.civitatis.com/es/xian/entradas-legend-camel-bell/";"Talktome";"jackfranknew@gmail.com";"15300260773";"LAOWAILISTEN TO YOU TECHNOLOGY (BEIJING)CO..LTD. | No. B-240, 3rd Floor, No. 48 Haidian West Street, Haidian District, Beijing, Pekín, China";"";"35106.05";"0";"0";"0.0";"CLP";"2026-02-24"
"China";"Chengdú";"Excursión privada al Gran Buda de Leshan + Reserva de pandas";"https://www.civitatis.com/es/chengdu/excursion-privada-gran-buda-pandas/";"Guia Pablo";"brook0627@hotmail.com";"+86 15881156093";"LI MINGXIANG | No.6,calle qianfeng, Chengdú, China";"";"384562.1";"9";"127";"9.6";"CLP";"2026-02-24"
"China";"Chengdú";"Excursión al Gran Buda de Leshan + Reserva de pandas";"https://www.civitatis.com/es/chengdu/gran-buda-leshan-reserva-pandas/";"Chengdu B2B Travel Service Co.,ltd";"contact@travelsichuanguide.com";"+86-18086842467";"CHENGDU B2B TRAVEL SERVICE CO.,LTD | CHENGDU, Jiaozi Avenue, nº 500, E1, nº 437 4º CHENGDU, China";"";"80890.65";"20";"407";"8.8";"CLP";"2026-02-24"
"China";"Chengdú";"Excursión privada al monte Qingcheng y Dujiangyan";"https://www.civitatis.com/es/chengdu/excursion-privada-qingcheng-dujiangyan/";"Guia Pablo";"brook0627@hotmail.com";"+86 15881156093";"LI MINGXIANG | No.6,calle qianfeng, Chengdú, China";"";"198911.43";"3";"49";"10.0";"CLP";"2026-02-24"
"China";"Chengdú";"Tour nocturno por Chengdú";"https://www.civitatis.com/es/chengdu/tour-nocturno-chengdu/";"Guia Pablo";"brook0627@hotmail.com";"+86 15881156093";"LI MINGXIANG | No.6,calle qianfeng, Chengdú, China";"";"39742.5";"5";"108";"9.2";"CLP";"2026-02-24"
"China";"Chengdú";"Traslados en Chengdú";"https://www.civitatis.com/es/chengdu/traslados/";"No especificado / Único";"N/A";"N/A";"N/A";"";"29723.9";"12";"146";"9.5";"CLP";"2026-02-24"
"China";"Chengdú";"Excursión privada al Mar de Bambú de Sichuan y Pingle";"https://www.civitatis.com/es/chengdu/excursion-privada-mar-bambu-pingle/";"Guia Pablo";"brook0627@hotmail.com";"+86 15881156093";"LI MINGXIANG | No.6,calle qianfeng, Chengdú, China";"";"288249.19";"0";"5";"0.0";"CLP";"2026-02-24"
"China";"Chengdú";"Entrada a la base de pandas de Chengdú";"https://www.civitatis.com/es/chengdu/entrada-base-pandas-chengdu/";"Guangzhou Zhiwooyou Travel Agency Co., Ltd.";"wangwei@zowoyoo.cn";"";"Guangzhou Zhiwooyou Travel Agency Co., Ltd. | 3-08, Yangcheng Creative Industry Park, Huangpu Avenue Middle, Tianhe District, Guangzhou, Cantón, China";"";"11178.82";"1";"68";"10.0";"CLP";"2026-02-24"
"China";"Chengdú";"Excursión privada al Gran Buda de Leshan";"https://www.civitatis.com/es/chengdu/excursion-gran-buda-leshan/";"Guia Pablo";"brook0627@hotmail.com";"+86 15881156093";"LI MINGXIANG | No.6,calle qianfeng, Chengdú, China";"";"343586.35";"9";"211";"9.3";"CLP";"2026-02-24"
"China";"Chengdú";"Tour privado por Chengdú y la Reserva de Pandas";"https://www.civitatis.com/es/chengdu/tour-chengdu-reserva-pandas/";"Guia Pablo";"brook0627@hotmail.com";"+86 15881156093";"LI MINGXIANG | No.6,calle qianfeng, Chengdú, China";"";"277282.54";"7";"160";"8.3";"CLP";"2026-02-24"
"China";"Chengdú";"Experiencia privada de voluntariado en la reserva de pandas de Dujiangyan";"https://www.civitatis.com/es/chengdu/voluntariado-reserva-pandas-dujiangyan/";"Guia Pablo";"brook0627@hotmail.com";"+86 15881156093";"LI MINGXIANG | No.6,calle qianfeng, Chengdú, China";"";"303804.06";"6";"126";"8.7";"CLP";"2026-02-24"
"China";"Chengdú";"Espectáculo de ópera de Sichuan";"https://www.civitatis.com/es/chengdu/espectaculo-opera-sichuan/";"Guia Pablo";"brook0627@hotmail.com";"+86 15881156093";"LI MINGXIANG | No.6,calle qianfeng, Chengdú, China";"";"23869.37";"6";"215";"10.0";"CLP";"2026-02-24"
"China";"Chengdú";"Tarjeta eSIM con Internet para China";"https://www.civitatis.com/es/chengdu/tarjeta-esim-china/";"Xplori";"go@xplori.world";"+84852186217";"WM&B Limited | 93-97 Des Voeux Road West, Hong Kong Island, China";"";"27894.73";"11";"96";"7.5";"CLP";"2026-02-24"
"China";"Chengdú";"Crucero nocturno por Chengdú";"https://www.civitatis.com/es/chengdu/crucero-nocturno-chengdu/";"Guangzhou Zhiwooyou Travel Agency Co., Ltd.";"wangwei@zowoyoo.cn";"";"Guangzhou Zhiwooyou Travel Agency Co., Ltd. | 3-08, Yangcheng Creative Industry Park, Huangpu Avenue Middle, Tianhe District, Guangzhou, Cantón, China";"";"24863.92";"0";"7";"0.0";"CLP";"2026-02-24"
"China";"Chengdú";"Clase de cocina china en Chengdú";"https://www.civitatis.com/es/chengdu/taller-cocina-china/";"Chengdu B2B Travel Service Co.,ltd";"contact@travelsichuanguide.com";"+86-18086842467";"CHENGDU B2B TRAVEL SERVICE CO.,LTD | CHENGDU, Jiaozi Avenue, nº 500, E1, nº 437 4º CHENGDU, China";"";"66303.81";"3";"11";"10.0";"CLP";"2026-02-24"
"China";"Chengdú";"Excursión al monte Qingcheng y Dujiangyan";"https://www.civitatis.com/es/chengdu/excursion-monte-qingcheng-dujiangyan/";"Chengdu B2B Travel Service Co.,ltd";"contact@travelsichuanguide.com";"+86-18086842467";"CHENGDU B2B TRAVEL SERVICE CO.,LTD | CHENGDU, Jiaozi Avenue, nº 500, E1, nº 437 4º CHENGDU, China";"";"86194.95";"0";"0";"0.0";"CLP";"2026-02-24"
"China";"Chengdú";"Visita guiada por Chengdú";"https://www.civitatis.com/es/chengdu/visita-guiada-chengdu/";"Guia Pablo";"brook0627@hotmail.com";"+86 15881156093";"LI MINGXIANG | No.6,calle qianfeng, Chengdú, China";"";"35804.05";"4";"55";"8.5";"CLP";"2026-02-24"
"China";"Guilin";"Crucero hasta YangShuo por el río Li";"https://www.civitatis.com/es/guilin/crucero-yangshuo-rio-li/";"Cits Guilin";"lucas@viajedechina.com";"+86 18677361606";"China International Travel Service Co, Ltd | Nº8, NanHuan Road, GuiLin, China, Guilin, China";"";"70880.07";"40";"626";"8.1";"CLP";"2026-02-24"
"China";"Guilin";"Excursión a YangShuo en barco + Espectáculo Impression Liu Sanjie";"https://www.civitatis.com/es/guilin/excursion-yangshuo-impression-liu-sanjie/";"Guilin Sanhe International Travel Service Co., Ltd (China Travel Vip)";"dangao@chinatravelvip.com";"18278399225";"Guilin Sanhe International Travel Service Co., LT | Shengjing Center Floor 8 Canluan Street No.33 Guilin, Guangxi, P.R China, Guilin, China";"";"176567.05";"4";"112";"10.0";"CLP";"2026-02-24"
"China";"Guilin";"Excursión a las terrazas de arroz y aldeas de Longji";"https://www.civitatis.com/es/guilin/tour-terrazas-arroz-aldeas-longji/";"China Prime Tour";"jing@chinaprimetour.com";"+8613807838991";"Guilin Shanhu International Travel Service | Shijiayuan Rd, 29-5, Qixing District, Guilin, China";"";"45729.08";"6";"71";"4.7";"CLP";"2026-02-24"
"China";"Guilin";"Tour privado por las terrazas de arroz";"https://www.civitatis.com/es/guilin/tour-terrazas-arroz/";"Cits Guilin";"lucas@viajedechina.com";"+86 18677361606";"China International Travel Service Co, Ltd | Nº8, NanHuan Road, GuiLin, China, Guilin, China";"";"245793.81";"37";"689";"9.0";"CLP";"2026-02-24"
"China";"Guilin";"Tour privado por Guilin";"https://www.civitatis.com/es/guilin/visita-guiada-guilin/";"Cits Guilin";"lucas@viajedechina.com";"+86 18677361606";"China International Travel Service Co, Ltd | Nº8, NanHuan Road, GuiLin, China, Guilin, China";"";"186346.0";"4";"185";"8.0";"CLP";"2026-02-24"
"China";"Guilin";"Traslados en Guilin";"https://www.civitatis.com/es/guilin/traslados/";"No especificado / Único";"N/A";"N/A";"N/A";"";"26522.86";"9";"284";"8.9";"CLP";"2026-02-24"
"China";"Guilin";"Tour privado en bicicleta y balsa de bambú";"https://www.civitatis.com/es/guilin/tour-bicicleta-balsa-bambu/";"Andy Lee Guilin Private Tour";"andy_lee2006@126.com";"0086 13667866606";"Guilin Yuntong Intl.Travel Service Co.,Ltd | No.12 Lane,Shengshan Road,Yangshuo, Guilin, China";"";"173770.5";"8";"82";"9.0";"CLP";"2026-02-24"
"China";"Guilin";"Tarjeta eSIM con Internet para China";"https://www.civitatis.com/es/guilin/tarjeta-esim-china/";"Xplori";"go@xplori.world";"+84852186217";"WM&B Limited | 93-97 Des Voeux Road West, Hong Kong Island, China";"";"27894.73";"11";"96";"7.5";"CLP";"2026-02-24"
"China";"Guilin";"Excursión privada a la montaña Xianggong al amanecer";"https://www.civitatis.com/es/guilin/excursion-privada-montana-xianggong/";"Andy Lee Guilin Private Tour";"andy_lee2006@126.com";"0086 13667866606";"Guilin Yuntong Intl.Travel Service Co.,Ltd | No.12 Lane,Shengshan Road,Yangshuo, Guilin, China";"";"195720.46";"0";"10";"0.0";"CLP";"2026-02-24"
"China";"Taipéi";"Tour de Taipéi al completo con entradas";"https://www.civitatis.com/es/taipei/visita-guiada-taipei/";"Be My Guest";"natalie.ng@bemyguest.com.sg";"+65 3158 0490";"Bemyguest Pte Ltd | 80 Changi Road, #03-01, The Centropod , Singapur, Singapur";"";"75803.57";"7";"37";"8.6";"CLP";"2026-02-24"
"China";"Taipéi";"Excursión al parque de Yehliu, Jiufen y Shifen";"https://www.civitatis.com/es/taipei/excursion-parque-yehliu-jiufen-shifen/";"Sanpu Travel Service Co. Ltd.";"b2c@snpapp.com";"+886-2-2568-2288";"Sanpu Travel Service Co., Ltd. | 10F, No.69, Sec. 2, Nanjing East Road Zhongshan Dist. Taipei City Taiwan, Taipéi, China";"";"29083.67";"12";"128";"9.2";"CLP";"2026-02-24"
"China";"Taipéi";"Free tour por Taipéi";"https://www.civitatis.com/es/taipei/free-tour-taipei/";"Tourmeaway";"bd@tourmeaway.com";"+12066737550";"TourMeAway Inc. | 7F.-1, No. 132, Sec. 2, Wuchang St., Wanhua Dist. , Taipéi, China";"";"0.0";"98";"1828";"9.0";"CLP";"2026-02-24"
"China";"Taipéi";"Taoyuan Airport MRT";"https://www.civitatis.com/es/taipei/taoyuan-airport-mrt/";"Be My Guest";"natalie.ng@bemyguest.com.sg";"+65 3158 0490";"Bemyguest Pte Ltd | 80 Changi Road, #03-01, The Centropod , Singapur, Singapur";"";"5082.44";"0";"22";"0.0";"CLP";"2026-02-24"
"China";"Taipéi";"Tour privado por Taipéi";"https://www.civitatis.com/es/taipei/tour-privado-taipei/";"Holataipei Travel";"providers@holataipei.com";"";"HOLATAIPEI COMPANY LTD. | DUNHUA S RD. SECT. 1 N.205 8-2, Taipéi, China";"";"160051.78";"30";"1098";"9.7";"CLP";"2026-02-24"
"China";"Taipéi";"Traslados en Taipéi";"https://www.civitatis.com/es/taipei/traslados/";"No especificado / Único";"N/A";"N/A";"N/A";"";"40241.59";"19";"363";"7.4";"CLP";"2026-02-24"
"China";"Taipéi";"Free tour por el Templo Longshan y sus alrededores";"https://www.civitatis.com/es/taipei/free-tour-templo-longshan/";"Tourmeaway";"bd@tourmeaway.com";"+12066737550";"TourMeAway Inc. | 7F.-1, No. 132, Sec. 2, Wuchang St., Wanhua Dist. , Taipéi, China";"";"0.0";"14";"354";"9.0";"CLP";"2026-02-24"
"China";"Taipéi";"Excursión privada a Jiufen y el parque de Yehliu";"https://www.civitatis.com/es/taipei/excursion-privada-jiufen-parque-yehliu/";"Holataipei Travel";"providers@holataipei.com";"";"HOLATAIPEI COMPANY LTD. | DUNHUA S RD. SECT. 1 N.205 8-2, Taipéi, China";"";"310957.75";"6";"128";"9.7";"CLP";"2026-02-24"
"China";"Taipéi";"Entrada al observatorio del Taipéi 101";"https://www.civitatis.com/es/taipei/entrada-observatorio-taipei-101/";"Be My Guest";"natalie.ng@bemyguest.com.sg";"+65 3158 0490";"Bemyguest Pte Ltd | 80 Changi Road, #03-01, The Centropod , Singapur, Singapur";"";"17275.99";"6";"84";"6.7";"CLP";"2026-02-24"
"China";"Taipéi";"Excursión privada al Parque Nacional Yangmingshan";"https://www.civitatis.com/es/taipei/excursion-parque-nacional-yangmingshan/";"Holataipei Travel";"providers@holataipei.com";"";"HOLATAIPEI COMPANY LTD. | DUNHUA S RD. SECT. 1 N.205 8-2, Taipéi, China";"";"219499.59";"3";"11";"8.7";"CLP";"2026-02-24"
"China";"Taipéi";"Tour privado por Monga";"https://www.civitatis.com/es/taipei/tour-privado-monga/";"Holataipei Travel";"providers@holataipei.com";"";"HOLATAIPEI COMPANY LTD. | DUNHUA S RD. SECT. 1 N.205 8-2, Taipéi, China";"";"82312.34";"0";"4";"0.0";"CLP";"2026-02-24"
"China";"Taipéi";"Ópera china en el teatro TaipeiEYE";"https://www.civitatis.com/es/taipei/opera-china-teatro-taipeieye/";"Sanpu Travel Service Co. Ltd.";"b2c@snpapp.com";"+886-2-2568-2288";"Sanpu Travel Service Co., Ltd. | 10F, No.69, Sec. 2, Nanjing East Road Zhongshan Dist. Taipei City Taiwan, Taipéi, China";"";"23266.94";"1";"23";"10.0";"CLP";"2026-02-24"
"China";"Taipéi";"Tour nocturno por Taipéi";"https://www.civitatis.com/es/taipei/tour-nocturno-taipei/";"Myproguide Taiwan";"taiwan@myproguide.com";"+886 2-25215081";"QILE TRAVEL AGENCY CO. LTD | 11F. -3 No.7 Sec. 1, Zhongxiao W. Rd., Zhongzheng Dist., Taipei City 1000009, Taiwan, Taipéi, China";"";"51216.57";"0";"30";"0.0";"CLP";"2026-02-24"
"China";"Taipéi";"Autobús turístico de Taipéi";"https://www.civitatis.com/es/taipei/autobus-turistico-taipei/";"Sanjin Integrated Marketing Co., Ltd";"xgeareric@gmail.com";"+886287916557";"Sanjin Integrated Marketing Co., Ltd | Rm.4, 13F, No.41, Sec. 1, Zhongxiao W. Rd., Zhongzheng Dist.,, Taipéi, China";"";"17450.2";"5";"54";"4.8";"CLP";"2026-02-24"
"China";"Taipéi";"Tour gastronómico nocturno por Taipéi";"https://www.civitatis.com/es/taipei/tour-gastronomico-taipei/";"Tourmeaway";"bd@tourmeaway.com";"+12066737550";"TourMeAway Inc. | 7F.-1, No. 132, Sec. 2, Wuchang St., Wanhua Dist. , Taipéi, China";"";"36574.11";"0";"24";"0.0";"CLP";"2026-02-24"
"China";"Taipéi";"Pub Crawl ¡Tour de fiesta por Taipéi!";"https://www.civitatis.com/es/taipei/pub-crawl-taipei/";"Tourmeaway";"bd@tourmeaway.com";"+12066737550";"TourMeAway Inc. | 7F.-1, No. 132, Sec. 2, Wuchang St., Wanhua Dist. , Taipéi, China";"";"25599.13";"0";"23";"0.0";"CLP";"2026-02-24"
"China";"Taipéi";"Tour del té por Pinglin";"https://www.civitatis.com/es/taipei/tour-te-pinglin/";"Edison Tours";"edisonts@ms6.hinet.net";"+886 022563 5313";"Edison Travel Service CO.,LTD | 4F., No. 190, Song Jiang Rd., Taipei City, Taiwan, Taipéi, China";"";"47558.24";"6";"57";"9.3";"CLP";"2026-02-24"
"China";"Taipéi";"Circuito de 5 días por Taiwán";"https://www.civitatis.com/es/taipei/circuito-5-dias-taiwan/";"Edison Tours";"edisonts@ms6.hinet.net";"+886 022563 5313";"Edison Travel Service CO.,LTD | 4F., No. 190, Song Jiang Rd., Taipei City, Taiwan, Taipéi, China";"";"653925.86";"6";"38";"10.0";"CLP";"2026-02-24"
"China";"Taipéi";"Excursión a Jiufen";"https://www.civitatis.com/es/taipei/excursion-jiufen-nanya-rock/";"Edison Tours";"edisonts@ms6.hinet.net";"+886 022563 5313";"Edison Travel Service CO.,LTD | 4F., No. 190, Song Jiang Rd., Taipei City, Taiwan, Taipéi, China";"";"77739.43";"13";"39";"7.5";"CLP";"2026-02-24"
"China";"Taipéi";"Tour privado por Dadaocheng";"https://www.civitatis.com/es/taipei/tour-privado-dadaocheng/";"Holataipei Travel";"providers@holataipei.com";"";"HOLATAIPEI COMPANY LTD. | DUNHUA S RD. SECT. 1 N.205 8-2, Taipéi, China";"";"82312.34";"0";"13";"0.0";"CLP";"2026-02-24"
"China";"Taipéi";"Tour privado por el Taipéi más friki";"https://www.civitatis.com/es/taipei/tour-privado-taipei-friki/";"Holataipei Travel";"providers@holataipei.com";"";"HOLATAIPEI COMPANY LTD. | DUNHUA S RD. SECT. 1 N.205 8-2, Taipéi, China";"";"82312.34";"1";"18";"10.0";"CLP";"2026-02-24"
"China";"Taipéi";"Entrada al Museo Nacional del Palacio";"https://www.civitatis.com/es/taipei/entrada-museo-nacional-palacio/";"Be My Guest";"natalie.ng@bemyguest.com.sg";"+65 3158 0490";"Bemyguest Pte Ltd | 80 Changi Road, #03-01, The Centropod , Singapur, Singapur";"";"10251.53";"1";"18";"10.0";"CLP";"2026-02-24"
"China";"Taipéi";"Excursión a Beitou y Yangmingshan";"https://www.civitatis.com/es/taipei/excursion-beitou-yangmingshan/";"Be My Guest";"natalie.ng@bemyguest.com.sg";"+65 3158 0490";"Bemyguest Pte Ltd | 80 Changi Road, #03-01, The Centropod , Singapur, Singapur";"";"75803.57";"1";"14";"10.0";"CLP";"2026-02-24"
"China";"Taipéi";"Tour privado por la Montaña del Elefante";"https://www.civitatis.com/es/taipei/tour-privado-montana-elefante/";"Holataipei Travel";"providers@holataipei.com";"";"HOLATAIPEI COMPANY LTD. | DUNHUA S RD. SECT. 1 N.205 8-2, Taipéi, China";"";"82312.34";"1";"28";"10.0";"CLP";"2026-02-24"
"China";"Taipéi";"Tour del té por Pinglin y Maokong";"https://www.civitatis.com/es/taipei/tour-te-pinglin-maokong/";"Edison Tours";"edisonts@ms6.hinet.net";"+886 022563 5313";"Edison Travel Service CO.,LTD | 4F., No. 190, Song Jiang Rd., Taipei City, Taiwan, Taipéi, China";"";"77739.43";"1";"6";"10.0";"CLP";"2026-02-24"
"China";"Taipéi";"Autobús entre el Aeropuerto de Taoyuan y Taipéi";"https://www.civitatis.com/es/taipei/autobus-aeropuerto-taoyuan/";"Be My Guest";"natalie.ng@bemyguest.com.sg";"+65 3158 0490";"Bemyguest Pte Ltd | 80 Changi Road, #03-01, The Centropod , Singapur, Singapur";"";"8020.74";"0";"2";"0.0";"CLP";"2026-02-24"
"China";"Taipéi";"Comida en el restaurante Din Tai Fung";"https://www.civitatis.com/es/taipei/comida-restaurante-din-tai-fung/";"Sanpu Travel Service Co. Ltd.";"b2c@snpapp.com";"+886-2-2568-2288";"Sanpu Travel Service Co., Ltd. | 10F, No.69, Sec. 2, Nanjing East Road Zhongshan Dist. Taipei City Taiwan, Taipéi, China";"";"30537.85";"0";"2";"0.0";"CLP";"2026-02-24"
"China";"Taipéi";"Excursión a Pinglin y la Montaña del Elefante";"https://www.civitatis.com/es/taipei/excursion-pinglin-montana-elefante/";"Edison Tours";"edisonts@ms6.hinet.net";"+886 022563 5313";"Edison Travel Service CO.,LTD | 4F., No. 190, Song Jiang Rd., Taipei City, Taiwan, Taipéi, China";"";"68593.62";"1";"3";"10.0";"CLP";"2026-02-24"
"China";"Lhasa";"Tarjeta eSIM con Internet para China";"https://www.civitatis.com/es/lhasa/tarjeta-esim-china/";"Xplori";"go@xplori.world";"+84852186217";"WM&B Limited | 93-97 Des Voeux Road West, Hong Kong Island, China";"";"27894.73";"11";"96";"7.5";"CLP";"2026-02-24"
"China";"Lhasa";"Circuito de 8 días por lo mejor de Tíbet";"https://www.civitatis.com/es/lhasa/circuito-8-dias-tibet/";"Tibet Vista";"kristin@tibettravel.org";"+0086 183 8202 8596";"Tibet Shigatse China International Travel Service | jiacuo no.3-070.beijing middle road.Lhasa.Tibet, Tibet, China";"";"950250.31";"0";"27";"0.0";"CLP";"2026-02-24"
"China";"Lhasa";"Tour de 4 días por Lhasa";"https://www.civitatis.com/es/lhasa/tour-4-dias-lhasa/";"Tibet Vista";"kristin@tibettravel.org";"+0086 183 8202 8596";"Tibet Shigatse China International Travel Service | jiacuo no.3-070.beijing middle road.Lhasa.Tibet, Tibet, China";"";"465522.04";"0";"2";"0.0";"CLP";"2026-02-24"
"China";"Lhasa";"Circuito de 7 días desde Lhasa hasta la frontera con Nepal";"https://www.civitatis.com/es/lhasa/circuito-7-dias-lhasa-nepal/";"Tibet Vista";"kristin@tibettravel.org";"+0086 183 8202 8596";"Tibet Shigatse China International Travel Service | jiacuo no.3-070.beijing middle road.Lhasa.Tibet, Tibet, China";"";"995979.39";"0";"1";"0.0";"CLP";"2026-02-24"
"China";"Zhangjiajie";"Entrada al Parque Nacional de la Montaña Tianmen + Teleférico";"https://www.civitatis.com/es/zhangjiajie/entrada-zhangjiajie-teleferico-tianmen/";"Guangzhou Zhiwooyou Travel Agency Co., Ltd.";"wangwei@zowoyoo.cn";"";"Guangzhou Zhiwooyou Travel Agency Co., Ltd. | 3-08, Yangcheng Creative Industry Park, Huangpu Avenue Middle, Tianhe District, Guangzhou, Cantón, China";"";"58877.78";"9";"233";"7.1";"CLP";"2026-02-24"
"China";"Zhangjiajie";"Entradas al Gran Cañón de Zhangjiajie";"https://www.civitatis.com/es/zhangjiajie/entradas-gran-canon-zhangjiajie/";"Guangzhou Zhiwooyou Travel Agency Co., Ltd.";"wangwei@zowoyoo.cn";"";"Guangzhou Zhiwooyou Travel Agency Co., Ltd. | 3-08, Yangcheng Creative Industry Park, Huangpu Avenue Middle, Tianhe District, Guangzhou, Cantón, China";"";"31494.31";"0";"24";"0.0";"CLP";"2026-02-24"
"China";"Zhangjiajie";"Tour de 3 días por Zhangjiajie";"https://www.civitatis.com/es/zhangjiajie/tour-3-dias-zhangjiajie/";"Cits Guilin";"lucas@viajedechina.com";"+86 18677361606";"China International Travel Service Co, Ltd | Nº8, NanHuan Road, GuiLin, China, Guilin, China";"";"349370.18";"4";"69";"8.0";"CLP";"2026-02-24"
"China";"Zhangjiajie";"Tarjeta eSIM con Internet para China";"https://www.civitatis.com/es/zhangjiajie/tarjeta-esim-china/";"Xplori";"go@xplori.world";"+84852186217";"WM&B Limited | 93-97 Des Voeux Road West, Hong Kong Island, China";"";"27894.73";"11";"96";"7.5";"CLP";"2026-02-24"
"China";"Zhangjiajie";"Traslados en Zhangjiajie";"https://www.civitatis.com/es/zhangjiajie/traslados/";"No especificado / Único";"N/A";"N/A";"N/A";"";"32010.35";"5";"199";"6.4";"CLP";"2026-02-24"
"China";"Zhangjiajie";"Entradas al Parque Nacional de Zhangjiajie";"https://www.civitatis.com/es/zhangjiajie/entradas-parque-nacional-zhangjiajie/";"Ocean International Travel S Ervice (Wuhan) Co.,ltd. Zhang Jia Jie Branch";"3902757265@qq.com";"18019505990";"OCEAN INTERNATIONAL TRAVEL S ERVICE (WUHAN) CO.,LTD. ZHANG JIA JIE BRANCH | Chongwen Subdistrict Office, Yongding District, 203, 2nd floor, building 1, Futian Huafu, Wan Neighborhood Committee, Zhangjiajie, China";"";"36069.27";"0";"6";"0.0";"CLP";"2026-02-24"
"China";"Kaohsiung";"Visita guiada por Kaohsiung";"https://www.civitatis.com/es/kaohsiung/visita-guiada-kaohsiung/";"Benita Hsia";"benitanatsu@gmail.com";"+886910710660";"ahhbenita | 5F-2, 953, Jiuoru 4th rd, Kaohsiung, China";"";"24693.7";"2";"64";"10.0";"CLP";"2026-02-24"
"China";"Kaohsiung";"Tour por la isla Cijin y el puerto de Kaohsiung";"https://www.civitatis.com/es/kaohsiung/tour-cijin-puerto-kaohsiung/";"Benita Hsia";"benitanatsu@gmail.com";"+886910710660";"ahhbenita | 5F-2, 953, Jiuoru 4th rd, Kaohsiung, China";"";"54874.89";"0";"0";"0.0";"CLP";"2026-02-24"
"China";"Luoyang";"Excursión privada a las grutas de Longmen + Templo Shaolin o Caballo Blanco";"https://www.civitatis.com/es/luoyang/excursion-grutas-longmen-templo-shaolin/";"Longteng Tourism";"rtcai1997@gmail.com";"008615066377466";"Longteng Tourism | Calle daoxiang, callejón 7, Qufu, China, Qufu, China";"";"325167.15";"2";"78";"9.0";"CLP";"2026-02-24"
"China";"Cantón";"Tour privado por el Cantón imprescindible";"https://www.civitatis.com/es/canton/visita-guiada-canton/";"Jiayong International Limited- China Bonita";"oficina@chinabonita.com";"+86 21 66051256";"China Bonita Limited | ROOM 23F, NO.1,XUE QIAN JIE,LIANGXI DISTRICT,WUXI, JIANGSU, China";"";"340224.36";"10";"141";"8.8";"CLP";"2026-02-24"
"China";"Cantón";"Crucero nocturno por el río de las Perlas + Cena en el Revolving Restaurant";"https://www.civitatis.com/es/canton/crucero-nocturno-rio-perlas/";"Silkroadtrips";"ben@silkroadtrips.com";"+86 13822218543";"Silkroadtrips | Suite 816, Xiaobei Road 185, Yuexiu District, Cantón, China";"";"298153.61";"1";"23";"10.0";"CLP";"2026-02-24"
"China";"Cantón";"Tour privado por el Cantón histórico";"https://www.civitatis.com/es/canton/tour-canton-historico/";"Jiayong International Limited- China Bonita";"oficina@chinabonita.com";"+86 21 66051256";"China Bonita Limited | ROOM 23F, NO.1,XUE QIAN JIE,LIANGXI DISTRICT,WUXI, JIANGSU, China";"";"340224.36";"0";"62";"0.0";"CLP";"2026-02-24"
"China";"Cantón";"Visita guiada por Cantón";"https://www.civitatis.com/es/canton/tour-canton/";"Shanghai Yifanfengshun Network Co., Ltd.";"pengyf820@gmail.com";"15618652158";"Shanghai Yifanfengshun Network Technolgy Co., Ltd. | 3rd floor, no. 6, Lane 1688, Cuizhu Road, Chengqiao Town, Dist. Chongming, Shanghái, China";"";"65083.82";"0";"0";"0.0";"CLP";"2026-02-24"
"China";"Cantón";"Traslados en Cantón";"https://www.civitatis.com/es/canton/traslados/";"No especificado / Único";"N/A";"N/A";"N/A";"";"40414.67";"33";"862";"8.6";"CLP";"2026-02-24"
"China";"Hangzhou";"Excursión privada al templo de LingYin y Lago del Oeste";"https://www.civitatis.com/es/hangzhou/templo-lingyin-lago-oeste/";"Jiayong International Limited- China Bonita";"oficina@chinabonita.com";"+86 21 66051256";"China Bonita Limited | ROOM 23F, NO.1,XUE QIAN JIE,LIANGXI DISTRICT,WUXI, JIANGSU, China";"";"378819.71";"6";"69";"10.0";"CLP";"2026-02-24"
"China";"Hangzhou";"Tarjeta eSIM con Internet para China";"https://www.civitatis.com/es/hangzhou/tarjeta-esim-china/";"Xplori";"go@xplori.world";"+84852186217";"WM&B Limited | 93-97 Des Voeux Road West, Hong Kong Island, China";"";"27894.73";"11";"96";"7.5";"CLP";"2026-02-24"
"China";"Hangzhou";"Excursión privada a la pagoda Leifeng y Museo de la Seda";"https://www.civitatis.com/es/hangzhou/pagoda-leifeng-museo-seda/";"Jiayong International Limited- China Bonita";"oficina@chinabonita.com";"+86 21 66051256";"China Bonita Limited | ROOM 23F, NO.1,XUE QIAN JIE,LIANGXI DISTRICT,WUXI, JIANGSU, China";"";"379551.37";"2";"27";"9.0";"CLP";"2026-02-24"
"China";"Hangzhou";"Visita guiada por Hangzhou";"https://www.civitatis.com/es/hangzhou/visita-guiada-hangzhou/";"Shanghai Yifanfengshun Network Co., Ltd.";"pengyf820@gmail.com";"15618652158";"Shanghai Yifanfengshun Network Technolgy Co., Ltd. | 3rd floor, no. 6, Lane 1688, Cuizhu Road, Chengqiao Town, Dist. Chongming, Shanghái, China";"";"65313.23";"0";"2";"0.0";"CLP";"2026-02-24"
"China";"Hangzhou";"Traslados en Hangzhou";"https://www.civitatis.com/es/hangzhou/traslados/";"No especificado / Único";"N/A";"N/A";"N/A";"";"47269.0";"0";"28";"0.0";"CLP";"2026-02-24"
"China";"Chongqing";"Tour nocturno privado por Chongqing";"https://www.civitatis.com/es/chongqing/tour-nocturno-chongqing/";"Ezgo China";"ezgochina@gmail.com";"+8619016407005";"Chongqing Ouyian Business Consulting Co Ltd | Edificio 4, Zhongdi Plaza, Yangjiaping, Distrito de Jiulongpo, Chongqing, China, Chongqing, China";"";"122927.26";"1";"24";"10.0";"CLP";"2026-02-24"
"China";"Chongqing";"Excursión privada a las esculturas rupestres de Dazu";"https://www.civitatis.com/es/chongqing/excursion-privada-esculturas-rupestres-dazu/";"Lan Tian";"kalel306@yahoo.com";"15223142793";"Lantian | 3-1, N 4 N 58,, Hanyu Road, Shapingba, Chongqing, Chongqing, China";"";"341265.71";"1";"20";"10.0";"CLP";"2026-02-24"
"China";"Chongqing";"Entradas al Parque de los Tres Puentes Naturales de Wulong";"https://www.civitatis.com/es/chongqing/entradas-tres-puentes-naturales-wulong/";"Guangzhou Zhiwooyou Travel Agency Co., Ltd.";"wangwei@zowoyoo.cn";"";"Guangzhou Zhiwooyou Travel Agency Co., Ltd. | 3-08, Yangcheng Creative Industry Park, Huangpu Avenue Middle, Tianhe District, Guangzhou, Cantón, China";"";"19228.1";"0";"10";"0.0";"CLP";"2026-02-24"
"China";"Chongqing";"Tour privado por Chongqing";"https://www.civitatis.com/es/chongqing/tour-privado-chongqing/";"Individual Provider (Chris)";"chrispine0764@gmail.com";"86-18523056403";"TANG CHANGCHUN | Nº 1-2, Nº 3, Nº 77 Changjiang Second Road, Chongqing, Chongqing, China";"";"120466.21";"10";"144";"9.8";"CLP";"2026-02-24"
"China";"Chongqing";"Traslados en Chongqing";"https://www.civitatis.com/es/chongqing/traslados/";"No especificado / Único";"N/A";"N/A";"N/A";"";"26980.15";"0";"163";"0.0";"CLP";"2026-02-24"
"China";"Chongqing";"Excursión privada al Parque Nacional Wulong";"https://www.civitatis.com/es/chongqing/excursion-privada-parque-nacional-wulong/";"Individual Provider (Chris)";"chrispine0764@gmail.com";"86-18523056403";"TANG CHANGCHUN | Nº 1-2, Nº 3, Nº 77 Changjiang Second Road, Chongqing, Chongqing, China";"";"320463.53";"1";"28";"10.0";"CLP";"2026-02-24"
"China";"Chongqing";"Entradas para el Cloud Eye Observation Deck";"https://www.civitatis.com/es/chongqing/entradas-cloud-eye-observation-deck/";"Reotrip Technology Limited";"norman@reotrip.com";"+852 3428 8182";"Reotrip Technology Limited | Room 5003, Floor 5, Yau Lee Centre, 45 Hoi Yuen Road, Kwun Tong, Kowloon, Hong Kong, Hong Kong, Hong Kong";"";"10964.76";"0";"2";"0.0";"CLP";"2026-02-24"
"China";"Chongqing";"Tour gastronómico privado por Chongqing";"https://www.civitatis.com/es/chongqing/tour-gastronomico-chongqing/";"Ezgo China";"ezgochina@gmail.com";"+8619016407005";"Chongqing Ouyian Business Consulting Co Ltd | Edificio 4, Zhongdi Plaza, Yangjiaping, Distrito de Jiulongpo, Chongqing, China, Chongqing, China";"";"116097.97";"0";"0";"0.0";"CLP";"2026-02-24"
"China";"Chongqing";"Crucero nocturno por Chongqing";"https://www.civitatis.com/es/chongqing/crucero-nocturno-chongqinq/";"Reotrip Technology Limited";"norman@reotrip.com";"+852 3428 8182";"Reotrip Technology Limited | Room 5003, Floor 5, Yau Lee Centre, 45 Hoi Yuen Road, Kwun Tong, Kowloon, Hong Kong, Hong Kong, Hong Kong";"";"21929.52";"0";"2";"0.0";"CLP";"2026-02-24"
"China";"Chongqing";"Excursión privada al monte Jinfo Shan";"https://www.civitatis.com/es/chongqing/excursion-privada-monte-jinfo-shan/";"Individual Provider (Chris)";"chrispine0764@gmail.com";"86-18523056403";"TANG CHANGCHUN | Nº 1-2, Nº 3, Nº 77 Changjiang Second Road, Chongqing, Chongqing, China";"";"315785.23";"0";"0";"0.0";"CLP";"2026-02-24"
"China";"Chongqing";"Espectáculo de ópera de Sichuan en el teatro de Chongqing 1941";"https://www.civitatis.com/es/chongqing/espectaculo-opera-sichuan/";"Reotrip Technology Limited";"norman@reotrip.com";"+852 3428 8182";"Reotrip Technology Limited | Room 5003, Floor 5, Yau Lee Centre, 45 Hoi Yuen Road, Kwun Tong, Kowloon, Hong Kong, Hong Kong, Hong Kong";"";"10888.74";"0";"5";"0.0";"CLP";"2026-02-24"
"China";"Yichang";"Crucero de 5 días por el río Yangtsé hasta Chongqing";"https://www.civitatis.com/es/yichang/crucero-5-dias-rio-yangtse/";"Silkroadtrips";"ben@silkroadtrips.com";"+86 13822218543";"Silkroadtrips | Suite 816, Xiaobei Road 185, Yuexiu District, Cantón, China";"";"547834.39";"1";"4";"10.0";"CLP";"2026-02-24"
"China";"Yangshuo";"Espectáculo Impression Liu Sanjie sobre el río Li";"https://www.civitatis.com/es/yangshuo/espectaculo-impression-liu-sanjie-rio-li/";"China Prime Tour";"jing@chinaprimetour.com";"+8613807838991";"Guilin Shanhu International Travel Service | Shijiayuan Rd, 29-5, Qixing District, Guilin, China";"";"40012.94";"2";"66";"9.0";"CLP";"2026-02-24"
"China";"Yangshuo";"Excursión privada a la montaña Xianggong al amanecer";"https://www.civitatis.com/es/yangshuo/excursion-privada-montana-xianggong/";"Andy Lee Guilin Private Tour";"andy_lee2006@126.com";"0086 13667866606";"Guilin Yuntong Intl.Travel Service Co.,Ltd | No.12 Lane,Shengshan Road,Yangshuo, Guilin, China";"";"117066.44";"0";"3";"0.0";"CLP";"2026-02-24"
"China";"Yangshuo";"Tour privado en bicicleta y balsa de bambú";"https://www.civitatis.com/es/yangshuo/tour-bicicleta-balsa-bambu/";"Andy Lee Guilin Private Tour";"andy_lee2006@126.com";"0086 13667866606";"Guilin Yuntong Intl.Travel Service Co.,Ltd | No.12 Lane,Shengshan Road,Yangshuo, Guilin, China";"";"128041.42";"0";"10";"0.0";"CLP";"2026-02-24"
"China";"Yangshuo";"Crucero por el río Li finalizando en Yangdi";"https://www.civitatis.com/es/yangshuo/crucero-rio-li-yangdi/";"Cits Guilin";"lucas@viajedechina.com";"+86 18677361606";"China International Travel Service Co, Ltd | Nº8, NanHuan Road, GuiLin, China, Guilin, China";"";"70880.07";"0";"2";"0.0";"CLP";"2026-02-24"
"China";"Tianjin";"Excursión privada a la Ciudad Prohibida y Plaza de Tiananmen finalizando en Pekín";"https://www.civitatis.com/es/tianjin/excursion-ciudad-prohibida-plaza-tiananmen/";"Beijing Jack Won Private Tours";"pgbeijing@hotmail.com";"0086 18010168929";"Jack Won Private Tours, Beijing Refendo International Tours Co.LTD | Branch Room 310 Building 9, No .7 Songyubeilu, Chaoyang District ,Beijing, Pekín, China";"";"499727.4";"0";"2";"0.0";"CLP";"2026-02-24"
"China";"Tianjin";"Excursión privada a la Gran Muralla China de Mutianyu finalizando en Pekín";"https://www.civitatis.com/es/tianjin/excursion-gran-muralla-china/";"Beijing Jack Won Private Tours";"pgbeijing@hotmail.com";"0086 18010168929";"Jack Won Private Tours, Beijing Refendo International Tours Co.LTD | Branch Room 310 Building 9, No .7 Songyubeilu, Chaoyang District ,Beijing, Pekín, China";"";"466436.63";"0";"0";"0.0";"CLP";"2026-02-24"
"China";"Tainan";"Tour privado por Tainan";"https://www.civitatis.com/es/tainan/tour-privado-tainan/";"Ru Ting Cheng - 	Guía Taiwanesa";"kuor001003@gmail.com";"+8860939923879";"Ru Ting Cheng | 10 F., No. 5, Ln. 70, Qingpu St., Nanzi Dist., Kaohsiung City 811027, Taiwan (R.O.C.), Kaohsiung, China";"";"62529.9";"0";"0";"0.0";"CLP";"2026-02-24"
