"pais";"destino";"actividad";"url_actividad";"operador";"email";"telefono";"direccion";"descripcion";"precio_real";"opiniones";"viajeros";"rating";"moneda";"fecha_scan"
"Malta";"Malta";"Tour en tuk tuk por Gozo + Paseo en barco por Comino y la Laguna Azul";"https://www.civitatis.com/es/malta-destino/tuk-tuk-gozo-barco-comino/";"Robert Arrigo & Sons Ltd.";"keith@robertarrigo.com";"+356 2328 5555";"Robert Arrigo & Sons Ltd. | 51, Censu Tabone Street,, St. Julian's, Malta";"";"91781.46";"127";"957";"8.3";"CLP";"2026-02-16"
"Malta";"Malta";"Tour en quad por Mellieħa";"https://www.civitatis.com/es/malta-destino/tour-quad-mellieha/";"Robert Arrigo & Sons Ltd.";"keith@robertarrigo.com";"+356 2328 5555";"Robert Arrigo & Sons Ltd. | 51, Censu Tabone Street,, St. Julian's, Malta";"";"87462.33";"0";"6";"0.0";"CLP";"2026-02-16"
"Malta";"Malta";"Paseo en barco al atardecer por Comino y la Laguna Azul";"https://www.civitatis.com/es/malta-destino/barco-atardecer-gozo-comino-laguna-azul/";"Josil Azzopardi";"boattripsmalta@gmail.com";"+35677007669";"Josil Azzopardi | 166, Parades Street, St.Pauls Bay, St Pauls Bay, Malta";"";"26994.54";"26";"236";"9.2";"CLP";"2026-02-16"
"Malta";"Gozo";"Tour en tuk tuk por Gozo + Paseo en barco por Comino y la Laguna Azul";"https://www.civitatis.com/es/gozo/tuk-tuk-gozo-barco-comino/";"Robert Arrigo & Sons Ltd.";"keith@robertarrigo.com";"+356 2328 5555";"Robert Arrigo & Sons Ltd. | 51, Censu Tabone Street,, St. Julian's, Malta";"";"91781.46";"127";"957";"8.3";"CLP";"2026-02-16"
"Malta";"Gozo";"Autobús turístico de Gozo";"https://www.civitatis.com/es/gozo/autobus-turistico-gozo/";"City Sightseeing Eur";"bookings@city-sightseeing.com";"+44 0 1789 299123";"City Sightseeing Ltd | Suite 8 Floor 3 Grosvenor House Redditch, Worcestershire, Reino Unido";"";"23755.2";"41";"421";"7.4";"CLP";"2026-02-16"
"Malta";"Gozo";"Tour en buggy por Gozo";"https://www.civitatis.com/es/gozo/tour-buggy-gozo/";"V. Tabone Travel";"mrizzo@vtabonetravel.com";"+35 699 860 114";"V. Tabone Travel Limited | 5 Olive Street, The Gardens, St. Julians, Malta";"";"124174.92";"7";"35";"9.7";"CLP";"2026-02-16"
"Malta";"Gozo";"Malta Discount Card";"https://www.civitatis.com/es/gozo/malta-discount-card/";"Malta Discount Card";"info@maltadiscountcard.com";"+356 79211329";"Malta Discount Card | Po Box 35 Malta International Airport, luqa, Malta";"";"43180.48";"0";"17";"0.0";"CLP";"2026-02-16"
"Malta";"Gozo";"Tour en quad por Gozo + Paseo en barco por Comino";"https://www.civitatis.com/es/gozo/quad-gozo-barco-comino/";"Robert Arrigo & Sons Ltd.";"keith@robertarrigo.com";"+356 2328 5555";"Robert Arrigo & Sons Ltd. | 51, Censu Tabone Street,, St. Julian's, Malta";"";"105278.74";"0";"2";"0.0";"CLP";"2026-02-16"
"Malta";"Gozo";"Crucero por Gozo y Comino";"https://www.civitatis.com/es/bugibba/crucero-gozo-comino/";"Sea Adventure Excursions";"orders@seaadventureexcursions.com";"00356 99 99 9387";"Jonathan Grech | villa cassar triq ras il qawra, Qawra, Malta";"";"48590.18";"399";"6436";"7.7";"CLP";"2026-02-16"
"Malta";"Gozo";"Tour en quad por Gozo";"https://www.civitatis.com/es/cirkewwa/tour-quad-gozo/";"V. Tabone Travel";"mrizzo@vtabonetravel.com";"+35 699 860 114";"V. Tabone Travel Limited | 5 Olive Street, The Gardens, St. Julians, Malta";"";"124174.92";"11";"74";"8.4";"CLP";"2026-02-16"
"Malta";"Gozo";"Tour en 4x4 por Gozo";"https://www.civitatis.com/es/cirkewwa/tour-4x4-gozo/";"V. Tabone Travel";"mrizzo@vtabonetravel.com";"+35 699 860 114";"V. Tabone Travel Limited | 5 Olive Street, The Gardens, St. Julians, Malta";"";"86382.55";"8";"113";"8.3";"CLP";"2026-02-16"
"Malta";"Gozo";"Crucero por Gozo, Comino y la Laguna Azul";"https://www.civitatis.com/es/melliea/crucero-gozo-comino-laguna-azul/";"Josil Azzopardi";"boattripsmalta@gmail.com";"+35677007669";"Josil Azzopardi | 166, Parades Street, St.Pauls Bay, St Pauls Bay, Malta";"";"32393.45";"35";"608";"8.6";"CLP";"2026-02-16"
"Malta";"Gozo";"Paseo en barco al atardecer por Comino y la Laguna Azul";"https://www.civitatis.com/es/cirkewwa/barco-atardecer-gozo-comino-laguna-azul/";"Josil Azzopardi";"boattripsmalta@gmail.com";"+35677007669";"Josil Azzopardi | 166, Parades Street, St.Pauls Bay, St Pauls Bay, Malta";"";"26994.54";"26";"236";"9.2";"CLP";"2026-02-16"
"Malta";"Mdina";"Entrada al Palacio Falson";"https://www.civitatis.com/es/mdina/entrada-palacio-falson/";"V. Tabone Travel";"mrizzo@vtabonetravel.com";"+35 699 860 114";"V. Tabone Travel Limited | 5 Olive Street, The Gardens, St. Julians, Malta";"";"12957.38";"10";"154";"8.4";"CLP";"2026-02-16"
"Malta";"Mdina";"Entrada a la catedral de San Pablo y su museo";"https://www.civitatis.com/es/mdina/entrada-catedral-san-pablo-museo/";"V. Tabone Travel";"mrizzo@vtabonetravel.com";"+35 699 860 114";"V. Tabone Travel Limited | 5 Olive Street, The Gardens, St. Julians, Malta";"";"16196.72";"22";"520";"8.2";"CLP";"2026-02-16"
"Malta";"Mdina";"Tour por las Tres Ciudades de Malta";"https://www.civitatis.com/es/mdina/tour-tres-ciudades/";"V. Tabone Travel";"mrizzo@vtabonetravel.com";"+35 699 860 114";"V. Tabone Travel Limited | 5 Olive Street, The Gardens, St. Julians, Malta";"";"43191.27";"1201";"9922";"8.1";"CLP";"2026-02-16"
"Malta";"Mdina";"Tour en tuk tuk por Gozo + Paseo en barco por Comino y la Laguna Azul";"https://www.civitatis.com/es/mdina/tuk-tuk-gozo-barco-comino/";"Robert Arrigo & Sons Ltd.";"keith@robertarrigo.com";"+356 2328 5555";"Robert Arrigo & Sons Ltd. | 51, Censu Tabone Street,, St. Julian's, Malta";"";"91781.46";"127";"957";"8.3";"CLP";"2026-02-16"
"Malta";"Mdina";"Excursión a Mdina y los acantilados de Dingli";"https://www.civitatis.com/es/mdina/excursion-mdina-acantilados-dingli/";"V. Tabone Travel";"mrizzo@vtabonetravel.com";"+35 699 860 114";"V. Tabone Travel Limited | 5 Olive Street, The Gardens, St. Julians, Malta";"";"38872.15";"895";"7515";"7.4";"CLP";"2026-02-16"
"Malta";"Mdina";"Visita guiada por La Valeta";"https://www.civitatis.com/es/mdina/tour-valeta-malta-experience/";"V. Tabone Travel";"mrizzo@vtabonetravel.com";"+35 699 860 114";"V. Tabone Travel Limited | 5 Olive Street, The Gardens, St. Julians, Malta";"";"21595.63";"278";"2564";"8.5";"CLP";"2026-02-16"
"Malta";"Mdina";"Traslados en Mdina";"https://www.civitatis.com/es/mdina/traslados/";"No especificado / Único";"N/A";"N/A";"N/A";"";"7558.47";"907";"15855";"8.5";"CLP";"2026-02-16"
"Malta";"Mdina";"Excursión a Gozo";"https://www.civitatis.com/es/mdina/excursion-gozo/";"V. Tabone Travel";"mrizzo@vtabonetravel.com";"+35 699 860 114";"V. Tabone Travel Limited | 5 Olive Street, The Gardens, St. Julians, Malta";"";"86382.55";"1025";"7553";"7.2";"CLP";"2026-02-16"
"Malta";"Mdina";"Excursión a Marsaxlokk y la Gruta Azul";"https://www.civitatis.com/es/mdina/excursion-marsaxlokk-gruta-azul/";"V. Tabone Travel";"mrizzo@vtabonetravel.com";"+35 699 860 114";"V. Tabone Travel Limited | 5 Olive Street, The Gardens, St. Julians, Malta";"";"41031.71";"523";"4616";"6.8";"CLP";"2026-02-16"
"Malta";"Mdina";"Templos de Hagar Qim y Gruta Azul";"https://www.civitatis.com/es/mdina/hagar-qim-gruta-azul-marsaxlokk/";"V. Tabone Travel";"mrizzo@vtabonetravel.com";"+35 699 860 114";"V. Tabone Travel Limited | 5 Olive Street, The Gardens, St. Julians, Malta";"";"38872.15";"420";"3673";"7.7";"CLP";"2026-02-16"
"Malta";"Mdina";"Crucero por los puertos de La Valeta";"https://www.civitatis.com/es/mdina/crucero-puertos-malta/";"Robert Arrigo & Sons Ltd.";"keith@robertarrigo.com";"+356 2328 5555";"Robert Arrigo & Sons Ltd. | 51, Censu Tabone Street,, St. Julian's, Malta";"";"21595.63";"10";"244";"7.2";"CLP";"2026-02-16"
"Malta";"Mdina";"Tour nocturno por Malta";"https://www.civitatis.com/es/mdina/tour-nocturno-malta/";"V. Tabone Travel";"mrizzo@vtabonetravel.com";"+35 699 860 114";"V. Tabone Travel Limited | 5 Olive Street, The Gardens, St. Julians, Malta";"";"39951.93";"110";"995";"7.8";"CLP";"2026-02-16"
"Malta";"Mdina";"Autobús turístico de Malta";"https://www.civitatis.com/es/mdina/autobus-turistico-malta/";"City Sightseeing Eur";"bookings@city-sightseeing.com";"+44 0 1789 299123";"City Sightseeing Ltd | Suite 8 Floor 3 Grosvenor House Redditch, Worcestershire, Reino Unido";"";"37792.36";"107";"1992";"6.3";"CLP";"2026-02-16"
"Malta";"Mdina";"Visita a la fábrica de cerveza The Farsons con audioguía";"https://www.civitatis.com/es/mdina/visita-fabrica-cerveza-farsons/";"V. Tabone Travel";"mrizzo@vtabonetravel.com";"+35 699 860 114";"V. Tabone Travel Limited | 5 Olive Street, The Gardens, St. Julians, Malta";"";"36712.58";"0";"6";"0.0";"CLP";"2026-02-16"
"Malta";"Mdina";"Tour en quad por Mellieħa";"https://www.civitatis.com/es/mdina/tour-quad-mellieha/";"Robert Arrigo & Sons Ltd.";"keith@robertarrigo.com";"+356 2328 5555";"Robert Arrigo & Sons Ltd. | 51, Censu Tabone Street,, St. Julian's, Malta";"";"87462.33";"0";"6";"0.0";"CLP";"2026-02-16"
"Malta";"Mdina";"Entradas al Museo Casa Gourgion";"https://www.civitatis.com/es/mdina/entradas-museo-casa-gourgion/";"V. Tabone Travel";"mrizzo@vtabonetravel.com";"+35 699 860 114";"V. Tabone Travel Limited | 5 Olive Street, The Gardens, St. Julians, Malta";"";"9718.03";"0";"0";"0.0";"CLP";"2026-02-16"
"Malta";"Mdina";"Malta Discount Card";"https://www.civitatis.com/es/mdina/malta-discount-card/";"Malta Discount Card";"info@maltadiscountcard.com";"+356 79211329";"Malta Discount Card | Po Box 35 Malta International Airport, luqa, Malta";"";"43180.48";"0";"17";"0.0";"CLP";"2026-02-16"
"Malta";"Mdina";"Free tour por Mdina y Rabat";"https://www.civitatis.com/es/mdina/free-tour-mdina-rabat/";"Authenticmalta";"authenticmalta@gmail.com";"+356 79311597";"Maria del Carmen de Antonio Fernandez | 31, Continental, Flat 6, Triq Victor Denaro, Msida, Msida, Malta";"";"0.0";"642";"8495";"9.7";"CLP";"2026-02-16"
"Malta";"Mdina";"Free tour por Mdina";"https://www.civitatis.com/es/mdina/free-tour-mdina/";"Authenticmalta";"authenticmalta@gmail.com";"+356 79311597";"Maria del Carmen de Antonio Fernandez | 31, Continental, Flat 6, Triq Victor Denaro, Msida, Msida, Malta";"";"0.0";"895";"13505";"9.6";"CLP";"2026-02-16"
"Malta";"Buġibba";"Crucero a la isla de Comino y a la Laguna Azul";"https://www.civitatis.com/es/bugibba/crucero-isla-comino/";"Sea Adventure Excursions";"orders@seaadventureexcursions.com";"00356 99 99 9387";"Jonathan Grech | villa cassar triq ras il qawra, Qawra, Malta";"";"43191.27";"380";"8724";"8.4";"CLP";"2026-02-16"
"Malta";"Buġibba";"Crucero por Gozo y Comino";"https://www.civitatis.com/es/bugibba/crucero-gozo-comino/";"Sea Adventure Excursions";"orders@seaadventureexcursions.com";"00356 99 99 9387";"Jonathan Grech | villa cassar triq ras il qawra, Qawra, Malta";"";"48590.18";"399";"6436";"7.7";"CLP";"2026-02-16"
"Malta";"Buġibba";"Tour por las Tres Ciudades de Malta";"https://www.civitatis.com/es/bugibba/tour-tres-ciudades/";"V. Tabone Travel";"mrizzo@vtabonetravel.com";"+35 699 860 114";"V. Tabone Travel Limited | 5 Olive Street, The Gardens, St. Julians, Malta";"";"43191.27";"1201";"9922";"8.1";"CLP";"2026-02-16"
"Malta";"Buġibba";"Tour en tuk tuk por Gozo + Paseo en barco por Comino y la Laguna Azul";"https://www.civitatis.com/es/bugibba/tuk-tuk-gozo-barco-comino/";"Robert Arrigo & Sons Ltd.";"keith@robertarrigo.com";"+356 2328 5555";"Robert Arrigo & Sons Ltd. | 51, Censu Tabone Street,, St. Julian's, Malta";"";"91781.46";"127";"957";"8.3";"CLP";"2026-02-16"
"Malta";"Buġibba";"Excursión a Mdina y los acantilados de Dingli";"https://www.civitatis.com/es/bugibba/excursion-mdina-acantilados-dingli/";"V. Tabone Travel";"mrizzo@vtabonetravel.com";"+35 699 860 114";"V. Tabone Travel Limited | 5 Olive Street, The Gardens, St. Julians, Malta";"";"38872.15";"895";"7515";"7.4";"CLP";"2026-02-16"
"Malta";"Buġibba";"Visita guiada por La Valeta";"https://www.civitatis.com/es/bugibba/tour-valeta-malta-experience/";"V. Tabone Travel";"mrizzo@vtabonetravel.com";"+35 699 860 114";"V. Tabone Travel Limited | 5 Olive Street, The Gardens, St. Julians, Malta";"";"21595.63";"278";"2564";"8.5";"CLP";"2026-02-16"
"Malta";"Buġibba";"Traslados en Buġibba";"https://www.civitatis.com/es/bugibba/traslados/";"No especificado / Único";"N/A";"N/A";"N/A";"";"7558.47";"907";"15855";"8.5";"CLP";"2026-02-16"
"Malta";"Buġibba";"Excursión a Gozo";"https://www.civitatis.com/es/bugibba/excursion-gozo/";"V. Tabone Travel";"mrizzo@vtabonetravel.com";"+35 699 860 114";"V. Tabone Travel Limited | 5 Olive Street, The Gardens, St. Julians, Malta";"";"86382.55";"1025";"7553";"7.2";"CLP";"2026-02-16"
"Malta";"Buġibba";"Excursión a Marsaxlokk y la Gruta Azul";"https://www.civitatis.com/es/bugibba/excursion-marsaxlokk-gruta-azul/";"V. Tabone Travel";"mrizzo@vtabonetravel.com";"+35 699 860 114";"V. Tabone Travel Limited | 5 Olive Street, The Gardens, St. Julians, Malta";"";"41031.71";"523";"4616";"6.8";"CLP";"2026-02-16"
"Malta";"Buġibba";"Templos de Hagar Qim y Gruta Azul";"https://www.civitatis.com/es/bugibba/hagar-qim-gruta-azul-marsaxlokk/";"V. Tabone Travel";"mrizzo@vtabonetravel.com";"+35 699 860 114";"V. Tabone Travel Limited | 5 Olive Street, The Gardens, St. Julians, Malta";"";"38872.15";"420";"3673";"7.7";"CLP";"2026-02-16"
"Malta";"Buġibba";"Excursión a Gozo y Comino";"https://www.civitatis.com/es/bugibba/excursion-gozo-comino/";"V. Tabone Travel";"mrizzo@vtabonetravel.com";"+35 699 860 114";"V. Tabone Travel Limited | 5 Olive Street, The Gardens, St. Julians, Malta";"";"48590.18";"343";"4526";"6.4";"CLP";"2026-02-16"
"Malta";"Buġibba";"Crucero por los puertos de La Valeta";"https://www.civitatis.com/es/bugibba/crucero-puertos-malta/";"Robert Arrigo & Sons Ltd.";"keith@robertarrigo.com";"+356 2328 5555";"Robert Arrigo & Sons Ltd. | 51, Censu Tabone Street,, St. Julian's, Malta";"";"21595.63";"10";"244";"7.2";"CLP";"2026-02-16"
"Malta";"Buġibba";"Tour nocturno por Malta";"https://www.civitatis.com/es/bugibba/tour-nocturno-malta/";"V. Tabone Travel";"mrizzo@vtabonetravel.com";"+35 699 860 114";"V. Tabone Travel Limited | 5 Olive Street, The Gardens, St. Julians, Malta";"";"39951.93";"110";"995";"7.8";"CLP";"2026-02-16"
"Malta";"Buġibba";"Autobús turístico de Malta";"https://www.civitatis.com/es/bugibba/autobus-turistico-malta/";"City Sightseeing Eur";"bookings@city-sightseeing.com";"+44 0 1789 299123";"City Sightseeing Ltd | Suite 8 Floor 3 Grosvenor House Redditch, Worcestershire, Reino Unido";"";"37792.36";"107";"1992";"6.3";"CLP";"2026-02-16"
"Malta";"Buġibba";"Ferry a las islas de Gozo y Comino";"https://www.civitatis.com/es/bugibba/ferry-islas-gozo-comino/";"V. Tabone Travel";"mrizzo@vtabonetravel.com";"+35 699 860 114";"V. Tabone Travel Limited | 5 Olive Street, The Gardens, St. Julians, Malta";"";"38872.15";"102";"3063";"7.3";"CLP";"2026-02-16"
"Malta";"Buġibba";"Tour en buggy por Gozo";"https://www.civitatis.com/es/bugibba/tour-buggy-gozo/";"V. Tabone Travel";"mrizzo@vtabonetravel.com";"+35 699 860 114";"V. Tabone Travel Limited | 5 Olive Street, The Gardens, St. Julians, Malta";"";"124174.92";"7";"35";"9.7";"CLP";"2026-02-16"
"Malta";"Buġibba";"Tour en quad por Mellieħa";"https://www.civitatis.com/es/bugibba/tour-quad-mellieha/";"Robert Arrigo & Sons Ltd.";"keith@robertarrigo.com";"+356 2328 5555";"Robert Arrigo & Sons Ltd. | 51, Censu Tabone Street,, St. Julian's, Malta";"";"87462.33";"0";"6";"0.0";"CLP";"2026-02-16"
"Malta";"Buġibba";"Malta Discount Card";"https://www.civitatis.com/es/bugibba/malta-discount-card/";"Malta Discount Card";"info@maltadiscountcard.com";"+356 79211329";"Malta Discount Card | Po Box 35 Malta International Airport, luqa, Malta";"";"43180.48";"0";"17";"0.0";"CLP";"2026-02-16"
"Malta";"Buġibba";"Paseo en goleta por las islas de Gozo y Comino";"https://www.civitatis.com/es/bugibba/paseo-goleta-gozo-comino/";"V. Tabone Travel";"mrizzo@vtabonetravel.com";"+35 699 860 114";"V. Tabone Travel Limited | 5 Olive Street, The Gardens, St. Julians, Malta";"";"80983.64";"241";"2997";"7.5";"CLP";"2026-02-16"
"Malta";"San Ġwann";"Tour en tuk tuk por Gozo + Paseo en barco por Comino y la Laguna Azul";"https://www.civitatis.com/es/san-wann/tuk-tuk-gozo-barco-comino/";"Robert Arrigo & Sons Ltd.";"keith@robertarrigo.com";"+356 2328 5555";"Robert Arrigo & Sons Ltd. | 51, Censu Tabone Street,, St. Julian's, Malta";"";"91781.46";"127";"957";"8.3";"CLP";"2026-02-16"
"Malta";"San Ġwann";"Malta Discount Card";"https://www.civitatis.com/es/san-wann/malta-discount-card/";"Malta Discount Card";"info@maltadiscountcard.com";"+356 79211329";"Malta Discount Card | Po Box 35 Malta International Airport, luqa, Malta";"";"43180.48";"0";"17";"0.0";"CLP";"2026-02-16"
"Malta";"San Ġwann";"Paseo en goleta por las islas de Gozo y Comino";"https://www.civitatis.com/es/san-wann/paseo-goleta-gozo-comino/";"V. Tabone Travel";"mrizzo@vtabonetravel.com";"+35 699 860 114";"V. Tabone Travel Limited | 5 Olive Street, The Gardens, St. Julians, Malta";"";"80983.64";"241";"2997";"7.5";"CLP";"2026-02-16"
"Malta";"San Ġwann";"Tour en quad por Gozo + Paseo en barco por Comino";"https://www.civitatis.com/es/san-wann/quad-gozo-barco-comino/";"Robert Arrigo & Sons Ltd.";"keith@robertarrigo.com";"+356 2328 5555";"Robert Arrigo & Sons Ltd. | 51, Censu Tabone Street,, St. Julian's, Malta";"";"105278.74";"0";"2";"0.0";"CLP";"2026-02-16"
"Malta";"San Ġwann";"Traslados en San Ġwann";"https://www.civitatis.com/es/san-wann/traslados/";"No especificado / Único";"N/A";"N/A";"N/A";"";"7558.47";"907";"15855";"8.5";"CLP";"2026-02-16"
"Malta";"Sliema";"Tour por las Tres Ciudades de Malta";"https://www.civitatis.com/es/sliema/tour-tres-ciudades/";"V. Tabone Travel";"mrizzo@vtabonetravel.com";"+35 699 860 114";"V. Tabone Travel Limited | 5 Olive Street, The Gardens, St. Julians, Malta";"";"43191.27";"1201";"9922";"8.1";"CLP";"2026-02-16"
"Malta";"Sliema";"Excursión a Mdina y los acantilados de Dingli";"https://www.civitatis.com/es/sliema/excursion-mdina-acantilados-dingli/";"V. Tabone Travel";"mrizzo@vtabonetravel.com";"+35 699 860 114";"V. Tabone Travel Limited | 5 Olive Street, The Gardens, St. Julians, Malta";"";"38872.15";"895";"7515";"7.4";"CLP";"2026-02-16"
"Malta";"Sliema";"Visita guiada por La Valeta";"https://www.civitatis.com/es/sliema/tour-valeta-malta-experience/";"V. Tabone Travel";"mrizzo@vtabonetravel.com";"+35 699 860 114";"V. Tabone Travel Limited | 5 Olive Street, The Gardens, St. Julians, Malta";"";"21595.63";"278";"2564";"8.5";"CLP";"2026-02-16"
"Malta";"Sliema";"Excursión a Gozo";"https://www.civitatis.com/es/sliema/excursion-gozo/";"V. Tabone Travel";"mrizzo@vtabonetravel.com";"+35 699 860 114";"V. Tabone Travel Limited | 5 Olive Street, The Gardens, St. Julians, Malta";"";"86382.55";"1025";"7553";"7.2";"CLP";"2026-02-16"
"Malta";"Sliema";"Excursión a Marsaxlokk y la Gruta Azul";"https://www.civitatis.com/es/sliema/excursion-marsaxlokk-gruta-azul/";"V. Tabone Travel";"mrizzo@vtabonetravel.com";"+35 699 860 114";"V. Tabone Travel Limited | 5 Olive Street, The Gardens, St. Julians, Malta";"";"41031.71";"523";"4616";"6.8";"CLP";"2026-02-16"
"Malta";"Sliema";"Traslados en Sliema";"https://www.civitatis.com/es/sliema/traslados/";"No especificado / Único";"N/A";"N/A";"N/A";"";"7558.47";"907";"15855";"8.5";"CLP";"2026-02-16"
"Malta";"Sliema";"Templos de Hagar Qim y Gruta Azul";"https://www.civitatis.com/es/sliema/hagar-qim-gruta-azul-marsaxlokk/";"V. Tabone Travel";"mrizzo@vtabonetravel.com";"+35 699 860 114";"V. Tabone Travel Limited | 5 Olive Street, The Gardens, St. Julians, Malta";"";"38872.15";"420";"3673";"7.7";"CLP";"2026-02-16"
"Malta";"Sliema";"Excursión a Gozo y Comino";"https://www.civitatis.com/es/sliema/excursion-gozo-comino/";"V. Tabone Travel";"mrizzo@vtabonetravel.com";"+35 699 860 114";"V. Tabone Travel Limited | 5 Olive Street, The Gardens, St. Julians, Malta";"";"48590.18";"343";"4526";"6.4";"CLP";"2026-02-16"
"Malta";"Sliema";"Crucero por los puertos de La Valeta";"https://www.civitatis.com/es/sliema/crucero-puertos-malta/";"Robert Arrigo & Sons Ltd.";"keith@robertarrigo.com";"+356 2328 5555";"Robert Arrigo & Sons Ltd. | 51, Censu Tabone Street,, St. Julian's, Malta";"";"21595.63";"10";"244";"7.2";"CLP";"2026-02-16"
"Malta";"Sliema";"Tour nocturno por Malta";"https://www.civitatis.com/es/sliema/tour-nocturno-malta/";"V. Tabone Travel";"mrizzo@vtabonetravel.com";"+35 699 860 114";"V. Tabone Travel Limited | 5 Olive Street, The Gardens, St. Julians, Malta";"";"39951.93";"110";"995";"7.8";"CLP";"2026-02-16"
"Malta";"Sliema";"Malta Multi Pass";"https://www.civitatis.com/es/sliema/malta-multi-pass/";"V. Tabone Travel";"mrizzo@vtabonetravel.com";"+35 699 860 114";"V. Tabone Travel Limited | 5 Olive Street, The Gardens, St. Julians, Malta";"";"75584.73";"22";"327";"7.5";"CLP";"2026-02-16"
"Malta";"Sliema";"Tour en tuk tuk por Gozo + Paseo en barco por Comino y la Laguna Azul";"https://www.civitatis.com/es/sliema/tuk-tuk-gozo-barco-comino/";"Robert Arrigo & Sons Ltd.";"keith@robertarrigo.com";"+356 2328 5555";"Robert Arrigo & Sons Ltd. | 51, Censu Tabone Street,, St. Julian's, Malta";"";"91781.46";"127";"957";"8.3";"CLP";"2026-02-16"
"Malta";"Sliema";"Autobús turístico de Malta";"https://www.civitatis.com/es/sliema/autobus-turistico-malta/";"City Sightseeing Eur";"bookings@city-sightseeing.com";"+44 0 1789 299123";"City Sightseeing Ltd | Suite 8 Floor 3 Grosvenor House Redditch, Worcestershire, Reino Unido";"";"37792.36";"107";"1992";"6.3";"CLP";"2026-02-16"
"Malta";"Sliema";"Ferry a las islas de Gozo y Comino";"https://www.civitatis.com/es/sliema/ferry-islas-gozo-comino/";"V. Tabone Travel";"mrizzo@vtabonetravel.com";"+35 699 860 114";"V. Tabone Travel Limited | 5 Olive Street, The Gardens, St. Julians, Malta";"";"38872.15";"102";"3063";"7.3";"CLP";"2026-02-16"
"Malta";"Sliema";"Tour en quad por Mellieħa";"https://www.civitatis.com/es/sliema/tour-quad-mellieha/";"Robert Arrigo & Sons Ltd.";"keith@robertarrigo.com";"+356 2328 5555";"Robert Arrigo & Sons Ltd. | 51, Censu Tabone Street,, St. Julian's, Malta";"";"87462.33";"0";"6";"0.0";"CLP";"2026-02-16"
"Malta";"Sliema";"Malta Discount Card";"https://www.civitatis.com/es/sliema/malta-discount-card/";"Malta Discount Card";"info@maltadiscountcard.com";"+356 79211329";"Malta Discount Card | Po Box 35 Malta International Airport, luqa, Malta";"";"43180.48";"0";"17";"0.0";"CLP";"2026-02-16"
"Malta";"Sliema";"Paseo en goleta por las islas de Gozo y Comino";"https://www.civitatis.com/es/sliema/paseo-goleta-gozo-comino/";"V. Tabone Travel";"mrizzo@vtabonetravel.com";"+35 699 860 114";"V. Tabone Travel Limited | 5 Olive Street, The Gardens, St. Julians, Malta";"";"80983.64";"241";"2997";"7.5";"CLP";"2026-02-16"
"Malta";"Sliema";"Fiesta en barco pirata por la bahía de Sliema";"https://www.civitatis.com/es/sliema/fiesta-barco-pirata-sliema/";"Trendy Group Malta";"info@lazypiratemalta.com";"+356 9995 0999";"Trendy Group Malta Limited | RITA VILLE, 1, TRIQ IL-HEMEL, Swieqi, Malta";"";"74504.95";"9";"445";"7.3";"CLP";"2026-02-16"
"Malta";"Sliema";"Crucero en catamarán a la isla de Comino y la Laguna Azul";"https://www.civitatis.com/es/sliema/crucero-comino-laguna-azul/";"Trendy Group Malta";"info@lazypiratemalta.com";"+356 9995 0999";"Trendy Group Malta Limited | RITA VILLE, 1, TRIQ IL-HEMEL, Swieqi, Malta";"";"96100.59";"10";"128";"8.0";"CLP";"2026-02-16"
"Malta";"San Pawl il-Baħar";"Alquiler de barco con patrón en Malta";"https://www.civitatis.com/es/san-pawl-il-bahar/alquiler-barco-patron-malta/";"Josil Azzopardi";"boattripsmalta@gmail.com";"+35677007669";"Josil Azzopardi | 166, Parades Street, St.Pauls Bay, St Pauls Bay, Malta";"";"160887.51";"1";"33";"10.0";"CLP";"2026-02-16"
"Malta";"San Pawl il-Baħar";"Tour por las Tres Ciudades de Malta";"https://www.civitatis.com/es/san-pawl-il-bahar/tour-tres-ciudades/";"V. Tabone Travel";"mrizzo@vtabonetravel.com";"+35 699 860 114";"V. Tabone Travel Limited | 5 Olive Street, The Gardens, St. Julians, Malta";"";"43191.27";"1201";"9922";"8.1";"CLP";"2026-02-16"
"Malta";"San Pawl il-Baħar";"Tour en tuk tuk por Gozo + Paseo en barco por Comino y la Laguna Azul";"https://www.civitatis.com/es/san-pawl-il-bahar/tuk-tuk-gozo-barco-comino/";"Robert Arrigo & Sons Ltd.";"keith@robertarrigo.com";"+356 2328 5555";"Robert Arrigo & Sons Ltd. | 51, Censu Tabone Street,, St. Julian's, Malta";"";"91781.46";"127";"957";"8.3";"CLP";"2026-02-16"
"Malta";"San Pawl il-Baħar";"Excursión a Mdina y los acantilados de Dingli";"https://www.civitatis.com/es/san-pawl-il-bahar/excursion-mdina-acantilados-dingli/";"V. Tabone Travel";"mrizzo@vtabonetravel.com";"+35 699 860 114";"V. Tabone Travel Limited | 5 Olive Street, The Gardens, St. Julians, Malta";"";"38872.15";"895";"7515";"7.4";"CLP";"2026-02-16"
"Malta";"San Pawl il-Baħar";"Visita guiada por La Valeta";"https://www.civitatis.com/es/san-pawl-il-bahar/tour-valeta-malta-experience/";"V. Tabone Travel";"mrizzo@vtabonetravel.com";"+35 699 860 114";"V. Tabone Travel Limited | 5 Olive Street, The Gardens, St. Julians, Malta";"";"21595.63";"278";"2564";"8.5";"CLP";"2026-02-16"
"Malta";"San Pawl il-Baħar";"Excursión a Gozo";"https://www.civitatis.com/es/san-pawl-il-bahar/excursion-gozo/";"V. Tabone Travel";"mrizzo@vtabonetravel.com";"+35 699 860 114";"V. Tabone Travel Limited | 5 Olive Street, The Gardens, St. Julians, Malta";"";"86382.55";"1025";"7553";"7.2";"CLP";"2026-02-16"
"Malta";"San Pawl il-Baħar";"Traslados en San Pawl il-Baħar";"https://www.civitatis.com/es/san-pawl-il-bahar/traslados/";"No especificado / Único";"N/A";"N/A";"N/A";"";"7558.47";"907";"15855";"8.5";"CLP";"2026-02-16"
"Malta";"San Pawl il-Baħar";"Excursión a Marsaxlokk y la Gruta Azul";"https://www.civitatis.com/es/san-pawl-il-bahar/excursion-marsaxlokk-gruta-azul/";"V. Tabone Travel";"mrizzo@vtabonetravel.com";"+35 699 860 114";"V. Tabone Travel Limited | 5 Olive Street, The Gardens, St. Julians, Malta";"";"41031.71";"523";"4616";"6.8";"CLP";"2026-02-16"
"Malta";"San Pawl il-Baħar";"Templos de Hagar Qim y Gruta Azul";"https://www.civitatis.com/es/san-pawl-il-bahar/hagar-qim-gruta-azul-marsaxlokk/";"V. Tabone Travel";"mrizzo@vtabonetravel.com";"+35 699 860 114";"V. Tabone Travel Limited | 5 Olive Street, The Gardens, St. Julians, Malta";"";"38872.15";"420";"3673";"7.7";"CLP";"2026-02-16"
"Malta";"San Pawl il-Baħar";"Crucero por los puertos de La Valeta";"https://www.civitatis.com/es/san-pawl-il-bahar/crucero-puertos-malta/";"Robert Arrigo & Sons Ltd.";"keith@robertarrigo.com";"+356 2328 5555";"Robert Arrigo & Sons Ltd. | 51, Censu Tabone Street,, St. Julian's, Malta";"";"21595.63";"10";"244";"7.2";"CLP";"2026-02-16"
"Malta";"San Pawl il-Baħar";"Tour nocturno por Malta";"https://www.civitatis.com/es/san-pawl-il-bahar/tour-nocturno-malta/";"V. Tabone Travel";"mrizzo@vtabonetravel.com";"+35 699 860 114";"V. Tabone Travel Limited | 5 Olive Street, The Gardens, St. Julians, Malta";"";"39951.93";"110";"995";"7.8";"CLP";"2026-02-16"
"Malta";"San Pawl il-Baħar";"Autobús turístico de Malta";"https://www.civitatis.com/es/san-pawl-il-bahar/autobus-turistico-malta/";"City Sightseeing Eur";"bookings@city-sightseeing.com";"+44 0 1789 299123";"City Sightseeing Ltd | Suite 8 Floor 3 Grosvenor House Redditch, Worcestershire, Reino Unido";"";"37792.36";"107";"1992";"6.3";"CLP";"2026-02-16"
"Malta";"San Pawl il-Baħar";"Entrada al Acuario Nacional de Malta";"https://www.civitatis.com/es/san-pawl-il-bahar/entrada-acuario-nacional-malta/";"V. Tabone Travel";"mrizzo@vtabonetravel.com";"+35 699 860 114";"V. Tabone Travel Limited | 5 Olive Street, The Gardens, St. Julians, Malta";"";"18248.31";"24";"616";"8.3";"CLP";"2026-02-16"
"Malta";"San Pawl il-Baħar";"Malta Multi Pass";"https://www.civitatis.com/es/san-pawl-il-bahar/malta-multi-pass/";"V. Tabone Travel";"mrizzo@vtabonetravel.com";"+35 699 860 114";"V. Tabone Travel Limited | 5 Olive Street, The Gardens, St. Julians, Malta";"";"75584.73";"22";"327";"7.5";"CLP";"2026-02-16"
"Malta";"San Pawl il-Baħar";"Visita a la fábrica de cerveza The Farsons con audioguía";"https://www.civitatis.com/es/san-pawl-il-bahar/visita-fabrica-cerveza-farsons/";"V. Tabone Travel";"mrizzo@vtabonetravel.com";"+35 699 860 114";"V. Tabone Travel Limited | 5 Olive Street, The Gardens, St. Julians, Malta";"";"36712.58";"0";"6";"0.0";"CLP";"2026-02-16"
"Malta";"San Pawl il-Baħar";"Tour en quad por Mellieħa";"https://www.civitatis.com/es/san-pawl-il-bahar/tour-quad-mellieha/";"Robert Arrigo & Sons Ltd.";"keith@robertarrigo.com";"+356 2328 5555";"Robert Arrigo & Sons Ltd. | 51, Censu Tabone Street,, St. Julian's, Malta";"";"87462.33";"0";"6";"0.0";"CLP";"2026-02-16"
"Malta";"San Pawl il-Baħar";"Malta Discount Card";"https://www.civitatis.com/es/san-pawl-il-bahar/malta-discount-card/";"Malta Discount Card";"info@maltadiscountcard.com";"+356 79211329";"Malta Discount Card | Po Box 35 Malta International Airport, luqa, Malta";"";"43180.48";"0";"17";"0.0";"CLP";"2026-02-16"
"Malta";"San Pawl il-Baħar";"Paseo en goleta por las islas de Gozo y Comino";"https://www.civitatis.com/es/san-pawl-il-bahar/paseo-goleta-gozo-comino/";"V. Tabone Travel";"mrizzo@vtabonetravel.com";"+35 699 860 114";"V. Tabone Travel Limited | 5 Olive Street, The Gardens, St. Julians, Malta";"";"80983.64";"241";"2997";"7.5";"CLP";"2026-02-16"
"Malta";"San Pawl il-Baħar";"Bautismo de buceo en Malta";"https://www.civitatis.com/es/san-pawl-il-bahar/bautismo-buceo-malta/";"Ok Diving Malta";"info@okdivingmalta.com";"+35699740479";"OK Diving Malta Ltd. | 188, 21st September Avenue,, Naxxar, Malta";"";"86382.55";"7";"80";"9.7";"CLP";"2026-02-16"
"Malta";"Qawra";"Tour por las Tres Ciudades de Malta";"https://www.civitatis.com/es/qawra/tour-tres-ciudades/";"V. Tabone Travel";"mrizzo@vtabonetravel.com";"+35 699 860 114";"V. Tabone Travel Limited | 5 Olive Street, The Gardens, St. Julians, Malta";"";"43191.27";"1201";"9922";"8.1";"CLP";"2026-02-16"
"Malta";"Qawra";"Tour en tuk tuk por Gozo + Paseo en barco por Comino y la Laguna Azul";"https://www.civitatis.com/es/qawra/tuk-tuk-gozo-barco-comino/";"Robert Arrigo & Sons Ltd.";"keith@robertarrigo.com";"+356 2328 5555";"Robert Arrigo & Sons Ltd. | 51, Censu Tabone Street,, St. Julian's, Malta";"";"91781.46";"127";"957";"8.3";"CLP";"2026-02-16"
"Malta";"Qawra";"Excursión a Mdina y los acantilados de Dingli";"https://www.civitatis.com/es/qawra/excursion-mdina-acantilados-dingli/";"V. Tabone Travel";"mrizzo@vtabonetravel.com";"+35 699 860 114";"V. Tabone Travel Limited | 5 Olive Street, The Gardens, St. Julians, Malta";"";"38872.15";"895";"7515";"7.4";"CLP";"2026-02-16"
"Malta";"Qawra";"Visita guiada por La Valeta";"https://www.civitatis.com/es/qawra/tour-valeta-malta-experience/";"V. Tabone Travel";"mrizzo@vtabonetravel.com";"+35 699 860 114";"V. Tabone Travel Limited | 5 Olive Street, The Gardens, St. Julians, Malta";"";"21595.63";"278";"2564";"8.5";"CLP";"2026-02-16"
"Malta";"Qawra";"Traslados en Qawra";"https://www.civitatis.com/es/qawra/traslados/";"No especificado / Único";"N/A";"N/A";"N/A";"";"7558.47";"907";"15855";"8.5";"CLP";"2026-02-16"
"Malta";"Qawra";"Excursión a Gozo";"https://www.civitatis.com/es/qawra/excursion-gozo/";"V. Tabone Travel";"mrizzo@vtabonetravel.com";"+35 699 860 114";"V. Tabone Travel Limited | 5 Olive Street, The Gardens, St. Julians, Malta";"";"86382.55";"1025";"7553";"7.2";"CLP";"2026-02-16"
"Malta";"Qawra";"Excursión a Marsaxlokk y la Gruta Azul";"https://www.civitatis.com/es/qawra/excursion-marsaxlokk-gruta-azul/";"V. Tabone Travel";"mrizzo@vtabonetravel.com";"+35 699 860 114";"V. Tabone Travel Limited | 5 Olive Street, The Gardens, St. Julians, Malta";"";"41031.71";"523";"4616";"6.8";"CLP";"2026-02-16"
"Malta";"Qawra";"Templos de Hagar Qim y Gruta Azul";"https://www.civitatis.com/es/qawra/hagar-qim-gruta-azul-marsaxlokk/";"V. Tabone Travel";"mrizzo@vtabonetravel.com";"+35 699 860 114";"V. Tabone Travel Limited | 5 Olive Street, The Gardens, St. Julians, Malta";"";"38872.15";"420";"3673";"7.7";"CLP";"2026-02-16"
"Malta";"Qawra";"Crucero por los puertos de La Valeta";"https://www.civitatis.com/es/qawra/crucero-puertos-malta/";"Robert Arrigo & Sons Ltd.";"keith@robertarrigo.com";"+356 2328 5555";"Robert Arrigo & Sons Ltd. | 51, Censu Tabone Street,, St. Julian's, Malta";"";"21595.63";"10";"244";"7.2";"CLP";"2026-02-16"
"Malta";"Qawra";"Tour nocturno por Malta";"https://www.civitatis.com/es/qawra/tour-nocturno-malta/";"V. Tabone Travel";"mrizzo@vtabonetravel.com";"+35 699 860 114";"V. Tabone Travel Limited | 5 Olive Street, The Gardens, St. Julians, Malta";"";"39951.93";"110";"995";"7.8";"CLP";"2026-02-16"
"Malta";"Qawra";"Autobús turístico de Malta";"https://www.civitatis.com/es/qawra/autobus-turistico-malta/";"City Sightseeing Eur";"bookings@city-sightseeing.com";"+44 0 1789 299123";"City Sightseeing Ltd | Suite 8 Floor 3 Grosvenor House Redditch, Worcestershire, Reino Unido";"";"37792.36";"107";"1992";"6.3";"CLP";"2026-02-16"
"Malta";"Qawra";"Entrada al Museo de Coches Clásicos de Malta";"https://www.civitatis.com/es/qawra/entrada-museo-coches-clasicos-malta/";"V. Tabone Travel";"mrizzo@vtabonetravel.com";"+35 699 860 114";"V. Tabone Travel Limited | 5 Olive Street, The Gardens, St. Julians, Malta";"";"10797.81";"4";"93";"9.0";"CLP";"2026-02-16"
"Malta";"Qawra";"Visita a la fábrica de cerveza The Farsons con audioguía";"https://www.civitatis.com/es/qawra/visita-fabrica-cerveza-farsons/";"V. Tabone Travel";"mrizzo@vtabonetravel.com";"+35 699 860 114";"V. Tabone Travel Limited | 5 Olive Street, The Gardens, St. Julians, Malta";"";"36712.58";"0";"6";"0.0";"CLP";"2026-02-16"
"Malta";"Qawra";"Tour en quad por Mellieħa";"https://www.civitatis.com/es/qawra/tour-quad-mellieha/";"Robert Arrigo & Sons Ltd.";"keith@robertarrigo.com";"+356 2328 5555";"Robert Arrigo & Sons Ltd. | 51, Censu Tabone Street,, St. Julian's, Malta";"";"87462.33";"0";"6";"0.0";"CLP";"2026-02-16"
"Malta";"Qawra";"Malta Discount Card";"https://www.civitatis.com/es/qawra/malta-discount-card/";"Malta Discount Card";"info@maltadiscountcard.com";"+356 79211329";"Malta Discount Card | Po Box 35 Malta International Airport, luqa, Malta";"";"43180.48";"0";"17";"0.0";"CLP";"2026-02-16"
"Malta";"Qawra";"Paseo en goleta por las islas de Gozo y Comino";"https://www.civitatis.com/es/qawra/paseo-goleta-gozo-comino/";"V. Tabone Travel";"mrizzo@vtabonetravel.com";"+35 699 860 114";"V. Tabone Travel Limited | 5 Olive Street, The Gardens, St. Julians, Malta";"";"80983.64";"241";"2997";"7.5";"CLP";"2026-02-16"
"Malta";"San Julián";"Tour por las Tres Ciudades de Malta";"https://www.civitatis.com/es/san-julian/tour-tres-ciudades/";"V. Tabone Travel";"mrizzo@vtabonetravel.com";"+35 699 860 114";"V. Tabone Travel Limited | 5 Olive Street, The Gardens, St. Julians, Malta";"";"43191.27";"1201";"9922";"8.1";"CLP";"2026-02-16"
"Malta";"San Julián";"Tour en tuk tuk por Gozo + Paseo en barco por Comino y la Laguna Azul";"https://www.civitatis.com/es/san-julian/tuk-tuk-gozo-barco-comino/";"Robert Arrigo & Sons Ltd.";"keith@robertarrigo.com";"+356 2328 5555";"Robert Arrigo & Sons Ltd. | 51, Censu Tabone Street,, St. Julian's, Malta";"";"91781.46";"127";"957";"8.3";"CLP";"2026-02-16"
"Malta";"San Julián";"Excursión a Mdina y los acantilados de Dingli";"https://www.civitatis.com/es/san-julian/excursion-mdina-acantilados-dingli/";"V. Tabone Travel";"mrizzo@vtabonetravel.com";"+35 699 860 114";"V. Tabone Travel Limited | 5 Olive Street, The Gardens, St. Julians, Malta";"";"38872.15";"895";"7515";"7.4";"CLP";"2026-02-16"
"Malta";"San Julián";"Visita guiada por La Valeta";"https://www.civitatis.com/es/san-julian/tour-valeta-malta-experience/";"V. Tabone Travel";"mrizzo@vtabonetravel.com";"+35 699 860 114";"V. Tabone Travel Limited | 5 Olive Street, The Gardens, St. Julians, Malta";"";"21595.63";"278";"2564";"8.5";"CLP";"2026-02-16"
"Malta";"San Julián";"Excursión a Gozo";"https://www.civitatis.com/es/san-julian/excursion-gozo/";"V. Tabone Travel";"mrizzo@vtabonetravel.com";"+35 699 860 114";"V. Tabone Travel Limited | 5 Olive Street, The Gardens, St. Julians, Malta";"";"86382.55";"1025";"7553";"7.2";"CLP";"2026-02-16"
"Malta";"San Julián";"Excursión a Marsaxlokk y la Gruta Azul";"https://www.civitatis.com/es/san-julian/excursion-marsaxlokk-gruta-azul/";"V. Tabone Travel";"mrizzo@vtabonetravel.com";"+35 699 860 114";"V. Tabone Travel Limited | 5 Olive Street, The Gardens, St. Julians, Malta";"";"41031.71";"523";"4616";"6.8";"CLP";"2026-02-16"
"Malta";"San Julián";"Traslados en San Julián";"https://www.civitatis.com/es/san-julian/traslados/";"No especificado / Único";"N/A";"N/A";"N/A";"";"7558.47";"907";"15855";"8.5";"CLP";"2026-02-16"
"Malta";"San Julián";"Templos de Hagar Qim y Gruta Azul";"https://www.civitatis.com/es/san-julian/hagar-qim-gruta-azul-marsaxlokk/";"V. Tabone Travel";"mrizzo@vtabonetravel.com";"+35 699 860 114";"V. Tabone Travel Limited | 5 Olive Street, The Gardens, St. Julians, Malta";"";"38872.15";"420";"3673";"7.7";"CLP";"2026-02-16"
"Malta";"San Julián";"Crucero por los puertos de La Valeta";"https://www.civitatis.com/es/san-julian/crucero-puertos-malta/";"Robert Arrigo & Sons Ltd.";"keith@robertarrigo.com";"+356 2328 5555";"Robert Arrigo & Sons Ltd. | 51, Censu Tabone Street,, St. Julian's, Malta";"";"21595.63";"10";"244";"7.2";"CLP";"2026-02-16"
"Malta";"San Julián";"Tour nocturno por Malta";"https://www.civitatis.com/es/san-julian/tour-nocturno-malta/";"V. Tabone Travel";"mrizzo@vtabonetravel.com";"+35 699 860 114";"V. Tabone Travel Limited | 5 Olive Street, The Gardens, St. Julians, Malta";"";"39951.93";"110";"995";"7.8";"CLP";"2026-02-16"
"Malta";"San Julián";"Autobús turístico de Malta";"https://www.civitatis.com/es/san-julian/autobus-turistico-malta/";"City Sightseeing Eur";"bookings@city-sightseeing.com";"+44 0 1789 299123";"City Sightseeing Ltd | Suite 8 Floor 3 Grosvenor House Redditch, Worcestershire, Reino Unido";"";"37792.36";"107";"1992";"6.3";"CLP";"2026-02-16"
"Malta";"San Julián";"Tour en buggy por Gozo";"https://www.civitatis.com/es/san-julian/tour-buggy-gozo/";"V. Tabone Travel";"mrizzo@vtabonetravel.com";"+35 699 860 114";"V. Tabone Travel Limited | 5 Olive Street, The Gardens, St. Julians, Malta";"";"124174.92";"7";"35";"9.7";"CLP";"2026-02-16"
"Malta";"San Julián";"Visita a la fábrica de cerveza The Farsons con audioguía";"https://www.civitatis.com/es/san-julian/visita-fabrica-cerveza-farsons/";"V. Tabone Travel";"mrizzo@vtabonetravel.com";"+35 699 860 114";"V. Tabone Travel Limited | 5 Olive Street, The Gardens, St. Julians, Malta";"";"36712.58";"0";"6";"0.0";"CLP";"2026-02-16"
"Malta";"San Julián";"Tour en quad por Mellieħa";"https://www.civitatis.com/es/san-julian/tour-quad-mellieha/";"Robert Arrigo & Sons Ltd.";"keith@robertarrigo.com";"+356 2328 5555";"Robert Arrigo & Sons Ltd. | 51, Censu Tabone Street,, St. Julian's, Malta";"";"87462.33";"0";"6";"0.0";"CLP";"2026-02-16"
"Malta";"San Julián";"Paseo en goleta por las islas de Gozo y Comino";"https://www.civitatis.com/es/san-julian/paseo-goleta-gozo-comino/";"V. Tabone Travel";"mrizzo@vtabonetravel.com";"+35 699 860 114";"V. Tabone Travel Limited | 5 Olive Street, The Gardens, St. Julians, Malta";"";"80983.64";"241";"2997";"7.5";"CLP";"2026-02-16"
"Malta";"San Julián";"Parasailing en Malta";"https://www.civitatis.com/es/san-julian/parasailing-san-julian/";"Robert Arrigo & Sons Ltd.";"keith@robertarrigo.com";"+356 2328 5555";"Robert Arrigo & Sons Ltd. | 51, Censu Tabone Street,, St. Julian's, Malta";"";"59388.0";"1";"36";"8.0";"CLP";"2026-02-16"
"Malta";"Gżira";"Tour por las Tres Ciudades de Malta";"https://www.civitatis.com/es/gzira/tour-tres-ciudades/";"V. Tabone Travel";"mrizzo@vtabonetravel.com";"+35 699 860 114";"V. Tabone Travel Limited | 5 Olive Street, The Gardens, St. Julians, Malta";"";"43191.27";"1201";"9922";"8.1";"CLP";"2026-02-16"
"Malta";"Gżira";"Excursión a Mdina y los acantilados de Dingli";"https://www.civitatis.com/es/gzira/excursion-mdina-acantilados-dingli/";"V. Tabone Travel";"mrizzo@vtabonetravel.com";"+35 699 860 114";"V. Tabone Travel Limited | 5 Olive Street, The Gardens, St. Julians, Malta";"";"38872.15";"895";"7515";"7.4";"CLP";"2026-02-16"
"Malta";"Gżira";"Visita guiada por La Valeta";"https://www.civitatis.com/es/gzira/tour-valeta-malta-experience/";"V. Tabone Travel";"mrizzo@vtabonetravel.com";"+35 699 860 114";"V. Tabone Travel Limited | 5 Olive Street, The Gardens, St. Julians, Malta";"";"21595.63";"278";"2564";"8.5";"CLP";"2026-02-16"
"Malta";"Gżira";"Excursión a Gozo";"https://www.civitatis.com/es/gzira/excursion-gozo/";"V. Tabone Travel";"mrizzo@vtabonetravel.com";"+35 699 860 114";"V. Tabone Travel Limited | 5 Olive Street, The Gardens, St. Julians, Malta";"";"86382.55";"1025";"7553";"7.2";"CLP";"2026-02-16"
"Malta";"Gżira";"Traslados en Gżira";"https://www.civitatis.com/es/gzira/traslados/";"No especificado / Único";"N/A";"N/A";"N/A";"";"7558.47";"907";"15855";"8.5";"CLP";"2026-02-16"
"Malta";"Gżira";"Excursión a Marsaxlokk y la Gruta Azul";"https://www.civitatis.com/es/gzira/excursion-marsaxlokk-gruta-azul/";"V. Tabone Travel";"mrizzo@vtabonetravel.com";"+35 699 860 114";"V. Tabone Travel Limited | 5 Olive Street, The Gardens, St. Julians, Malta";"";"41031.71";"523";"4616";"6.8";"CLP";"2026-02-16"
"Malta";"Gżira";"Templos de Hagar Qim y Gruta Azul";"https://www.civitatis.com/es/gzira/hagar-qim-gruta-azul-marsaxlokk/";"V. Tabone Travel";"mrizzo@vtabonetravel.com";"+35 699 860 114";"V. Tabone Travel Limited | 5 Olive Street, The Gardens, St. Julians, Malta";"";"38872.15";"420";"3673";"7.7";"CLP";"2026-02-16"
"Malta";"Gżira";"Crucero por los puertos de La Valeta";"https://www.civitatis.com/es/gzira/crucero-puertos-malta/";"Robert Arrigo & Sons Ltd.";"keith@robertarrigo.com";"+356 2328 5555";"Robert Arrigo & Sons Ltd. | 51, Censu Tabone Street,, St. Julian's, Malta";"";"21595.63";"10";"244";"7.2";"CLP";"2026-02-16"
"Malta";"Gżira";"Tour nocturno por Malta";"https://www.civitatis.com/es/gzira/tour-nocturno-malta/";"V. Tabone Travel";"mrizzo@vtabonetravel.com";"+35 699 860 114";"V. Tabone Travel Limited | 5 Olive Street, The Gardens, St. Julians, Malta";"";"39951.93";"110";"995";"7.8";"CLP";"2026-02-16"
"Malta";"Gżira";"Autobús turístico de Malta";"https://www.civitatis.com/es/gzira/autobus-turistico-malta/";"City Sightseeing Eur";"bookings@city-sightseeing.com";"+44 0 1789 299123";"City Sightseeing Ltd | Suite 8 Floor 3 Grosvenor House Redditch, Worcestershire, Reino Unido";"";"37792.36";"107";"1992";"6.3";"CLP";"2026-02-16"
"Malta";"Gżira";"Visita a la fábrica de cerveza The Farsons con audioguía";"https://www.civitatis.com/es/gzira/visita-fabrica-cerveza-farsons/";"V. Tabone Travel";"mrizzo@vtabonetravel.com";"+35 699 860 114";"V. Tabone Travel Limited | 5 Olive Street, The Gardens, St. Julians, Malta";"";"36712.58";"0";"6";"0.0";"CLP";"2026-02-16"
"Malta";"La Valeta";"Free tour por La Valeta";"https://www.civitatis.com/es/la-valeta/free-tour-valeta/";"Que Hacer En Malta";"lasaventurasdemaltaman@gmail.com";"+356 77471344";"Jorge Vicioso Barrios | Loudes House, Triq Guze Borg, San Ġwann, Malta";"";"0.0";"5780";"95896";"9.4";"CLP";"2026-02-16"
"Malta";"La Valeta";"Excursión por Malta para cruceros";"https://www.civitatis.com/es/la-valeta/excursion-malta-para-cruceros/";"Shore2Shore";"info@shore2shore.es";"928 51 53 52";"CALIMA SHORE TRAVEL S.L. | CALLE PARDELERA 8, Puerto Del Carmen, España";"";"34553.02";"190";"4840";"8.3";"CLP";"2026-02-16"
"Malta";"La Valeta";"Entrada a The Malta Experience + Santa Enfermería";"https://www.civitatis.com/es/la-valeta/entrada-malta-experience-santa-enfermeria/";"V. Tabone Travel";"mrizzo@vtabonetravel.com";"+35 699 860 114";"V. Tabone Travel Limited | 5 Olive Street, The Gardens, St. Julians, Malta";"";"17276.51";"39";"629";"8.7";"CLP";"2026-02-16"
"Malta";"La Valeta";"Entrada a la Casa Rocca Piccola";"https://www.civitatis.com/es/la-valeta/entrada-casa-rocca-piccola/";"V. Tabone Travel";"mrizzo@vtabonetravel.com";"+35 699 860 114";"V. Tabone Travel Limited | 5 Olive Street, The Gardens, St. Julians, Malta";"";"10257.92";"77";"940";"9.0";"CLP";"2026-02-16"
"Malta";"La Valeta";"Entrada a Malta 5D";"https://www.civitatis.com/es/la-valeta/entrada-malta-5d/";"V. Tabone Travel";"mrizzo@vtabonetravel.com";"+35 699 860 114";"V. Tabone Travel Limited | 5 Olive Street, The Gardens, St. Julians, Malta";"";"10797.81";"5";"91";"8.4";"CLP";"2026-02-16"
"Malta";"La Valeta";"Traslados en La Valeta";"https://www.civitatis.com/es/la-valeta/traslados/";"No especificado / Único";"N/A";"N/A";"N/A";"";"7558.47";"907";"15855";"8.5";"CLP";"2026-02-16"
"Malta";"La Valeta";"Autobús turístico de Malta";"https://www.civitatis.com/es/la-valeta/autobus-turistico-malta/";"City Sightseeing Eur";"bookings@city-sightseeing.com";"+44 0 1789 299123";"City Sightseeing Ltd | Suite 8 Floor 3 Grosvenor House Redditch, Worcestershire, Reino Unido";"";"37792.36";"107";"1992";"6.3";"CLP";"2026-02-16"
"Malta";"La Valeta";"Entrada al museo Mysterium Fidei del monasterio de Santa Catalina";"https://www.civitatis.com/es/la-valeta/entrada-mysterium-fidei/";"Robert Arrigo & Sons Ltd.";"keith@robertarrigo.com";"+356 2328 5555";"Robert Arrigo & Sons Ltd. | 51, Censu Tabone Street,, St. Julian's, Malta";"";"8638.25";"0";"39";"0.0";"CLP";"2026-02-16"
"Malta";"La Valeta";"Tour por las Tres Ciudades de Malta";"https://www.civitatis.com/es/la-valeta/tour-tres-ciudades/";"V. Tabone Travel";"mrizzo@vtabonetravel.com";"+35 699 860 114";"V. Tabone Travel Limited | 5 Olive Street, The Gardens, St. Julians, Malta";"";"43191.27";"1201";"9922";"8.1";"CLP";"2026-02-16"
"Malta";"La Valeta";"Tour en tuk tuk por Gozo + Paseo en barco por Comino y la Laguna Azul";"https://www.civitatis.com/es/la-valeta/tuk-tuk-gozo-barco-comino/";"Robert Arrigo & Sons Ltd.";"keith@robertarrigo.com";"+356 2328 5555";"Robert Arrigo & Sons Ltd. | 51, Censu Tabone Street,, St. Julian's, Malta";"";"91781.46";"127";"957";"8.3";"CLP";"2026-02-16"
"Malta";"La Valeta";"Excursión a Mdina y los acantilados de Dingli";"https://www.civitatis.com/es/la-valeta/excursion-mdina-acantilados-dingli/";"V. Tabone Travel";"mrizzo@vtabonetravel.com";"+35 699 860 114";"V. Tabone Travel Limited | 5 Olive Street, The Gardens, St. Julians, Malta";"";"38872.15";"895";"7515";"7.4";"CLP";"2026-02-16"
"Malta";"La Valeta";"Visita guiada por La Valeta";"https://www.civitatis.com/es/la-valeta/tour-valeta-malta-experience/";"V. Tabone Travel";"mrizzo@vtabonetravel.com";"+35 699 860 114";"V. Tabone Travel Limited | 5 Olive Street, The Gardens, St. Julians, Malta";"";"21595.63";"278";"2564";"8.5";"CLP";"2026-02-16"
"Malta";"La Valeta";"Excursión a Gozo";"https://www.civitatis.com/es/la-valeta/excursion-gozo/";"V. Tabone Travel";"mrizzo@vtabonetravel.com";"+35 699 860 114";"V. Tabone Travel Limited | 5 Olive Street, The Gardens, St. Julians, Malta";"";"86382.55";"1025";"7553";"7.2";"CLP";"2026-02-16"
"Malta";"La Valeta";"Excursión a Marsaxlokk y la Gruta Azul";"https://www.civitatis.com/es/la-valeta/excursion-marsaxlokk-gruta-azul/";"V. Tabone Travel";"mrizzo@vtabonetravel.com";"+35 699 860 114";"V. Tabone Travel Limited | 5 Olive Street, The Gardens, St. Julians, Malta";"";"41031.71";"523";"4616";"6.8";"CLP";"2026-02-16"
"Malta";"La Valeta";"Templos de Hagar Qim y Gruta Azul";"https://www.civitatis.com/es/la-valeta/hagar-qim-gruta-azul-marsaxlokk/";"V. Tabone Travel";"mrizzo@vtabonetravel.com";"+35 699 860 114";"V. Tabone Travel Limited | 5 Olive Street, The Gardens, St. Julians, Malta";"";"38872.15";"420";"3673";"7.7";"CLP";"2026-02-16"
"Malta";"La Valeta";"Crucero por los puertos de La Valeta";"https://www.civitatis.com/es/la-valeta/crucero-puertos-malta/";"Robert Arrigo & Sons Ltd.";"keith@robertarrigo.com";"+356 2328 5555";"Robert Arrigo & Sons Ltd. | 51, Censu Tabone Street,, St. Julian's, Malta";"";"21595.63";"10";"244";"7.2";"CLP";"2026-02-16"
"Malta";"La Valeta";"Tour nocturno por Malta";"https://www.civitatis.com/es/la-valeta/tour-nocturno-malta/";"V. Tabone Travel";"mrizzo@vtabonetravel.com";"+35 699 860 114";"V. Tabone Travel Limited | 5 Olive Street, The Gardens, St. Julians, Malta";"";"39951.93";"110";"995";"7.8";"CLP";"2026-02-16"
"Malta";"La Valeta";"Malta Multi Pass";"https://www.civitatis.com/es/la-valeta/malta-multi-pass/";"V. Tabone Travel";"mrizzo@vtabonetravel.com";"+35 699 860 114";"V. Tabone Travel Limited | 5 Olive Street, The Gardens, St. Julians, Malta";"";"75584.73";"22";"327";"7.5";"CLP";"2026-02-16"
"Malta";"La Valeta";"Tour de comida callejera por La Valeta";"https://www.civitatis.com/es/la-valeta/tour-comida-callejera-valeta/";"V. Tabone Travel";"mrizzo@vtabonetravel.com";"+35 699 860 114";"V. Tabone Travel Limited | 5 Olive Street, The Gardens, St. Julians, Malta";"";"59388.0";"4";"31";"10.0";"CLP";"2026-02-16"
"Malta";"La Valeta";"Tour en quad por Mellieħa";"https://www.civitatis.com/es/la-valeta/tour-quad-mellieha/";"Robert Arrigo & Sons Ltd.";"keith@robertarrigo.com";"+356 2328 5555";"Robert Arrigo & Sons Ltd. | 51, Censu Tabone Street,, St. Julian's, Malta";"";"87462.33";"0";"6";"0.0";"CLP";"2026-02-16"
"Malta";"La Valeta";"Visita a la fábrica de cerveza The Farsons con audioguía";"https://www.civitatis.com/es/la-valeta/visita-fabrica-cerveza-farsons/";"V. Tabone Travel";"mrizzo@vtabonetravel.com";"+35 699 860 114";"V. Tabone Travel Limited | 5 Olive Street, The Gardens, St. Julians, Malta";"";"36712.58";"0";"6";"0.0";"CLP";"2026-02-16"
"Malta";"La Valeta";"Excursión a Ragusa, Módica y Scicli en barco";"https://www.civitatis.com/es/la-valeta/excursion-ragusa-modica-scicli/";"Virtu Ferries";"ipontolillo@virtuferries.com";"+356 22069022";"Virtu Ferries Limited | Princess Elizabeth Terrace, Ta'Xbiex, Malta";"";"148577.99";"0";"0";"0.0";"CLP";"2026-02-16"
"Malta";"La Valeta";"Malta Discount Card";"https://www.civitatis.com/es/la-valeta/malta-discount-card/";"Malta Discount Card";"info@maltadiscountcard.com";"+356 79211329";"Malta Discount Card | Po Box 35 Malta International Airport, luqa, Malta";"";"43180.48";"0";"17";"0.0";"CLP";"2026-02-16"
"Malta";"La Valeta";"Paseo en goleta por las islas de Gozo y Comino";"https://www.civitatis.com/es/la-valeta/paseo-goleta-gozo-comino/";"V. Tabone Travel";"mrizzo@vtabonetravel.com";"+35 699 860 114";"V. Tabone Travel Limited | 5 Olive Street, The Gardens, St. Julians, Malta";"";"80983.64";"241";"2997";"7.5";"CLP";"2026-02-16"
"Malta";"La Valeta";"Excursión al Etna y Taormina en barco";"https://www.civitatis.com/es/la-valeta/excursion-etna-taormina/";"Virtu Ferries";"ipontolillo@virtuferries.com";"+356 22069022";"Virtu Ferries Limited | Princess Elizabeth Terrace, Ta'Xbiex, Malta";"";"168445.98";"0";"3";"0.0";"CLP";"2026-02-16"
"Malta";"La Valeta";"Tour en quad por Gozo + Paseo en barco por Comino";"https://www.civitatis.com/es/la-valeta/quad-gozo-barco-comino/";"Robert Arrigo & Sons Ltd.";"keith@robertarrigo.com";"+356 2328 5555";"Robert Arrigo & Sons Ltd. | 51, Censu Tabone Street,, St. Julian's, Malta";"";"105278.74";"0";"2";"0.0";"CLP";"2026-02-16"
"Malta";"Ċirkewwa ";"Tour por las Tres Ciudades de Malta";"https://www.civitatis.com/es/cirkewwa/tour-tres-ciudades/";"V. Tabone Travel";"mrizzo@vtabonetravel.com";"+35 699 860 114";"V. Tabone Travel Limited | 5 Olive Street, The Gardens, St. Julians, Malta";"";"43191.27";"1201";"9922";"8.1";"CLP";"2026-02-16"
"Malta";"Ċirkewwa ";"Excursión a Mdina y los acantilados de Dingli";"https://www.civitatis.com/es/cirkewwa/excursion-mdina-acantilados-dingli/";"V. Tabone Travel";"mrizzo@vtabonetravel.com";"+35 699 860 114";"V. Tabone Travel Limited | 5 Olive Street, The Gardens, St. Julians, Malta";"";"38872.15";"895";"7515";"7.4";"CLP";"2026-02-16"
"Malta";"Ċirkewwa ";"Visita guiada por La Valeta";"https://www.civitatis.com/es/cirkewwa/tour-valeta-malta-experience/";"V. Tabone Travel";"mrizzo@vtabonetravel.com";"+35 699 860 114";"V. Tabone Travel Limited | 5 Olive Street, The Gardens, St. Julians, Malta";"";"21595.63";"278";"2564";"8.5";"CLP";"2026-02-16"
"Malta";"Ċirkewwa ";"Excursión a Gozo";"https://www.civitatis.com/es/cirkewwa/excursion-gozo/";"V. Tabone Travel";"mrizzo@vtabonetravel.com";"+35 699 860 114";"V. Tabone Travel Limited | 5 Olive Street, The Gardens, St. Julians, Malta";"";"86382.55";"1025";"7553";"7.2";"CLP";"2026-02-16"
"Malta";"Ċirkewwa ";"Excursión a Marsaxlokk y la Gruta Azul";"https://www.civitatis.com/es/cirkewwa/excursion-marsaxlokk-gruta-azul/";"V. Tabone Travel";"mrizzo@vtabonetravel.com";"+35 699 860 114";"V. Tabone Travel Limited | 5 Olive Street, The Gardens, St. Julians, Malta";"";"41031.71";"523";"4616";"6.8";"CLP";"2026-02-16"
"Malta";"Ċirkewwa ";"Templos de Hagar Qim y Gruta Azul";"https://www.civitatis.com/es/cirkewwa/hagar-qim-gruta-azul-marsaxlokk/";"V. Tabone Travel";"mrizzo@vtabonetravel.com";"+35 699 860 114";"V. Tabone Travel Limited | 5 Olive Street, The Gardens, St. Julians, Malta";"";"38872.15";"420";"3673";"7.7";"CLP";"2026-02-16"
"Malta";"Ċirkewwa ";"Crucero por los puertos de La Valeta";"https://www.civitatis.com/es/cirkewwa/crucero-puertos-malta/";"Robert Arrigo & Sons Ltd.";"keith@robertarrigo.com";"+356 2328 5555";"Robert Arrigo & Sons Ltd. | 51, Censu Tabone Street,, St. Julian's, Malta";"";"21595.63";"10";"244";"7.2";"CLP";"2026-02-16"
"Malta";"Ċirkewwa ";"Tour nocturno por Malta";"https://www.civitatis.com/es/cirkewwa/tour-nocturno-malta/";"V. Tabone Travel";"mrizzo@vtabonetravel.com";"+35 699 860 114";"V. Tabone Travel Limited | 5 Olive Street, The Gardens, St. Julians, Malta";"";"39951.93";"110";"995";"7.8";"CLP";"2026-02-16"
"Malta";"Ċirkewwa ";"Tour en 4x4 por Gozo";"https://www.civitatis.com/es/cirkewwa/tour-4x4-gozo/";"V. Tabone Travel";"mrizzo@vtabonetravel.com";"+35 699 860 114";"V. Tabone Travel Limited | 5 Olive Street, The Gardens, St. Julians, Malta";"";"86382.55";"8";"113";"8.3";"CLP";"2026-02-16"
"Malta";"Ċirkewwa ";"Tour en quad por Gozo";"https://www.civitatis.com/es/cirkewwa/tour-quad-gozo/";"V. Tabone Travel";"mrizzo@vtabonetravel.com";"+35 699 860 114";"V. Tabone Travel Limited | 5 Olive Street, The Gardens, St. Julians, Malta";"";"124174.92";"11";"74";"8.4";"CLP";"2026-02-16"
"Malta";"Ċirkewwa ";"Tour en buggy por Gozo";"https://www.civitatis.com/es/cirkewwa/tour-buggy-gozo/";"V. Tabone Travel";"mrizzo@vtabonetravel.com";"+35 699 860 114";"V. Tabone Travel Limited | 5 Olive Street, The Gardens, St. Julians, Malta";"";"124174.92";"7";"35";"9.7";"CLP";"2026-02-16"
"Malta";"Ċirkewwa ";"Visita a la fábrica de cerveza The Farsons con audioguía";"https://www.civitatis.com/es/cirkewwa/visita-fabrica-cerveza-farsons/";"V. Tabone Travel";"mrizzo@vtabonetravel.com";"+35 699 860 114";"V. Tabone Travel Limited | 5 Olive Street, The Gardens, St. Julians, Malta";"";"36712.58";"0";"6";"0.0";"CLP";"2026-02-16"
"Malta";"Ċirkewwa ";"Malta Discount Card";"https://www.civitatis.com/es/cirkewwa/malta-discount-card/";"Malta Discount Card";"info@maltadiscountcard.com";"+356 79211329";"Malta Discount Card | Po Box 35 Malta International Airport, luqa, Malta";"";"43180.48";"0";"17";"0.0";"CLP";"2026-02-16"
"Malta";"Ċirkewwa ";"Paseo en goleta por las islas de Gozo y Comino";"https://www.civitatis.com/es/cirkewwa/paseo-goleta-gozo-comino/";"V. Tabone Travel";"mrizzo@vtabonetravel.com";"+35 699 860 114";"V. Tabone Travel Limited | 5 Olive Street, The Gardens, St. Julians, Malta";"";"80983.64";"241";"2997";"7.5";"CLP";"2026-02-16"
"Malta";"Ċirkewwa ";"Paseo en barco al atardecer por Comino y la Laguna Azul";"https://www.civitatis.com/es/cirkewwa/barco-atardecer-gozo-comino-laguna-azul/";"Josil Azzopardi";"boattripsmalta@gmail.com";"+35677007669";"Josil Azzopardi | 166, Parades Street, St.Pauls Bay, St Pauls Bay, Malta";"";"26994.54";"26";"236";"9.2";"CLP";"2026-02-16"
"Malta";"Mellieħa";"Entrada al pueblo de Popeye";"https://www.civitatis.com/es/melliea/entrada-pueblo-popeye/";"V. Tabone Travel";"mrizzo@vtabonetravel.com";"+35 699 860 114";"V. Tabone Travel Limited | 5 Olive Street, The Gardens, St. Julians, Malta";"";"16196.72";"325";"6276";"8.8";"CLP";"2026-02-16"
"Malta";"Mellieħa";"Crucero por Gozo, Comino y la Laguna Azul";"https://www.civitatis.com/es/melliea/crucero-gozo-comino-laguna-azul/";"Josil Azzopardi";"boattripsmalta@gmail.com";"+35677007669";"Josil Azzopardi | 166, Parades Street, St.Pauls Bay, St Pauls Bay, Malta";"";"32393.45";"35";"608";"8.6";"CLP";"2026-02-16"
"Malta";"Mellieħa";"Tour en tuk tuk por Gozo + Paseo en barco por Comino y la Laguna Azul";"https://www.civitatis.com/es/melliea/tuk-tuk-gozo-barco-comino/";"Robert Arrigo & Sons Ltd.";"keith@robertarrigo.com";"+356 2328 5555";"Robert Arrigo & Sons Ltd. | 51, Censu Tabone Street,, St. Julian's, Malta";"";"91781.46";"127";"957";"8.3";"CLP";"2026-02-16"
"Malta";"Mellieħa";"Tour en quad por Mellieħa";"https://www.civitatis.com/es/melliea/tour-quad-mellieha/";"Robert Arrigo & Sons Ltd.";"keith@robertarrigo.com";"+356 2328 5555";"Robert Arrigo & Sons Ltd. | 51, Censu Tabone Street,, St. Julian's, Malta";"";"87462.33";"0";"6";"0.0";"CLP";"2026-02-16"
"Malta";"Mellieħa";"Malta Discount Card";"https://www.civitatis.com/es/melliea/malta-discount-card/";"Malta Discount Card";"info@maltadiscountcard.com";"+356 79211329";"Malta Discount Card | Po Box 35 Malta International Airport, luqa, Malta";"";"43180.48";"0";"17";"0.0";"CLP";"2026-02-16"
"Malta";"Mellieħa";"Tour en quad por Gozo + Paseo en barco por Comino";"https://www.civitatis.com/es/melliea/quad-gozo-barco-comino/";"Robert Arrigo & Sons Ltd.";"keith@robertarrigo.com";"+356 2328 5555";"Robert Arrigo & Sons Ltd. | 51, Censu Tabone Street,, St. Julian's, Malta";"";"105278.74";"0";"2";"0.0";"CLP";"2026-02-16"
"Malta";"Mosta ";"Cena con espectáculo folclórico en Mosta";"https://www.civitatis.com/es/mosta/cena-espectaculo-folclorico-mosta/";"V. Tabone Travel";"mrizzo@vtabonetravel.com";"+35 699 860 114";"V. Tabone Travel Limited | 5 Olive Street, The Gardens, St. Julians, Malta";"";"75584.73";"23";"155";"8.9";"CLP";"2026-02-16"
"Malta";"Mosta ";"Malta Discount Card";"https://www.civitatis.com/es/mosta/malta-discount-card/";"Malta Discount Card";"info@maltadiscountcard.com";"+356 79211329";"Malta Discount Card | Po Box 35 Malta International Airport, luqa, Malta";"";"43180.48";"0";"17";"0.0";"CLP";"2026-02-16"
"Malta";"Birkirkara";"Visita a la fábrica de cerveza The Farsons con audioguía";"https://www.civitatis.com/es/birkirkara/visita-fabrica-cerveza-farsons/";"V. Tabone Travel";"mrizzo@vtabonetravel.com";"+35 699 860 114";"V. Tabone Travel Limited | 5 Olive Street, The Gardens, St. Julians, Malta";"";"36712.58";"0";"6";"0.0";"CLP";"2026-02-16"
"Malta";"Birgu";"Entrada al fuerte de San Ángel";"https://www.civitatis.com/es/birgu/entrada-fuerte-san-angel/";"Clio Muse Tours";"bookings@cliomusetours.com";"+302103006256";"Clio Muse Tours | Evripidou 14, 1st floor, Atenas, Grecia";"";"21595.63";"0";"7";"0.0";"CLP";"2026-02-16"
