"pais";"destino";"actividad";"url_actividad";"operador";"email";"telefono";"direccion";"descripcion";"precio_real";"opiniones";"viajeros";"rating";"moneda";"fecha_scan"
"Sudáfrica";"Ciudad del Cabo";"Tour privado por la península del Cabo";"https://www.civitatis.com/es/ciudad-cabo/tour-peninsula-cabo/";"Pisco Maurer (Alexandre Maurer)";"pisco@piscomaurer.co.za";"+277 208 48553";"PISCAROL CC | PO BOX 3494, Ciudad del Cabo, Sudáfrica";"";"433750.02";"217";"2320";"9.9";"CLP";"2026-02-16"
"Sudáfrica";"Ciudad del Cabo";"Tour privado por Ciudad del Cabo y la montaña de la Mesa";"https://www.civitatis.com/es/ciudad-cabo/tour-ciudad-cabo-montana-mesa/";"Pisco Maurer (Alexandre Maurer)";"pisco@piscomaurer.co.za";"+277 208 48553";"PISCAROL CC | PO BOX 3494, Ciudad del Cabo, Sudáfrica";"";"433750.02";"110";"1896";"9.6";"CLP";"2026-02-16"
"Sudáfrica";"Ciudad del Cabo";"Tour privado de viñedos por Stellenbosch";"https://www.civitatis.com/es/ciudad-cabo/tour-vinedos-stellenbosch/";"Pisco Maurer (Alexandre Maurer)";"pisco@piscomaurer.co.za";"+277 208 48553";"PISCAROL CC | PO BOX 3494, Ciudad del Cabo, Sudáfrica";"";"433750.02";"26";"754";"9.6";"CLP";"2026-02-16"
"Sudáfrica";"Ciudad del Cabo";"Cena con espectáculo en el restaurante Gold";"https://www.civitatis.com/es/ciudad-cabo/cena-espectaculo-restaurante-gold/";"African Eagle";"daytours@aecpt.co.za";"+ 27 21 464 4266";"African Eagle Cape Town Day | 2 Malta Rd, Ciudad del Cabo, Sudáfrica";"";"74243.61";"31";"386";"8.8";"CLP";"2026-02-16"
"Sudáfrica";"Ciudad del Cabo";"Traslados en Ciudad del Cabo";"https://www.civitatis.com/es/ciudad-cabo/traslados/";"No especificado / Único";"N/A";"N/A";"N/A";"";"38092.68";"73";"1426";"8.2";"CLP";"2026-02-16"
"Sudáfrica";"Ciudad del Cabo";"Autobús turístico de Ciudad del Cabo";"https://www.civitatis.com/es/ciudad-cabo/autobus-turistico-ciudad-cabo/";"City Sightseeing Gbp";"bookings@city-sightseeing.com";"+44 0 1789 299123";"City Sightseeing Ltd | Suite 8 Floor 3 Grosvenor House Redditch, Worcestershire, Reino Unido";"";"19863.72";"43";"565";"9.2";"CLP";"2026-02-16"
"Sudáfrica";"Ciudad del Cabo";"Visita guiada por Ciudad del Cabo";"https://www.civitatis.com/es/ciudad-cabo/visita-guiada-ciudad-cabo/";"Travel Africa Right";"travelafricaright@gmail.com";"0730627023";"Travel Africa Right | Woodstock, Ciudad del Cabo, Sudáfrica";"";"25699.71";"4";"37";"10.0";"CLP";"2026-02-16"
"Sudáfrica";"Ciudad del Cabo";"Paseo en barco por la bahía de la Mesa";"https://www.civitatis.com/es/ciudad-cabo/paseo-barco-bahia-mesa/";"African Eagle";"daytours@aecpt.co.za";"+ 27 21 464 4266";"African Eagle Cape Town Day | 2 Malta Rd, Ciudad del Cabo, Sudáfrica";"";"72530.29";"1";"20";"8.0";"CLP";"2026-02-16"
"Sudáfrica";"Ciudad del Cabo";"Tour por Ciudad del Cabo, Montaña de la Mesa e Isla Robben";"https://www.civitatis.com/es/ciudad-cabo/tour-montana-mesa-isla-robben/";"Kabura Travel & Tours";"info@kaburatravel.co.za";"+27214472720";"SIMBA BEYOND AFRICA SAFARIS (PYT) LTD | Unit 704 3 SOCATES WAY CENTURY, Ciudad del Cabo, Sudáfrica";"";"150486.08";"16";"821";"7.6";"CLP";"2026-02-16"
"Sudáfrica";"Ciudad del Cabo";"Excursión al Cabo de Buena Esperanza + Barrio malayo de Bo Kaap";"https://www.civitatis.com/es/ciudad-cabo/cabo-buena-esperanza-bo-kaap/";"Raw Tours (Pty) Ltd";"tremigeous@gmail.com";"+27710758442";"Raw Tours | No. 2, Stand 672 Lansdowne Road Lansdowne Cape Town, Ciudad del Cabo, Sudáfrica";"";"57110.47";"33";"295";"9.8";"CLP";"2026-02-16"
"Sudáfrica";"Ciudad del Cabo";"Free tour por un taller de diamantes y gemas";"https://www.civitatis.com/es/ciudad-cabo/free-tour-taller-diamantes-gemas/";"Afrogem";"leighann@afrogem.co.za";"0767268491";"Afrogem | 181 Buitengracht Street, Gardens, Cape Town, South Africa, 181 Agrogem, 181 Agrogem, Gardens, Sudáfrica";"";"0.0";"7";"192";"8.6";"CLP";"2026-02-16"
"Sudáfrica";"Ciudad del Cabo";"Paseo en helicóptero por Ciudad del Cabo";"https://www.civitatis.com/es/ciudad-cabo/paseo-helicoptero-ciudad-cabo/";"African Eagle";"daytours@aecpt.co.za";"+ 27 21 464 4266";"African Eagle Cape Town Day | 2 Malta Rd, Ciudad del Cabo, Sudáfrica";"";"170760.3";"14";"279";"8.3";"CLP";"2026-02-16"
"Sudáfrica";"Ciudad del Cabo";"Vuelo en parapente por Ciudad del Cabo";"https://www.civitatis.com/es/ciudad-cabo/vuelo-parapente/";"Jakobus Adriaan Du Plessis";"Info@icarusparagliding.co.za";"+277 939 11 144";"JAKOBUS ADRIAAN DU PLESSIS | 12 springbok close, Ciudad del Cabo, Sudáfrica";"";"91376.75";"4";"85";"6.5";"CLP";"2026-02-16"
"Sudáfrica";"Ciudad del Cabo";"Senderismo por la montaña Cabeza de León";"https://www.civitatis.com/es/ciudad-cabo/senderismo-cabeza-leon/";"Cape Mountain Guides";"capemountainguides@gmail.com";"+27 73 754 5465";"CAPE MOUNTAIN GUIDES (PTY) LTD | 16 Reyger Street, Ciudad del Cabo, Sudáfrica";"";"85665.7";"5";"36";"10.0";"CLP";"2026-02-16"
"Sudáfrica";"Ciudad del Cabo";"Tour en patinete todoterreno por Ciudad del Cabo";"https://www.civitatis.com/es/ciudad-cabo/tour-patinete-todoterreno-ciudad-cabo/";"Scootours Cpe Town Pty Ltd";"scootours.capetown@gmail.com";"0794902389";"Scootours CAPE TOWN (PTY) LTD | 16 Reyger Road, Simonswyk, Stellenbosch, Sudáfrica";"";"38835.11";"0";"16";"0.0";"CLP";"2026-02-16"
"Sudáfrica";"Ciudad del Cabo";"Tren de vapor al Mercado Ferroviario de Elgin";"https://www.civitatis.com/es/ciudad-cabo/tren-vapor-mercado-elgin/";"Ceres Rail Company";"rick@ceresrail.co.za";"+27794019353";"Cape Rail Company PTY LTD | 1A Apple Tree Street, Ceres Golf Estate, Ceres, Ceres, Sudáfrica";"";"55682.7";"2";"9";"9.0";"CLP";"2026-02-16"
"Sudáfrica";"Ciudad del Cabo";"Senderismo por la Garganta de los Esqueletos";"https://www.civitatis.com/es/ciudad-cabo/senderismo-garganta-esqueletos/";"Cape Mountain Guides";"capemountainguides@gmail.com";"+27 73 754 5465";"CAPE MOUNTAIN GUIDES (PTY) LTD | 16 Reyger Street, Ciudad del Cabo, Sudáfrica";"";"97087.79";"0";"4";"0.0";"CLP";"2026-02-16"
"Sudáfrica";"Ciudad del Cabo";"Tour en kayak por Ciudad del Cabo";"https://www.civitatis.com/es/ciudad-cabo/tour-kayak-ciudad-cabo/";"Kayak Adventures (Pty) Ltd";"info@kayakadventures.capetown";"0824978797";"Kayak Adventures (PTY) LTD | Hout Bay Boat Yard, Hout Bay Harbour, Hout Bay, Hout Bay, Sudáfrica";"";"25699.71";"0";"25";"0.0";"CLP";"2026-02-16"
"Sudáfrica";"Ciudad del Cabo";"Avistamiento de ballenas en Ciudad del Cabo";"https://www.civitatis.com/es/ciudad-cabo/avistamiento-ballenas-ciudad-cabo/";"African Eagle";"daytours@aecpt.co.za";"+ 27 21 464 4266";"African Eagle Cape Town Day | 2 Malta Rd, Ciudad del Cabo, Sudáfrica";"";"107938.78";"11";"210";"7.1";"CLP";"2026-02-16"
"Sudáfrica";"Ciudad del Cabo";"Baño con tiburones en False Bay";"https://www.civitatis.com/es/ciudad-cabo/bano-tiburones-false-bay/";"Apex Shark Expeditions";"bookings@apexsharkexpeditions.com";"+27790518558";"APEX SHARK EXPEDITIONS (PTY) LTD | 14 Thibault Walk Marina Da Gama 7945, Ciudad del Cabo, Sudáfrica";"";"219589.75";"4";"299";"8.0";"CLP";"2026-02-16"
"Sudáfrica";"Johannesburgo";"Safari por el Parque Pilanesberg";"https://www.civitatis.com/es/johannesburgo/safari-parque-pilanesberg-sun-city/";"Lanzate Tours";"carlos.cordeiro@lanzatetours.com";"27725632037";"Lanzate Tours CC | 2 Gloucester Avenue, Sandringham, Johannesburgo, Sudáfrica";"";"361280.22";"10";"179";"9.2";"CLP";"2026-02-16"
"Sudáfrica";"Johannesburgo";"Tour por Johannesburgo y Soweto + Museo del Apartheid";"https://www.civitatis.com/es/johannesburgo/tour-johannesburgo-completo-soweto/";"Lanzate Tours";"carlos.cordeiro@lanzatetours.com";"27725632037";"Lanzate Tours CC | 2 Gloucester Avenue, Sandringham, Johannesburgo, Sudáfrica";"";"144694.09";"41";"407";"9.8";"CLP";"2026-02-16"
"Sudáfrica";"Johannesburgo";"Excursión a Soweto + Museo del Apartheid";"https://www.civitatis.com/es/johannesburgo/excursion-soweto-museo-apartheid/";"Lanzate Tours";"carlos.cordeiro@lanzatetours.com";"27725632037";"Lanzate Tours CC | 2 Gloucester Avenue, Sandringham, Johannesburgo, Sudáfrica";"";"138323.91";"5";"51";"9.6";"CLP";"2026-02-16"
"Sudáfrica";"Johannesburgo";"Tour en bicicleta por Soweto";"https://www.civitatis.com/es/johannesburgo/tour-bicicleta-soweto/";"One Day Africa";"Onedayafrica@outlook.com";"+27 721075380";"ONE DAY TRAVELS (PTY) LTD | 13 Wandel Street, Ciudad del Cabo, Sudáfrica";"";"35265.71";"10";"60";"9.4";"CLP";"2026-02-16"
"Sudáfrica";"Johannesburgo";"Tour por Johannesburgo y Soweto + Museo Héctor Pieterson";"https://www.civitatis.com/es/johannesburgo/tour-johannesburgo-soweto/";"Lanzate Tours";"carlos.cordeiro@lanzatetours.com";"27725632037";"Lanzate Tours CC | 2 Gloucester Avenue, Sandringham, Johannesburgo, Sudáfrica";"";"131953.73";"60";"551";"9.6";"CLP";"2026-02-16"
"Sudáfrica";"Johannesburgo";"Excursión a Pretoria";"https://www.civitatis.com/es/johannesburgo/excursion-pretoria/";"Lanzate Tours";"carlos.cordeiro@lanzatetours.com";"27725632037";"Lanzate Tours CC | 2 Gloucester Avenue, Sandringham, Johannesburgo, Sudáfrica";"";"153794.35";"11";"183";"10.0";"CLP";"2026-02-16"
"Sudáfrica";"Johannesburgo";"Traslados en Johannesburgo";"https://www.civitatis.com/es/johannesburgo/traslados/";"No especificado / Único";"N/A";"N/A";"N/A";"";"45688.37";"34";"803";"7.1";"CLP";"2026-02-16"
"Sudáfrica";"Johannesburgo";"Tour del arte urbano por Johannesburgo";"https://www.civitatis.com/es/johannesburgo/tour-arte-urbano-johannesburgo/";"One Day Africa";"Onedayafrica@outlook.com";"+27 721075380";"ONE DAY TRAVELS (PTY) LTD | 13 Wandel Street, Ciudad del Cabo, Sudáfrica";"";"24414.72";"6";"39";"9.7";"CLP";"2026-02-16"
"Sudáfrica";"Johannesburgo";"Autobús turístico de Johannesburgo";"https://www.civitatis.com/es/johannesburgo/autobus-turistico-johannesburgo/";"City Sightseeing Gbp";"bookings@city-sightseeing.com";"+44 0 1789 299123";"City Sightseeing Ltd | Suite 8 Floor 3 Grosvenor House Redditch, Worcestershire, Reino Unido";"";"19863.72";"8";"156";"8.7";"CLP";"2026-02-16"
"Sudáfrica";"Johannesburgo";"Excursión al Parque Cultural Lesedi";"https://www.civitatis.com/es/johannesburgo/excursion-parque-cultural-lesedi/";"Lanzate Tours";"carlos.cordeiro@lanzatetours.com";"27725632037";"Lanzate Tours CC | 2 Gloucester Avenue, Sandringham, Johannesburgo, Sudáfrica";"";"181095.12";"8";"124";"9.3";"CLP";"2026-02-16"
"Sudáfrica";"Johannesburgo";"Excursión al Lion Safari Park";"https://www.civitatis.com/es/johannesburgo/excursion-lion-safari-park/";"Phillipians 4 Four Travel And Tours";"info@phillipians4four.co.za";"0733077550";"Phillipians 4 4 Travel and Tour Transportation | 194 Derby Road Kensington Johannesburg, Johannesburgo, Sudáfrica";"";"102798.84";"5";"101";"8.0";"CLP";"2026-02-16"
"Sudáfrica";"Johannesburgo";"Lion Safari Park + Parque Cultural Lesedi";"https://www.civitatis.com/es/johannesburgo/lion-safari-park-cultural-lesedi/";"Phillipians 4 Four Travel And Tours";"info@phillipians4four.co.za";"0733077550";"Phillipians 4 4 Travel and Tour Transportation | 194 Derby Road Kensington Johannesburg, Johannesburgo, Sudáfrica";"";"142776.17";"9";"76";"9.8";"CLP";"2026-02-16"
"Sudáfrica";"Johannesburgo";"Excursión a la mina de diamantes de Cullinan";"https://www.civitatis.com/es/johannesburgo/excursion-mina-diamantes-cullinan/";"Lanzate Tours";"carlos.cordeiro@lanzatetours.com";"27725632037";"Lanzate Tours CC | 2 Gloucester Avenue, Sandringham, Johannesburgo, Sudáfrica";"";"204755.79";"1";"8";"10.0";"CLP";"2026-02-16"
"Sudáfrica";"Johannesburgo";"Tour por Soweto";"https://www.civitatis.com/es/johannesburgo/tour-soweto/";"One Day Africa";"Onedayafrica@outlook.com";"+27 721075380";"ONE DAY TRAVELS (PTY) LTD | 13 Wandel Street, Ciudad del Cabo, Sudáfrica";"";"39977.32";"1";"3";"10.0";"CLP";"2026-02-16"
"Sudáfrica";"Johannesburgo";"Safari de 3 días por el Parque Nacional Kruger";"https://www.civitatis.com/es/johannesburgo/safari-3-dias-parque-kruger/";"Kurt Safari Pty Ltd";"online@kurtsafari.com";"+27 637185590";"Kurt safari Pty ltd | 68 korhaan street, Hazyview, Sudáfrica";"";"790980.01";"6";"88";"9.3";"CLP";"2026-02-16"
"Sudáfrica";"Johannesburgo";"Excursión a las cuevas de Sterkfontein";"https://www.civitatis.com/es/johannesburgo/excursion-cuevas-sterkfontein/";"Lanzate Tours";"carlos.cordeiro@lanzatetours.com";"27725632037";"Lanzate Tours CC | 2 Gloucester Avenue, Sandringham, Johannesburgo, Sudáfrica";"";"109203.08";"3";"22";"10.0";"CLP";"2026-02-16"
"Sudáfrica";"Johannesburgo";"Safari de 4 días por el Parque Nacional Kruger";"https://www.civitatis.com/es/johannesburgo/safari-4-dias-parque-kruger/";"Kurt Safari Pty Ltd";"online@kurtsafari.com";"+27 637185590";"Kurt safari Pty ltd | 68 korhaan street, Hazyview, Sudáfrica";"";"1078816.78";"1";"10";"8.0";"CLP";"2026-02-16"
"Sudáfrica";"Johannesburgo";"Safari de 5 días por el Parque Nacional Kruger";"https://www.civitatis.com/es/johannesburgo/safari-5-dias-parque-kruger/";"Kurt Safari Pty Ltd";"online@kurtsafari.com";"+27 637185590";"Kurt safari Pty ltd | 68 korhaan street, Hazyview, Sudáfrica";"";"1328389.53";"1";"16";"10.0";"CLP";"2026-02-16"
"Sudáfrica";"Plettenberg Bay";"Avistamiento de leones marinos en Plettenberg Bay";"https://www.civitatis.com/es/plettenberg-bay/avistamiento-leones-marinos-plettenberg-bay/";"Offshore Adventures";"info@offshoreadventures.co.za";"+27 0 82 829 0809";"Free Diving Marine Safaris CC | Central Beach Car Park Hopwood Street Plettenberg Bay, Ciudad del Cabo, Sudáfrica";"";"33980.72";"0";"14";"0.0";"CLP";"2026-02-16"
"Sudáfrica";"Plettenberg Bay";"Nado con leones marinos en Plettenberg Bay";"https://www.civitatis.com/es/plettenberg-bay/nado-leones-marinos-plettenberg-bay/";"Offshore Adventures";"info@offshoreadventures.co.za";"+27 0 82 829 0809";"Free Diving Marine Safaris CC | Central Beach Car Park Hopwood Street Plettenberg Bay, Ciudad del Cabo, Sudáfrica";"";"56824.91";"0";"25";"0.0";"CLP";"2026-02-16"
"Sudáfrica";"Puerto Elizabeth";"Traslados en Puerto Elizabeth";"https://www.civitatis.com/es/puerto-elizabeth/traslados/";"No especificado / Único";"N/A";"N/A";"N/A";"";"55068.87";"0";"8";"0.0";"CLP";"2026-02-16"
"Sudáfrica";"Colchester";"Safari por el Parque Nacional Addo Elephant";"https://www.civitatis.com/es/colchester/safari-parque-addo-elephant/";"Sundays River Adventures";"book@sundaze.co.za";"0414922355";"Sundays River Adventures | A Taste of Africa, Cnr of Darling & Jetty Street, Colchester, Sudáfrica";"";"122787.51";"0";"3";"0.0";"CLP";"2026-02-16"
"Sudáfrica";"Colchester";"Tour en kayak por el río Sundays";"https://www.civitatis.com/es/colchester/tour-kayak-rio-sundays/";"Sundays River Adventures";"book@sundaze.co.za";"0414922355";"Sundays River Adventures | A Taste of Africa, Cnr of Darling & Jetty Street, Colchester, Sudáfrica";"";"19988.66";"0";"0";"0.0";"CLP";"2026-02-16"
"Sudáfrica";"Colchester";"Sandboarding en las dunas de Alexandria + Paseo en barco";"https://www.civitatis.com/es/colchester/sandboarding-dunas-alexandria-paseo-barco/";"Sundays River Adventures";"book@sundaze.co.za";"0414922355";"Sundays River Adventures | A Taste of Africa, Cnr of Darling & Jetty Street, Colchester, Sudáfrica";"";"28498.12";"0";"0";"0.0";"CLP";"2026-02-16"
"Sudáfrica";"Colchester";"Paseo en barco por el río Sundays";"https://www.civitatis.com/es/colchester/paseo-barco-rio-sundays/";"Sundays River Adventures";"book@sundaze.co.za";"0414922355";"Sundays River Adventures | A Taste of Africa, Cnr of Darling & Jetty Street, Colchester, Sudáfrica";"";"25642.6";"0";"2";"0.0";"CLP";"2026-02-16"
"Sudáfrica";"Simon's Town";"Snorkel en la Gran Selva Marina Africana";"https://www.civitatis.com/es/simon-s-town/snorkel-gran-selva-marina-africana/";"Apex Shark Expeditions";"bookings@apexsharkexpeditions.com";"+27790518558";"APEX SHARK EXPEDITIONS (PTY) LTD | 14 Thibault Walk Marina Da Gama 7945, Ciudad del Cabo, Sudáfrica";"";"131354.08";"0";"0";"0.0";"CLP";"2026-02-16"
"Sudáfrica";"Simon's Town";"Baño con tiburones en False Bay";"https://www.civitatis.com/es/simon-s-town/bano-tiburones-false-bay/";"Apex Shark Expeditions";"bookings@apexsharkexpeditions.com";"+27790518558";"APEX SHARK EXPEDITIONS (PTY) LTD | 14 Thibault Walk Marina Da Gama 7945, Ciudad del Cabo, Sudáfrica";"";"219589.75";"4";"299";"8.0";"CLP";"2026-02-16"
"Sudáfrica";"Stellenbosch";"Tour en patinete todoterreno por Stellenbosch";"https://www.civitatis.com/es/stellenbosch/tour-patinete-todoterreno-stellenbosch/";"Scootours Cpe Town Pty Ltd";"scootours.capetown@gmail.com";"0794902389";"Scootours CAPE TOWN (PTY) LTD | 16 Reyger Road, Simonswyk, Stellenbosch, Sudáfrica";"";"19988.66";"0";"0";"0.0";"CLP";"2026-02-16"
"Sudáfrica";"Stellenbosch";"Trekking por Jonkershoek";"https://www.civitatis.com/es/stellenbosch/trekking-jonkershoek/";"Cape Mountain Guides";"capemountainguides@gmail.com";"+27 73 754 5465";"CAPE MOUNTAIN GUIDES (PTY) LTD | 16 Reyger Street, Ciudad del Cabo, Sudáfrica";"";"79954.65";"0";"0";"0.0";"CLP";"2026-02-16"
"Sudáfrica";"Ceres";"Tirolina en Ceres";"https://www.civitatis.com/es/ceres/tirolina-ceres/";"Ceres Zipline Adventures";"marketing@ceresadventures.co.za";"+27792450354";"CERES ZIPLINE ADVENTURES | 1 Voortrekker Street, Ceres, Sudáfrica";"";"28555.23";"0";"0";"0.0";"CLP";"2026-02-16"
"Sudáfrica";"Oudtshoorn";"Observación de estrellas en Oudtshoorn";"https://www.civitatis.com/es/oudtshoorn/observacion-estrellas-oudtshoorn/";"True South Travel";"info@truesouthtravel.co.za";"+27824618253";"True South Travel Bk | PO BOX 1312, Oudtshoorn, Sudáfrica";"";"65677.04";"0";"0";"0.0";"CLP";"2026-02-16"
"Sudáfrica";"Oudtshoorn";"Senderismo nocturno por Oudtshoorn + Avistamiento de escorpiones";"https://www.civitatis.com/es/oudtshoorn/senderismo-nocturno-oudtshoorn/";"A 2 Zebra Adventures";"lynette@a2zebraadventures.com";"0829269648";"LYNETTE BOSHOFF | 123 Jan van Riebeeck Road, Oudtshoorn, Sudáfrica";"";"54254.94";"1";"3";"10.0";"CLP";"2026-02-16"
"Sudáfrica";"Oudtshoorn";"Avistamiento de aves en Oudtshoorn";"https://www.civitatis.com/es/oudtshoorn/avistamiento-aves-oudtshoorn/";"A 2 Zebra Adventures";"lynette@a2zebraadventures.com";"0829269648";"LYNETTE BOSHOFF | 123 Jan van Riebeeck Road, Oudtshoorn, Sudáfrica";"";"85665.7";"0";"0";"0.0";"CLP";"2026-02-16"
"Sudáfrica";"Knysna";"Avistamiento de ballenas en Knysna";"https://www.civitatis.com/es/knysna/avistamiento-ballenas-knysna/";"Ocean Odyssey & Springtide Charters Knysna";"marketing@oceanodyssey.co.za";"+27823552066";"KNYSNA SPRING TIDE CHARTERS CC | TH22 Long st, Thesen Harbour Town, Knysna, Knysna, Sudáfrica";"";"103941.05";"0";"8";"0.0";"CLP";"2026-02-16"
"Sudáfrica";"Knysna";"Crucero al atardecer con aperitivo";"https://www.civitatis.com/es/knysna/crucero-atardecer-aperitivo/";"Ocean Odyssey & Springtide Charters Knysna";"marketing@oceanodyssey.co.za";"+27823552066";"KNYSNA SPRING TIDE CHARTERS CC | TH22 Long st, Thesen Harbour Town, Knysna, Knysna, Sudáfrica";"";"114220.94";"0";"4";"0.0";"CLP";"2026-02-16"
"Sudáfrica";"Knysna";"Avistamiento de delfines en Knysna";"https://www.civitatis.com/es/knysna/avistamiento-delfines-knysna/";"Ocean Odyssey & Springtide Charters Knysna";"marketing@oceanodyssey.co.za";"+27823552066";"KNYSNA SPRING TIDE CHARTERS CC | TH22 Long st, Thesen Harbour Town, Knysna, Knysna, Sudáfrica";"";"81667.97";"0";"0";"0.0";"CLP";"2026-02-16"
"Sudáfrica";"Knysna";"Paseo en velero con aperitivo por Knysna";"https://www.civitatis.com/es/knysna/paseo-velero-aperitivo-knysna/";"Ocean Odyssey & Springtide Charters Knysna";"marketing@oceanodyssey.co.za";"+27823552066";"KNYSNA SPRING TIDE CHARTERS CC | TH22 Long st, Thesen Harbour Town, Knysna, Knysna, Sudáfrica";"";"131925.18";"0";"0";"0.0";"CLP";"2026-02-16"
